timestamp,order_id,symbol,entity_name,side,quantity,price,strategy,outcome,reason,market,session_phase,equity,cash,day_pnl_pct,execution_mode
2026-07-31T13:30:10+00:00,96214cc6f12c44638ff76802405ff5c2,CSCO,,buy,109.27109205384284,115.15,swing,proposed,awaiting sign-off,,,,,,auto
2026-07-31T13:30:10+00:00,96214cc6f12c44638ff76802405ff5c2,CSCO,"Cisco Systems, Inc.",buy,109.27109205384284,115.15,swing,blocked,session phase 'Opening Volatility' is not eligible for unattended execution,US,Opening Volatility,100660.53,100660.53,0.0,auto
2026-07-31T13:30:11+00:00,0c620d25f8bc4800aaafe3a478745c2e,AMD,,buy,9.954157603369271,509.21,swing,proposed,awaiting sign-off,,,,,,auto
2026-07-31T13:30:12+00:00,0c620d25f8bc4800aaafe3a478745c2e,AMD,"Advanced Micro Devices, Inc.",buy,9.954157603369271,509.21,swing,blocked,session phase 'Opening Volatility' is not eligible for unattended execution,US,Opening Volatility,100660.53,100660.53,0.0,auto
2026-07-31T13:30:13+00:00,5e41f825ef684f48866034a9ae87a80b,PANW,,buy,28.263379277495027,330.295,swing,proposed,awaiting sign-off,,,,,,auto
2026-07-31T13:30:13+00:00,5e41f825ef684f48866034a9ae87a80b,PANW,"Palo Alto Networks, Inc.",buy,28.263379277495027,330.295,swing,blocked,session phase 'Opening Volatility' is not eligible for unattended execution,US,Opening Volatility,100660.53,100660.53,0.0,auto
2026-07-31T13:30:56+00:00,5eebf8f444a541939bea83a00123aa89,SPY,,buy,0.0,,swing,rejected,"Round-trip cost $18.23 is 13.8% of the $131.94 at risk, above the 10.0% limit - the trade is too small to carry its fees",,,,,,auto
2026-07-31T13:30:57+00:00,de9ccaab51344ca7b6815d34fc5efdd2,CVS,,buy,47.7064123222749,105.5,swing,proposed,awaiting sign-off,,,,,,auto
2026-07-31T13:30:57+00:00,de9ccaab51344ca7b6815d34fc5efdd2,CVS,CVS Health Corporation,buy,47.7064123222749,105.5,swing,blocked,session phase 'Opening Volatility' is not eligible for unattended execution,US,Opening Volatility,100660.53,100660.53,0.0,auto
2026-07-31T13:30:58+00:00,cf3d66eda6244feba898ffd7f81103db,MU,,buy,1.948324437915839,916.42,swing,proposed,awaiting sign-off,,,,,,auto
2026-07-31T13:30:58+00:00,cf3d66eda6244feba898ffd7f81103db,MU,"Micron Technology, Inc.",buy,1.948324437915839,916.42,swing,blocked,session phase 'Opening Volatility' is not eligible for unattended execution,US,Opening Volatility,100660.53,100660.53,0.0,auto
2026-07-31T13:31:11+00:00,7036d32d4e4245259e8bc5c61a66857e,SPY,,buy,0.0,,swing,rejected,"Round-trip cost $18.23 is 13.8% of the $131.99 at risk, above the 10.0% limit - the trade is too small to carry its fees",,,,,,auto
2026-07-31T13:31:12+00:00,406e5b5fa4954277870097e0f17441d9,WFC,,buy,58.52016161851058,86.005,swing,proposed,awaiting sign-off,,,,,,auto
2026-07-31T13:31:12+00:00,406e5b5fa4954277870097e0f17441d9,WFC,Wells Fargo & Company,buy,58.52016161851058,86.005,swing,blocked,session phase 'Opening Volatility' is not eligible for unattended execution,US,Opening Volatility,100660.53,100660.53,0.0,auto
2026-07-31T13:32:11+00:00,4752ee3848194a9cae13ef71cf444151,SPY,,buy,0.0,,swing,rejected,"Round-trip cost $18.23 is 13.8% of the $132.54 at risk, above the 10.0% limit - the trade is too small to carry its fees",,,,,,auto
2026-07-31T13:32:12+00:00,6c4a66117efe43099ca857453e663e70,CRWD,,buy,17.245752204673217,188.45,swing,proposed,awaiting sign-off,,,,,,auto
2026-07-31T13:32:12+00:00,6c4a66117efe43099ca857453e663e70,CRWD,"CrowdStrike Holdings, Inc.",buy,17.245752204673217,188.45,swing,blocked,session phase 'Opening Volatility' is not eligible for unattended execution,US,Opening Volatility,100660.53,100660.53,0.0,auto
2026-07-31T13:33:11+00:00,e88ce40fe77243e39aafbe6eb8794562,C,,buy,37.46344486210876,134.345,swing,proposed,awaiting sign-off,,,,,,auto
2026-07-31T13:33:11+00:00,e88ce40fe77243e39aafbe6eb8794562,C,Citigroup Inc.,buy,37.46344486210876,134.345,swing,blocked,session phase 'Opening Volatility' is not eligible for unattended execution,US,Opening Volatility,100660.53,100660.53,0.0,auto
2026-07-31T13:33:12+00:00,c660b26b171f4cf5b0ff2e644cf9f993,SPY,,buy,0.0,,swing,rejected,"Round-trip cost $18.23 is 13.7% of the $132.90 at risk, above the 10.0% limit - the trade is too small to carry its fees",,,,,,auto
2026-07-31T13:34:11+00:00,f9263928d909452eadb9d56ec623be35,SPY,,buy,0.0,,swing,rejected,"Round-trip cost $18.23 is 13.7% of the $132.92 at risk, above the 10.0% limit - the trade is too small to carry its fees",,,,,,auto
2026-07-31T13:35:11+00:00,8cb7861db3e249fda221b22fb7403f64,SPY,,buy,0.0,,swing,rejected,"Round-trip cost $18.23 is 13.7% of the $133.08 at risk, above the 10.0% limit - the trade is too small to carry its fees",,,,,,auto
2026-07-31T13:36:12+00:00,5381e47d3158474c93b037d82a18a65a,SPY,,buy,0.0,,swing,rejected,"Round-trip cost $18.23 is 13.7% of the $133.09 at risk, above the 10.0% limit - the trade is too small to carry its fees",,,,,,auto
2026-07-31T13:37:12+00:00,575e570b20c54a2dbfb815fd9fc35cb3,SPY,,buy,0.0,,swing,rejected,"Round-trip cost $18.23 is 13.7% of the $133.11 at risk, above the 10.0% limit - the trade is too small to carry its fees",,,,,,auto
2026-07-31T13:38:12+00:00,97625984067243bb9cf1f85d018430cb,SPY,,buy,0.0,,swing,rejected,"Round-trip cost $18.23 is 13.7% of the $133.19 at risk, above the 10.0% limit - the trade is too small to carry its fees",,,,,,auto
2026-07-31T13:39:12+00:00,040a79853495478ba1d1611ea59ba941,SPY,,buy,0.0,,swing,rejected,"Round-trip cost $18.23 is 13.7% of the $133.30 at risk, above the 10.0% limit - the trade is too small to carry its fees",,,,,,auto
2026-07-31T13:40:13+00:00,92e0bf0f36ee45b09609f2d3303e90e6,SPY,,buy,0.0,,swing,rejected,"Round-trip cost $18.23 is 13.7% of the $133.46 at risk, above the 10.0% limit - the trade is too small to carry its fees",,,,,,auto
2026-07-31T13:41:14+00:00,b315504a04b44d3db20578a4eccc520e,SPY,,buy,0.0,,swing,rejected,"Round-trip cost $18.23 is 13.7% of the $133.46 at risk, above the 10.0% limit - the trade is too small to carry its fees",,,,,,auto
2026-07-31T13:42:13+00:00,16e3cbf7b67b45888f1c5994b2efd00f,SPY,,buy,0.0,,swing,rejected,"Round-trip cost $18.23 is 13.7% of the $133.54 at risk, above the 10.0% limit - the trade is too small to carry its fees",,,,,,auto
2026-07-31T13:43:13+00:00,b3f99e7912684161bc15697059810bd5,SPY,,buy,0.0,,swing,rejected,"Round-trip cost $18.23 is 13.6% of the $133.60 at risk, above the 10.0% limit - the trade is too small to carry its fees",,,,,,auto
2026-07-31T13:44:14+00:00,a6e6a52b12d04016b8f210d0c3c75497,SPY,,buy,0.0,,swing,rejected,"Round-trip cost $18.23 is 13.7% of the $133.52 at risk, above the 10.0% limit - the trade is too small to carry its fees",,,,,,auto
2026-07-31T13:45:14+00:00,15413bbf999d4fa9a70c2197dbe1dd22,SPY,,buy,0.0,,swing,rejected,"Round-trip cost $18.23 is 13.6% of the $133.61 at risk, above the 10.0% limit - the trade is too small to carry its fees",,,,,,auto
2026-07-31T13:46:14+00:00,6d59f51b70e04ad382a63c04ba0ea018,SPY,,buy,0.0,,swing,rejected,"Round-trip cost $18.23 is 13.6% of the $133.71 at risk, above the 10.0% limit - the trade is too small to carry its fees",,,,,,auto
2026-07-31T13:47:14+00:00,be0ffd3bcf1540e1af20209edfd953cd,SPY,,buy,0.0,,swing,rejected,"Round-trip cost $18.23 is 13.6% of the $133.64 at risk, above the 10.0% limit - the trade is too small to carry its fees",,,,,,auto
2026-07-31T13:52:15+00:00,3971cc8d8c84485db0c66d79fc66ff8d,SPY,,buy,0.0,,swing,rejected,"Round-trip cost $18.23 is 13.6% of the $133.72 at risk, above the 10.0% limit - the trade is too small to carry its fees",,,,,,auto
2026-07-31T13:56:57+00:00,6c4a66117efe43099ca857453e663e70,CRWD,operator (blotter),buy,17.245752204673217,188.45,swing,rejected_by_operator,rejected via blotter,,,,,,auto
2026-07-31T13:56:57+00:00,de9ccaab51344ca7b6815d34fc5efdd2,CVS,operator (blotter),buy,47.7064123222749,105.5,swing,rejected_by_operator,rejected via blotter,,,,,,auto
2026-07-31T13:56:57+00:00,96214cc6f12c44638ff76802405ff5c2,CSCO,operator (blotter),buy,109.27109205384284,115.15,swing,rejected_by_operator,rejected via blotter,,,,,,auto
2026-07-31T13:56:57+00:00,406e5b5fa4954277870097e0f17441d9,WFC,operator (blotter),buy,58.52016161851058,86.005,swing,rejected_by_operator,rejected via blotter,,,,,,auto
2026-07-31T13:56:57+00:00,e88ce40fe77243e39aafbe6eb8794562,C,operator (blotter),buy,37.46344486210876,134.345,swing,rejected_by_operator,rejected via blotter,,,,,,auto
2026-07-31T13:56:57+00:00,0c620d25f8bc4800aaafe3a478745c2e,AMD,operator (blotter),buy,9.954157603369271,509.21,swing,rejected_by_operator,rejected via blotter,,,,,,auto
2026-07-31T13:56:57+00:00,5e41f825ef684f48866034a9ae87a80b,PANW,operator (blotter),buy,28.263379277495027,330.295,swing,rejected_by_operator,rejected via blotter,,,,,,auto
2026-07-31T13:56:57+00:00,cf3d66eda6244feba898ffd7f81103db,MU,operator (blotter),buy,1.948324437915839,916.42,swing,rejected_by_operator,rejected via blotter,,,,,,auto
2026-07-31T13:57:16+00:00,717b4c1a2540450d92f660f221d9aad8,PANW,,buy,11.240258584247258,330.23,swing,proposed,awaiting sign-off,,,,,,auto
2026-07-31T13:57:16+00:00,717b4c1a2540450d92f660f221d9aad8,PANW,"Palo Alto Networks, Inc.",buy,11.240258584247258,330.23,swing,blocked,session phase 'Opening Volatility' is not eligible for unattended execution,US,Opening Volatility,100660.53,100660.53,0.0,auto
2026-07-31T13:57:17+00:00,b97e4c47d06e412da4dfd14b43fbb281,SPY,,buy,0.0,,swing,rejected,"Round-trip cost $18.23 is 13.6% of the $133.69 at risk, above the 10.0% limit - the trade is too small to carry its fees",,,,,,auto
2026-07-31T13:57:18+00:00,8637f93235d649e1a7d70c94201a3b60,CSCO,,buy,43.693258963451704,115.19,swing,proposed,awaiting sign-off,,,,,,auto
2026-07-31T13:57:18+00:00,8637f93235d649e1a7d70c94201a3b60,CSCO,"Cisco Systems, Inc.",buy,43.693258963451704,115.19,swing,blocked,session phase 'Opening Volatility' is not eligible for unattended execution,US,Opening Volatility,100660.53,100660.53,0.0,auto
2026-07-31T13:57:19+00:00,2f94e7f7d466466fadf597272f5eef2a,CRWD,,buy,16.920910074668857,189.01,swing,proposed,awaiting sign-off,,,,,,auto
2026-07-31T13:57:20+00:00,2f94e7f7d466466fadf597272f5eef2a,CRWD,"CrowdStrike Holdings, Inc.",buy,16.920910074668857,189.01,swing,blocked,session phase 'Opening Volatility' is not eligible for unattended execution,US,Opening Volatility,100660.53,100660.53,0.0,auto
2026-07-31T14:04:11+00:00,717b4c1a2540450d92f660f221d9aad8,PANW,operator (blotter),buy,11.240258584247258,330.23,swing,rejected_by_operator,rejected via blotter,,,,,,auto
2026-07-31T14:04:11+00:00,8637f93235d649e1a7d70c94201a3b60,CSCO,operator (blotter),buy,43.693258963451704,115.19,swing,rejected_by_operator,rejected via blotter,,,,,,auto
2026-07-31T14:04:11+00:00,2f94e7f7d466466fadf597272f5eef2a,CRWD,operator (blotter),buy,16.920910074668857,189.01,swing,rejected_by_operator,rejected via blotter,,,,,,auto
2026-07-31T14:04:18+00:00,ed8b2ab7e4394fda85fd2b1046f62418,CSCO,,buy,43.77877180011309,114.965,swing,proposed,awaiting sign-off,,,,,,auto
2026-07-31T14:04:19+00:00,ed8b2ab7e4394fda85fd2b1046f62418,CSCO,"Cisco Systems, Inc.",buy,43.77877180011309,,swing,blocked,evaluation raised - left pending for human sign-off,,,,,,auto
2026-07-31T14:04:20+00:00,f5fd9e7d49f94b72b272cc14d8f37943,PANW,,buy,11.240258584247258,327.35,swing,proposed,awaiting sign-off,,,,,,auto
2026-07-31T14:04:20+00:00,f5fd9e7d49f94b72b272cc14d8f37943,PANW,"Palo Alto Networks, Inc.",buy,11.240258584247258,,swing,blocked,evaluation raised - left pending for human sign-off,,,,,,auto
2026-07-31T14:04:21+00:00,6c4f8a0380d046a08400d72d90461bb7,CRWD,,buy,16.920910074668857,187.32,swing,proposed,awaiting sign-off,,,,,,auto
2026-07-31T14:04:22+00:00,6c4f8a0380d046a08400d72d90461bb7,CRWD,"CrowdStrike Holdings, Inc.",buy,16.920910074668857,,swing,blocked,evaluation raised - left pending for human sign-off,,,,,,auto
2026-07-31T14:05:18+00:00,bebb2d2d30194ee99f1b2a2bb42d2cae,CSCO,,buy,43.83787562059055,114.81,swing,proposed,awaiting sign-off,,,,,,auto
2026-07-31T14:05:19+00:00,bebb2d2d30194ee99f1b2a2bb42d2cae,CSCO,"Cisco Systems, Inc.",buy,43.83787562059055,,swing,blocked,evaluation raised - left pending for human sign-off,,,,,,auto
2026-07-31T14:06:18+00:00,530a7f43b5594f109a8a3a08f425c053,CSCO,,buy,43.80925708317014,114.885,swing,proposed,awaiting sign-off,,,,,,auto
2026-07-31T14:06:19+00:00,530a7f43b5594f109a8a3a08f425c053,CSCO,"Cisco Systems, Inc.",buy,43.80925708317014,,swing,blocked,evaluation raised - left pending for human sign-off,,,,,,auto
2026-07-31T14:06:20+00:00,a061c56195be4f07a9d7a219e566a9c7,PANW,,buy,11.240258584247258,326.83,swing,proposed,awaiting sign-off,,,,,,auto
2026-07-31T14:06:21+00:00,a061c56195be4f07a9d7a219e566a9c7,PANW,"Palo Alto Networks, Inc.",buy,11.240258584247258,,swing,blocked,evaluation raised - left pending for human sign-off,,,,,,auto
2026-07-31T14:07:19+00:00,0f19463584db4b55b807777c8259c7d6,CSCO,,buy,43.91629073775142,114.605,swing,proposed,awaiting sign-off,,,,,,auto
2026-07-31T14:07:19+00:00,0f19463584db4b55b807777c8259c7d6,CSCO,"Cisco Systems, Inc.",buy,43.91629073775142,,swing,blocked,evaluation raised - left pending for human sign-off,,,,,,auto
2026-07-31T14:08:19+00:00,bb2c14f156e044bba3ef2f35af1bb101,CSCO,,buy,43.891397052411286,114.67,swing,proposed,awaiting sign-off,,,,,,auto
2026-07-31T14:08:19+00:00,bb2c14f156e044bba3ef2f35af1bb101,CSCO,"Cisco Systems, Inc.",buy,43.891397052411286,,swing,blocked,evaluation raised - left pending for human sign-off,,,,,,auto
2026-07-31T14:09:19+00:00,16eadb022312416a9d5e3e3a65abf825,CSCO,,buy,44.00267966427699,114.38,swing,proposed,awaiting sign-off,,,,,,auto
2026-07-31T14:09:20+00:00,16eadb022312416a9d5e3e3a65abf825,CSCO,"Cisco Systems, Inc.",buy,44.00267966427699,,swing,blocked,evaluation raised - left pending for human sign-off,,,,,,auto
2026-07-31T14:10:20+00:00,4c399559a7254a42a63234756bd21651,CSCO,,buy,44.05274835886216,114.25,swing,proposed,awaiting sign-off,,,,,,auto
2026-07-31T14:10:20+00:00,4c399559a7254a42a63234756bd21651,CSCO,"Cisco Systems, Inc.",buy,44.05274835886216,,swing,blocked,evaluation raised - left pending for human sign-off,,,,,,auto
2026-07-31T14:11:20+00:00,a4e0579a06414b1c8f1f4bdf82496c3a,CSCO,,buy,43.971924689848,114.46,swing,proposed,awaiting sign-off,,,,,,auto
2026-07-31T14:11:21+00:00,a4e0579a06414b1c8f1f4bdf82496c3a,CSCO,"Cisco Systems, Inc.",buy,43.971924689848,,swing,blocked,evaluation raised - left pending for human sign-off,,,,,,auto
2026-07-31T14:12:20+00:00,97f0090778e14c3aa934e84b3e0fd77d,CSCO,,buy,44.0007562180356,114.385,swing,proposed,awaiting sign-off,,,,,,auto
2026-07-31T14:12:20+00:00,97f0090778e14c3aa934e84b3e0fd77d,CSCO,"Cisco Systems, Inc.",buy,44.0007562180356,,swing,blocked,evaluation raised - left pending for human sign-off,,,,,,auto
2026-07-31T14:13:20+00:00,1c6d638e58204f34b77956125cd33ae9,CSCO,,buy,44.02962557956436,114.31,swing,proposed,awaiting sign-off,,,,,,auto
2026-07-31T14:13:21+00:00,1c6d638e58204f34b77956125cd33ae9,CSCO,"Cisco Systems, Inc.",buy,44.02962557956436,,swing,blocked,evaluation raised - left pending for human sign-off,,,,,,auto
2026-07-31T14:14:20+00:00,35b12feddce149b1975292006ff5ce80,CSCO,,buy,44.05660451680674,114.24,swing,proposed,awaiting sign-off,,,,,,auto
2026-07-31T14:14:21+00:00,35b12feddce149b1975292006ff5ce80,CSCO,"Cisco Systems, Inc.",buy,44.05660451680674,,swing,blocked,evaluation raised - left pending for human sign-off,,,,,,auto
2026-07-31T14:19:17+00:00,0f0f7572b01a4de1b05c5f6d19a989af,CSCO,,buy,44.0,114.38,swing,proposed,awaiting sign-off,,,,,,auto
2026-07-31T14:19:18+00:00,24e2f4db-49ff-484b-aa31-71dd01f5043f,CSCO,autonomous-executor,buy,44.0,114.38,swing,signed_off,transmitted to the broker,,,,,,auto
2026-07-31T14:19:18+00:00,24e2f4db-49ff-484b-aa31-71dd01f5043f,CSCO,"Cisco Systems, Inc.",buy,44.0,114.38,swing,auto_signed,all autonomy preconditions met,US,Morning Trend,100660.53,100660.53,0.0,auto
2026-07-31T14:28:12+00:00,31ac77f18883494b8dd2c28299acebf4,UNP,,buy,17.0,290.645,swing,proposed,awaiting sign-off,,,,,,auto
2026-07-31T14:28:13+00:00,d44a53c6-8a56-4d1b-8098-eea7c56b9a71,UNP,autonomous-executor,buy,17.0,290.645,swing,signed_off,transmitted to the broker,,,,,,auto
2026-07-31T14:28:13+00:00,d44a53c6-8a56-4d1b-8098-eea7c56b9a71,UNP,Union Pacific Corporation,buy,17.0,290.645,swing,auto_signed,all autonomy preconditions met,US,Morning Trend,100656.35,95627.37,-4.152571022617321e-05,auto
2026-07-31T14:52:17+00:00,1912de61a6ba4cc2b4c117ab264bfa6d,SPY,,buy,0.0,,swing,rejected,"Round-trip cost $18.23 is 13.2% of the $138.62 at risk, above the 10.0% limit - the trade is too small to carry its fees",,,,,,auto
2026-07-31T14:53:17+00:00,dce84460a0704698b62605e1e9a468ab,SPY,,buy,0.0,,swing,rejected,"Round-trip cost $18.23 is 13.2% of the $138.58 at risk, above the 10.0% limit - the trade is too small to carry its fees",,,,,,auto
2026-07-31T14:54:18+00:00,b5e1302fbd214736a5dbd9234092bf56,SPY,,buy,0.0,,swing,rejected,"Round-trip cost $18.23 is 13.2% of the $138.62 at risk, above the 10.0% limit - the trade is too small to carry its fees",,,,,,auto
2026-07-31T14:57:18+00:00,c3dabddb713d4a67aa6bb145e53b5a28,WFC,,buy,58.0,85.94,swing,proposed,awaiting sign-off,,,,,,auto
2026-07-31T14:57:19+00:00,679fc68a-e96e-4c43-8709-e7379d8eb178,WFC,autonomous-executor,buy,58.0,85.94,swing,signed_off,transmitted to the broker,,,,,,auto
2026-07-31T14:57:19+00:00,679fc68a-e96e-4c43-8709-e7379d8eb178,WFC,Wells Fargo & Company,buy,58.0,85.94,swing,auto_signed,all autonomy preconditions met,US,Morning Trend,100661.89,90685.98,1.3510757394189977e-05,auto
2026-07-31T15:05:20+00:00,93c9f3467e0446ed86fbebc86bfb141a,SPY,,buy,0.0,,swing,rejected,"Round-trip cost $18.23 is 13.2% of the $138.59 at risk, above the 10.0% limit - the trade is too small to carry its fees",,,,,,auto
2026-07-31T15:05:21+00:00,29bc58c22684450f81c7477313d759c1,CRWD,,buy,16.0,187.28,swing,proposed,awaiting sign-off,,,,,,auto
2026-07-31T15:05:22+00:00,bfda075a-73d7-47d8-8060-11c3b62f0229,CRWD,autonomous-executor,buy,16.0,187.28,swing,signed_off,transmitted to the broker,,,,,,auto
2026-07-31T15:05:22+00:00,bfda075a-73d7-47d8-8060-11c3b62f0229,CRWD,"CrowdStrike Holdings, Inc.",buy,16.0,187.28,swing,auto_signed,all autonomy preconditions met,US,Morning Trend,100662.33,85700.88,1.7881884786449172e-05,auto
2026-07-31T15:08:20+00:00,befa7e80d1af49a99148ddb467aece97,JNJ,,buy,19.0,256.43,swing,proposed,awaiting sign-off,,,,,,auto
2026-07-31T15:08:21+00:00,4910425a-00a8-43b3-9101-e88b477315df,JNJ,autonomous-executor,buy,19.0,256.43,swing,signed_off,transmitted to the broker,,,,,,auto
2026-07-31T15:08:21+00:00,4910425a-00a8-43b3-9101-e88b477315df,JNJ,Johnson & Johnson,buy,19.0,256.43,swing,auto_signed,all autonomy preconditions met,US,Morning Trend,100646.2,82702.48,-0.0001423596716607964,auto
2026-07-31T15:12:21+00:00,0d67b5fe6eb44fa692fd934a8e560ea4,CVS,,buy,47.0,105.475,swing,proposed,awaiting sign-off,,,,,,auto
2026-07-31T15:12:22+00:00,2e7bf461-8551-4cfa-b71e-68d992ab0d7e,CVS,autonomous-executor,buy,47.0,105.475,swing,signed_off,transmitted to the broker,,,,,,auto
2026-07-31T15:12:22+00:00,2e7bf461-8551-4cfa-b71e-68d992ab0d7e,CVS,CVS Health Corporation,buy,47.0,105.475,swing,auto_signed,all autonomy preconditions met,US,Morning Trend,100671.84,77828.98,0.0001123578427413175,auto
2026-07-31T15:39:28+00:00,3931658ff04748d18a8828727bf24f90,PANW,,buy,10.0,327.185,swing,proposed,awaiting sign-off,,,,,,auto
2026-07-31T15:39:28+00:00,3931658ff04748d18a8828727bf24f90,PANW,"Palo Alto Networks, Inc.",buy,10.0,327.185,swing,blocked,session phase 'Midday Lull' is not eligible for unattended execution,US,Midday Lull,100784.14,72870.95,0.0012279887658052325,auto
2026-07-31T15:54:32+00:00,91867b17d95b432d8cc52e9ece7a5d75,SPY,,buy,0.0,,swing,rejected,"Round-trip cost $18.24 is 13.1% of the $138.75 at risk, above the 10.0% limit - the trade is too small to carry its fees",,,,,,auto
2026-07-31T15:55:32+00:00,ce9d3c18f23e437c899ccce85d89c318,SPY,,buy,0.0,,swing,rejected,"Round-trip cost $18.24 is 13.1% of the $138.73 at risk, above the 10.0% limit - the trade is too small to carry its fees",,,,,,auto
2026-07-31T15:56:32+00:00,8accc6d5e64447578cb27d188582e1e4,SPY,,buy,0.0,,swing,rejected,"Round-trip cost $18.24 is 13.1% of the $138.74 at risk, above the 10.0% limit - the trade is too small to carry its fees",,,,,,auto
2026-07-31T15:57:32+00:00,e1387d8d117547b388423cc53859bb27,SPY,,buy,0.0,,swing,rejected,"Round-trip cost $18.24 is 13.1% of the $138.72 at risk, above the 10.0% limit - the trade is too small to carry its fees",,,,,,auto
2026-07-31T15:58:32+00:00,450281c79086454398d01a4e1034cf4d,SPY,,buy,0.0,,swing,rejected,"Round-trip cost $18.24 is 13.2% of the $138.67 at risk, above the 10.0% limit - the trade is too small to carry its fees",,,,,,auto
2026-07-31T15:59:33+00:00,a9f59ed08e444687a470e2a900cddf2b,SPY,,buy,0.0,,swing,rejected,"Round-trip cost $18.24 is 13.1% of the $138.75 at risk, above the 10.0% limit - the trade is too small to carry its fees",,,,,,auto
2026-07-31T16:00:33+00:00,7449c42736654e0c90b98ca27a79f9bf,SPY,,buy,0.0,,swing,rejected,"Round-trip cost $18.24 is 13.1% of the $138.73 at risk, above the 10.0% limit - the trade is too small to carry its fees",,,,,,auto
2026-07-31T16:01:33+00:00,a9f8a7f2647247f9b84a88e42f059b86,SPY,,buy,0.0,,swing,rejected,"Round-trip cost $18.24 is 13.2% of the $138.64 at risk, above the 10.0% limit - the trade is too small to carry its fees",,,,,,auto
2026-07-31T16:02:33+00:00,59ed48fba08d4a7bb7f4c2a942eb49ad,SPY,,buy,0.0,,swing,rejected,"Round-trip cost $18.24 is 13.2% of the $138.66 at risk, above the 10.0% limit - the trade is too small to carry its fees",,,,,,auto
2026-07-31T16:03:33+00:00,e7f80250f9b341068ddf5cc2188681b1,SPY,,buy,0.0,,swing,rejected,"Round-trip cost $18.24 is 13.2% of the $138.66 at risk, above the 10.0% limit - the trade is too small to carry its fees",,,,,,auto
2026-07-31T16:04:34+00:00,edb976094a9f4946ad2a38058a76a27e,SPY,,buy,0.0,,swing,rejected,"Round-trip cost $18.24 is 13.2% of the $138.64 at risk, above the 10.0% limit - the trade is too small to carry its fees",,,,,,auto
2026-07-31T16:05:34+00:00,269d6dde520044b2b8c6be6b19bb4908,SPY,,buy,0.0,,swing,rejected,"Round-trip cost $18.24 is 13.2% of the $138.64 at risk, above the 10.0% limit - the trade is too small to carry its fees",,,,,,auto
2026-07-31T16:06:34+00:00,b3dfe3e7a2df49279d7d93e1abd1af81,SPY,,buy,0.0,,swing,rejected,"Round-trip cost $18.24 is 13.1% of the $138.73 at risk, above the 10.0% limit - the trade is too small to carry its fees",,,,,,auto
2026-07-31T16:07:34+00:00,c642c5a94c084700b175e88994613bd0,SPY,,buy,0.0,,swing,rejected,"Round-trip cost $18.24 is 13.1% of the $138.75 at risk, above the 10.0% limit - the trade is too small to carry its fees",,,,,,auto
2026-07-31T16:08:35+00:00,da272d5154f54eabab7f5fe26130e85c,SPY,,buy,0.0,,swing,rejected,"Round-trip cost $18.24 is 13.1% of the $138.75 at risk, above the 10.0% limit - the trade is too small to carry its fees",,,,,,auto
2026-07-31T16:09:35+00:00,32540cbe43754d0e82e3d3ba9b73f7eb,SPY,,buy,0.0,,swing,rejected,"Round-trip cost $18.24 is 13.1% of the $138.72 at risk, above the 10.0% limit - the trade is too small to carry its fees",,,,,,auto
2026-07-31T16:10:35+00:00,15925ba9fa6240deb334f3b2ac07cc50,SPY,,buy,0.0,,swing,rejected,"Round-trip cost $18.24 is 13.2% of the $138.69 at risk, above the 10.0% limit - the trade is too small to carry its fees",,,,,,auto
2026-07-31T16:11:35+00:00,7243bb59abdf4f2dbd1c6d89a9668760,SPY,,buy,0.0,,swing,rejected,"Round-trip cost $18.24 is 13.2% of the $138.68 at risk, above the 10.0% limit - the trade is too small to carry its fees",,,,,,auto
2026-07-31T16:12:35+00:00,f8fae81af4b64543903683b84fd4592e,SPY,,buy,0.0,,swing,rejected,"Round-trip cost $18.24 is 13.2% of the $138.68 at risk, above the 10.0% limit - the trade is too small to carry its fees",,,,,,auto
2026-07-31T16:13:36+00:00,d9e15dc98aa0423891ddd7c7088ab0de,SPY,,buy,0.0,,swing,rejected,"Round-trip cost $18.24 is 13.2% of the $138.66 at risk, above the 10.0% limit - the trade is too small to carry its fees",,,,,,auto
2026-07-31T16:14:36+00:00,0af1c192290e4ca8ac830fe9df161cd9,SPY,,buy,0.0,,swing,rejected,"Round-trip cost $18.24 is 13.2% of the $138.64 at risk, above the 10.0% limit - the trade is too small to carry its fees",,,,,,auto
2026-07-31T16:15:36+00:00,5e52d073639b4b93a2d1060f3cdd417f,SPY,,buy,0.0,,swing,rejected,"Round-trip cost $18.24 is 13.2% of the $138.62 at risk, above the 10.0% limit - the trade is too small to carry its fees",,,,,,auto
2026-07-31T16:16:36+00:00,2f5639eb2b4e4931b80c9b65a6352710,SPY,,buy,0.0,,swing,rejected,"Round-trip cost $18.24 is 13.2% of the $138.69 at risk, above the 10.0% limit - the trade is too small to carry its fees",,,,,,auto
2026-07-31T16:17:36+00:00,02276a5a8bbb45ffaee279f1f9aeb9e1,SPY,,buy,0.0,,swing,rejected,"Round-trip cost $18.24 is 13.2% of the $138.67 at risk, above the 10.0% limit - the trade is too small to carry its fees",,,,,,auto
2026-07-31T16:18:37+00:00,1b056ab8bd094aea9007f97133929a22,SPY,,buy,0.0,,swing,rejected,"Round-trip cost $18.24 is 13.2% of the $138.68 at risk, above the 10.0% limit - the trade is too small to carry its fees",,,,,,auto
2026-07-31T16:19:37+00:00,26acc1be271b4c329fbb8493405e3c6b,SPY,,buy,0.0,,swing,rejected,"Round-trip cost $18.24 is 13.2% of the $138.69 at risk, above the 10.0% limit - the trade is too small to carry its fees",,,,,,auto
2026-07-31T16:20:37+00:00,5e330d452a1a414cbb7cc692b06bc45a,SPY,,buy,0.0,,swing,rejected,"Round-trip cost $18.24 is 13.2% of the $138.67 at risk, above the 10.0% limit - the trade is too small to carry its fees",,,,,,auto
2026-07-31T16:21:38+00:00,c0163119770a453c8b861ad86ee6c213,SPY,,buy,0.0,,swing,rejected,"Round-trip cost $18.24 is 13.2% of the $138.60 at risk, above the 10.0% limit - the trade is too small to carry its fees",,,,,,auto
2026-07-31T16:22:38+00:00,cb982f78beab443ea32bccae9e286d70,SPY,,buy,0.0,,swing,rejected,"Round-trip cost $18.24 is 13.2% of the $138.57 at risk, above the 10.0% limit - the trade is too small to carry its fees",,,,,,auto
2026-07-31T16:23:38+00:00,8111bc4d7a904c6bbc57ffbbe48632f6,SPY,,buy,0.0,,swing,rejected,"Round-trip cost $18.24 is 13.2% of the $138.56 at risk, above the 10.0% limit - the trade is too small to carry its fees",,,,,,auto
2026-07-31T16:24:38+00:00,2bcca9adc7eb40a890042c3d307677d2,SPY,,buy,0.0,,swing,rejected,"Round-trip cost $18.24 is 13.2% of the $138.47 at risk, above the 10.0% limit - the trade is too small to carry its fees",,,,,,auto
2026-07-31T16:25:39+00:00,64241e9d2570499797068d59f310ee33,SPY,,buy,0.0,,swing,rejected,"Round-trip cost $18.24 is 13.2% of the $138.54 at risk, above the 10.0% limit - the trade is too small to carry its fees",,,,,,auto
2026-07-31T16:26:39+00:00,db9f9e3a409641288511da36a0c5f511,SPY,,buy,0.0,,swing,rejected,"Round-trip cost $18.24 is 13.2% of the $138.56 at risk, above the 10.0% limit - the trade is too small to carry its fees",,,,,,auto
2026-07-31T16:27:39+00:00,a4ca338ded5c42c7a371a5b342f7c062,SPY,,buy,0.0,,swing,rejected,"Round-trip cost $18.24 is 13.2% of the $138.54 at risk, above the 10.0% limit - the trade is too small to carry its fees",,,,,,auto
2026-07-31T16:28:39+00:00,18de5d9ff83744e79188f02823793b10,SPY,,buy,0.0,,swing,rejected,"Round-trip cost $18.24 is 13.2% of the $138.56 at risk, above the 10.0% limit - the trade is too small to carry its fees",,,,,,auto
2026-07-31T16:29:40+00:00,3ad329da145e49e5957efdcc143b519d,SPY,,buy,0.0,,swing,rejected,"Round-trip cost $18.24 is 13.2% of the $138.49 at risk, above the 10.0% limit - the trade is too small to carry its fees",,,,,,auto
2026-07-31T16:30:40+00:00,83fb8341921c4b6593bd0ecc9015dac0,SPY,,buy,0.0,,swing,rejected,"Round-trip cost $18.24 is 13.2% of the $138.46 at risk, above the 10.0% limit - the trade is too small to carry its fees",,,,,,auto
2026-07-31T16:31:40+00:00,fcde7c7e4dd544699d4613beef0a7842,SPY,,buy,0.0,,swing,rejected,"Round-trip cost $18.24 is 13.2% of the $138.47 at risk, above the 10.0% limit - the trade is too small to carry its fees",,,,,,auto
2026-07-31T16:32:40+00:00,22e3e9d364e6457b928c12e35ff8a0dd,SPY,,buy,0.0,,swing,rejected,"Round-trip cost $18.24 is 13.2% of the $138.42 at risk, above the 10.0% limit - the trade is too small to carry its fees",,,,,,auto
2026-07-31T16:33:41+00:00,776a82dbfec44f0d9f80cdf0342c19f3,SPY,,buy,0.0,,swing,rejected,"Round-trip cost $18.24 is 13.2% of the $138.44 at risk, above the 10.0% limit - the trade is too small to carry its fees",,,,,,auto
2026-07-31T16:34:41+00:00,987560024fea4d24a386dced5b2d4a71,SPY,,buy,0.0,,swing,rejected,"Round-trip cost $18.24 is 13.2% of the $138.43 at risk, above the 10.0% limit - the trade is too small to carry its fees",,,,,,auto
2026-07-31T16:35:41+00:00,1cee321f97944677a8738254a842506b,SPY,,buy,0.0,,swing,rejected,"Round-trip cost $18.24 is 13.2% of the $138.40 at risk, above the 10.0% limit - the trade is too small to carry its fees",,,,,,auto
2026-07-31T16:36:41+00:00,daf0621dc12d451c9ae49d5eadc58e87,SPY,,buy,0.0,,swing,rejected,"Round-trip cost $18.24 is 13.2% of the $138.45 at risk, above the 10.0% limit - the trade is too small to carry its fees",,,,,,auto
2026-07-31T16:37:41+00:00,6fa1dfb949a541f7b5f3b8e1ce4bcc90,SPY,,buy,0.0,,swing,rejected,"Round-trip cost $18.24 is 13.2% of the $138.45 at risk, above the 10.0% limit - the trade is too small to carry its fees",,,,,,auto
2026-07-31T16:38:42+00:00,0e1330e0585a4b02a1f98042fa27ad19,SPY,,buy,0.0,,swing,rejected,"Round-trip cost $18.24 is 13.2% of the $138.46 at risk, above the 10.0% limit - the trade is too small to carry its fees",,,,,,auto
2026-07-31T16:39:42+00:00,079f5e1b7d1b4ac68eccc766dee68687,SPY,,buy,0.0,,swing,rejected,"Round-trip cost $18.24 is 13.2% of the $138.47 at risk, above the 10.0% limit - the trade is too small to carry its fees",,,,,,auto
2026-07-31T16:40:42+00:00,7f8703c9688c43cc8942827abe317512,SPY,,buy,0.0,,swing,rejected,"Round-trip cost $18.24 is 13.2% of the $138.43 at risk, above the 10.0% limit - the trade is too small to carry its fees",,,,,,auto
2026-07-31T16:41:42+00:00,b34a8cb5e8bc4ffdadeeaf0d34e08c7b,SPY,,buy,0.0,,swing,rejected,"Round-trip cost $18.24 is 13.2% of the $138.47 at risk, above the 10.0% limit - the trade is too small to carry its fees",,,,,,auto
2026-07-31T16:42:43+00:00,67d0ef8742bf407dbe6437e2982e2253,SPY,,buy,0.0,,swing,rejected,"Round-trip cost $18.24 is 13.2% of the $138.49 at risk, above the 10.0% limit - the trade is too small to carry its fees",,,,,,auto
2026-07-31T16:43:43+00:00,c95f722330eb440d8873f2091d27ee78,SPY,,buy,0.0,,swing,rejected,"Round-trip cost $18.24 is 13.2% of the $138.51 at risk, above the 10.0% limit - the trade is too small to carry its fees",,,,,,auto
2026-07-31T16:44:43+00:00,bebbcdd54941412a9583f74663223679,SPY,,buy,0.0,,swing,rejected,"Round-trip cost $18.24 is 13.2% of the $138.53 at risk, above the 10.0% limit - the trade is too small to carry its fees",,,,,,auto
2026-07-31T16:45:43+00:00,291c5ad5b3874b55a1550675e81b7e1f,SPY,,buy,0.0,,swing,rejected,"Round-trip cost $18.24 is 13.2% of the $138.53 at risk, above the 10.0% limit - the trade is too small to carry its fees",,,,,,auto
2026-07-31T16:46:43+00:00,43fa2da4ae234fce81890e58292d64d8,SPY,,buy,0.0,,swing,rejected,"Round-trip cost $18.24 is 13.2% of the $138.49 at risk, above the 10.0% limit - the trade is too small to carry its fees",,,,,,auto
2026-07-31T16:47:44+00:00,8129bcea857a45d699a9743ac82f94ec,SPY,,buy,0.0,,swing,rejected,"Round-trip cost $18.24 is 13.2% of the $138.48 at risk, above the 10.0% limit - the trade is too small to carry its fees",,,,,,auto
2026-07-31T16:48:44+00:00,53fabf1d7e454108a61b26df33a392a8,SPY,,buy,0.0,,swing,rejected,"Round-trip cost $18.24 is 13.2% of the $138.49 at risk, above the 10.0% limit - the trade is too small to carry its fees",,,,,,auto
2026-07-31T16:49:44+00:00,242eedda9cf240cd8fe5f25ebf41d6f4,SPY,,buy,0.0,,swing,rejected,"Round-trip cost $18.24 is 13.2% of the $138.50 at risk, above the 10.0% limit - the trade is too small to carry its fees",,,,,,auto
2026-07-31T16:50:44+00:00,32be4bc4bb7f42d090fd62d1b740633b,SPY,,buy,0.0,,swing,rejected,"Round-trip cost $18.24 is 13.2% of the $138.49 at risk, above the 10.0% limit - the trade is too small to carry its fees",,,,,,auto
2026-07-31T16:51:45+00:00,bc3f091a2b684d8d952225b7d59436c7,SPY,,buy,0.0,,swing,rejected,"Round-trip cost $18.24 is 13.2% of the $138.43 at risk, above the 10.0% limit - the trade is too small to carry its fees",,,,,,auto
2026-07-31T16:52:45+00:00,d9d2a2a5ed6941a6aa6c2550f18e0c75,SPY,,buy,0.0,,swing,rejected,"Round-trip cost $18.24 is 13.2% of the $138.45 at risk, above the 10.0% limit - the trade is too small to carry its fees",,,,,,auto
2026-07-31T16:53:45+00:00,84a67a2c66d04686b248a1afc7791a28,SPY,,buy,0.0,,swing,rejected,"Round-trip cost $18.24 is 13.2% of the $138.45 at risk, above the 10.0% limit - the trade is too small to carry its fees",,,,,,auto
2026-07-31T16:54:45+00:00,17cbdfa876fd4b21b428cef7b667a149,SPY,,buy,0.0,,swing,rejected,"Round-trip cost $18.24 is 13.2% of the $138.45 at risk, above the 10.0% limit - the trade is too small to carry its fees",,,,,,auto
2026-07-31T16:55:45+00:00,a1830d841e0e45e4b12ec5b06d6803fd,SPY,,buy,0.0,,swing,rejected,"Round-trip cost $18.24 is 13.2% of the $138.47 at risk, above the 10.0% limit - the trade is too small to carry its fees",,,,,,auto
2026-07-31T16:56:45+00:00,872b1d3c5bb343bbb465bd402a98c4b9,SPY,,buy,0.0,,swing,rejected,"Round-trip cost $18.24 is 13.2% of the $138.47 at risk, above the 10.0% limit - the trade is too small to carry its fees",,,,,,auto
2026-07-31T16:57:46+00:00,7317b2395aeb4b9292c5d7ebb5102f07,SPY,,buy,0.0,,swing,rejected,"Round-trip cost $18.24 is 13.2% of the $138.43 at risk, above the 10.0% limit - the trade is too small to carry its fees",,,,,,auto
2026-07-31T16:58:46+00:00,52cea0e63598457b88eafc2f3791da59,SPY,,buy,0.0,,swing,rejected,"Round-trip cost $18.24 is 13.2% of the $138.44 at risk, above the 10.0% limit - the trade is too small to carry its fees",,,,,,auto
2026-07-31T16:59:46+00:00,97a4bbb853d0491681db2be3980a2fa0,SPY,,buy,0.0,,swing,rejected,"Round-trip cost $18.24 is 13.2% of the $138.46 at risk, above the 10.0% limit - the trade is too small to carry its fees",,,,,,auto
2026-07-31T17:00:47+00:00,c43332102c1043c4a6b838d84b6a1a01,SPY,,buy,0.0,,swing,rejected,"Round-trip cost $18.24 is 13.2% of the $138.49 at risk, above the 10.0% limit - the trade is too small to carry its fees",,,,,,auto
2026-07-31T17:01:47+00:00,b3c523e9c89d48c798822371af7d3c1c,SPY,,buy,0.0,,swing,rejected,"Round-trip cost $18.24 is 13.2% of the $138.40 at risk, above the 10.0% limit - the trade is too small to carry its fees",,,,,,auto
2026-07-31T17:02:47+00:00,eabd33191c7444ecb7fe9483fee55089,SPY,,buy,0.0,,swing,rejected,"Round-trip cost $18.24 is 13.2% of the $138.41 at risk, above the 10.0% limit - the trade is too small to carry its fees",,,,,,auto
2026-07-31T17:03:47+00:00,b1e72a819f2f4c018657129e1a3373e5,SPY,,buy,0.0,,swing,rejected,"Round-trip cost $18.24 is 13.2% of the $138.40 at risk, above the 10.0% limit - the trade is too small to carry its fees",,,,,,auto
2026-07-31T17:04:47+00:00,a95f63790137492fa3f93443dd56b1f9,SPY,,buy,0.0,,swing,rejected,"Round-trip cost $18.24 is 13.2% of the $138.38 at risk, above the 10.0% limit - the trade is too small to carry its fees",,,,,,auto
2026-07-31T17:05:47+00:00,385438ae82354056b931c02fd393e09a,SPY,,buy,0.0,,swing,rejected,"Round-trip cost $18.24 is 13.2% of the $138.38 at risk, above the 10.0% limit - the trade is too small to carry its fees",,,,,,auto
2026-07-31T17:06:48+00:00,a551b321f2524c40a6b315c01db48c85,SPY,,buy,0.0,,swing,rejected,"Round-trip cost $18.24 is 13.2% of the $138.39 at risk, above the 10.0% limit - the trade is too small to carry its fees",,,,,,auto
2026-07-31T17:07:48+00:00,ca1dcab5320a4518bb002637d493bfe3,SPY,,buy,0.0,,swing,rejected,"Round-trip cost $18.24 is 13.2% of the $138.46 at risk, above the 10.0% limit - the trade is too small to carry its fees",,,,,,auto
2026-07-31T17:08:48+00:00,06f1948bcdea42c2b6207ad922dba8ca,SPY,,buy,0.0,,swing,rejected,"Round-trip cost $18.24 is 13.2% of the $138.44 at risk, above the 10.0% limit - the trade is too small to carry its fees",,,,,,auto
2026-07-31T17:09:48+00:00,0872a87297114c65abf9397d5f2d98ee,SPY,,buy,0.0,,swing,rejected,"Round-trip cost $18.24 is 13.2% of the $138.44 at risk, above the 10.0% limit - the trade is too small to carry its fees",,,,,,auto
2026-07-31T17:10:49+00:00,767b6df92f6948ab8877197e84bfaad6,SPY,,buy,0.0,,swing,rejected,"Round-trip cost $18.24 is 13.2% of the $138.42 at risk, above the 10.0% limit - the trade is too small to carry its fees",,,,,,auto
2026-07-31T17:11:49+00:00,a9936070daec4ebe8b2c0df5b0905766,SPY,,buy,0.0,,swing,rejected,"Round-trip cost $18.24 is 13.2% of the $138.38 at risk, above the 10.0% limit - the trade is too small to carry its fees",,,,,,auto
2026-07-31T17:12:49+00:00,f5708878063b4f639ffb2269602c5933,SPY,,buy,0.0,,swing,rejected,"Round-trip cost $18.24 is 13.2% of the $138.37 at risk, above the 10.0% limit - the trade is too small to carry its fees",,,,,,auto
2026-07-31T17:13:50+00:00,a68e44150f84477397a2f2e6bf580c0d,SPY,,buy,0.0,,swing,rejected,"Round-trip cost $18.24 is 13.2% of the $138.39 at risk, above the 10.0% limit - the trade is too small to carry its fees",,,,,,auto
2026-07-31T17:14:50+00:00,d367cbc9f8d24c1e88d3a61d0daabf37,SPY,,buy,0.0,,swing,rejected,"Round-trip cost $18.24 is 13.2% of the $138.38 at risk, above the 10.0% limit - the trade is too small to carry its fees",,,,,,auto
2026-07-31T17:15:50+00:00,948828f490484a6b8c10dd093dfde0d4,SPY,,buy,0.0,,swing,rejected,"Round-trip cost $18.24 is 13.2% of the $138.34 at risk, above the 10.0% limit - the trade is too small to carry its fees",,,,,,auto
2026-07-31T17:16:50+00:00,054e49456576411cbd0d43b5daed24fc,SPY,,buy,0.0,,swing,rejected,"Round-trip cost $18.24 is 13.2% of the $138.34 at risk, above the 10.0% limit - the trade is too small to carry its fees",,,,,,auto
2026-07-31T17:17:50+00:00,909b76780f27450c95d3d2d8fa531302,SPY,,buy,0.0,,swing,rejected,"Round-trip cost $18.24 is 13.2% of the $138.36 at risk, above the 10.0% limit - the trade is too small to carry its fees",,,,,,auto
2026-07-31T17:18:50+00:00,e07f7efc1b8b4935aea7bb8a7bcdd9e4,SPY,,buy,0.0,,swing,rejected,"Round-trip cost $18.24 is 13.2% of the $138.35 at risk, above the 10.0% limit - the trade is too small to carry its fees",,,,,,auto
2026-07-31T17:19:51+00:00,4251033ff63148f4a07f3f5e81550818,SPY,,buy,0.0,,swing,rejected,"Round-trip cost $18.24 is 13.2% of the $138.32 at risk, above the 10.0% limit - the trade is too small to carry its fees",,,,,,auto
2026-07-31T17:20:51+00:00,ffcbdf431254459fa0f91c5f5f0775da,SPY,,buy,0.0,,swing,rejected,"Round-trip cost $18.24 is 13.2% of the $138.31 at risk, above the 10.0% limit - the trade is too small to carry its fees",,,,,,auto
2026-07-31T17:21:51+00:00,659f0272b3d8434a9cec1430e6c2a029,SPY,,buy,0.0,,swing,rejected,"Round-trip cost $18.24 is 13.2% of the $138.35 at risk, above the 10.0% limit - the trade is too small to carry its fees",,,,,,auto
2026-07-31T17:22:52+00:00,b67d82831a884eeab9e5c5bd70bdbce6,SPY,,buy,0.0,,swing,rejected,"Round-trip cost $18.24 is 13.2% of the $138.35 at risk, above the 10.0% limit - the trade is too small to carry its fees",,,,,,auto
2026-07-31T17:23:52+00:00,3c58725dfa5245aba946c831cf880fae,SPY,,buy,0.0,,swing,rejected,"Round-trip cost $18.24 is 13.2% of the $138.30 at risk, above the 10.0% limit - the trade is too small to carry its fees",,,,,,auto
2026-07-31T17:24:53+00:00,ba07115721de4bc9b433774e189e337e,SPY,,buy,0.0,,swing,rejected,"Round-trip cost $18.24 is 13.2% of the $138.24 at risk, above the 10.0% limit - the trade is too small to carry its fees",,,,,,auto
2026-07-31T17:25:52+00:00,646a49ddee1b4fb388ee5963a509240b,SPY,,buy,0.0,,swing,rejected,"Round-trip cost $18.24 is 13.2% of the $138.25 at risk, above the 10.0% limit - the trade is too small to carry its fees",,,,,,auto
2026-07-31T17:26:53+00:00,74cc7732130747659526c8d2b5ca1453,SPY,,buy,0.0,,swing,rejected,"Round-trip cost $18.24 is 13.2% of the $138.23 at risk, above the 10.0% limit - the trade is too small to carry its fees",,,,,,auto
2026-07-31T17:27:53+00:00,34337526a7744fd28983868a782e5145,SPY,,buy,0.0,,swing,rejected,"Round-trip cost $18.24 is 13.2% of the $138.22 at risk, above the 10.0% limit - the trade is too small to carry its fees",,,,,,auto
2026-07-31T17:28:53+00:00,5365a7936c284e60a9b880ed9bc00d23,SPY,,buy,0.0,,swing,rejected,"Round-trip cost $18.24 is 13.2% of the $138.22 at risk, above the 10.0% limit - the trade is too small to carry its fees",,,,,,auto
2026-07-31T17:29:53+00:00,3eb0a2c3931c4f6d90859e59a8d7a1ed,SPY,,buy,0.0,,swing,rejected,"Round-trip cost $18.24 is 13.2% of the $138.23 at risk, above the 10.0% limit - the trade is too small to carry its fees",,,,,,auto
2026-07-31T17:30:54+00:00,c060a57d34ac4542846eaa3ed9623da6,SPY,,buy,0.0,,swing,rejected,"Round-trip cost $18.24 is 13.2% of the $138.25 at risk, above the 10.0% limit - the trade is too small to carry its fees",,,,,,auto
2026-07-31T17:31:54+00:00,e867919713344e8791d67e426c0ee859,SPY,,buy,0.0,,swing,rejected,"Round-trip cost $18.24 is 13.2% of the $138.24 at risk, above the 10.0% limit - the trade is too small to carry its fees",,,,,,auto
2026-07-31T17:32:54+00:00,23305b85ebab4300ab888065ced46612,SPY,,buy,0.0,,swing,rejected,"Round-trip cost $18.24 is 13.2% of the $138.23 at risk, above the 10.0% limit - the trade is too small to carry its fees",,,,,,auto
2026-07-31T17:33:54+00:00,b71bbd6539974c62ac95d125e0fda8df,SPY,,buy,0.0,,swing,rejected,"Round-trip cost $18.24 is 13.2% of the $138.25 at risk, above the 10.0% limit - the trade is too small to carry its fees",,,,,,auto
2026-07-31T17:34:55+00:00,c6fdc79a894b4404af820eebdb8e7c1a,SPY,,buy,0.0,,swing,rejected,"Round-trip cost $18.24 is 13.2% of the $138.28 at risk, above the 10.0% limit - the trade is too small to carry its fees",,,,,,auto
2026-07-31T17:35:55+00:00,9e20ee9c3f1041b499203c86413042f3,SPY,,buy,0.0,,swing,rejected,"Round-trip cost $18.24 is 13.2% of the $138.29 at risk, above the 10.0% limit - the trade is too small to carry its fees",,,,,,auto
2026-07-31T17:36:55+00:00,0d6cd5b88bb04b62929d85b506743fbb,SPY,,buy,0.0,,swing,rejected,"Round-trip cost $18.24 is 13.2% of the $138.30 at risk, above the 10.0% limit - the trade is too small to carry its fees",,,,,,auto
2026-07-31T17:37:55+00:00,6bf7665d1d4a477c9c782f9854280bda,SPY,,buy,0.0,,swing,rejected,"Round-trip cost $18.24 is 13.2% of the $138.30 at risk, above the 10.0% limit - the trade is too small to carry its fees",,,,,,auto
2026-07-31T17:38:55+00:00,a9d361b4b89b4ac29b8dd738ad2ac015,SPY,,buy,0.0,,swing,rejected,"Round-trip cost $18.24 is 13.2% of the $138.36 at risk, above the 10.0% limit - the trade is too small to carry its fees",,,,,,auto
2026-07-31T17:39:56+00:00,1e908a33f1604bbda84388096293ecbc,SPY,,buy,0.0,,swing,rejected,"Round-trip cost $18.24 is 13.2% of the $138.42 at risk, above the 10.0% limit - the trade is too small to carry its fees",,,,,,auto
2026-07-31T17:40:56+00:00,815b5567c49c4fa5af05e3cf68e61438,SPY,,buy,0.0,,swing,rejected,"Round-trip cost $18.24 is 13.2% of the $138.38 at risk, above the 10.0% limit - the trade is too small to carry its fees",,,,,,auto
2026-07-31T17:41:56+00:00,42f7fe34901c48489276e67788e24b43,SPY,,buy,0.0,,swing,rejected,"Round-trip cost $18.24 is 13.2% of the $138.42 at risk, above the 10.0% limit - the trade is too small to carry its fees",,,,,,auto
2026-07-31T17:42:56+00:00,fd93b68f2d174b66b18146a1aa0c33f2,SPY,,buy,0.0,,swing,rejected,"Round-trip cost $18.24 is 13.2% of the $138.44 at risk, above the 10.0% limit - the trade is too small to carry its fees",,,,,,auto
2026-07-31T17:43:57+00:00,07943f6e268f4902ad8b523f95eb9d62,SPY,,buy,0.0,,swing,rejected,"Round-trip cost $18.24 is 13.2% of the $138.42 at risk, above the 10.0% limit - the trade is too small to carry its fees",,,,,,auto
2026-07-31T17:44:57+00:00,0c08e04114e54770929bdc2b662b0031,SPY,,buy,0.0,,swing,rejected,"Round-trip cost $18.24 is 13.2% of the $138.41 at risk, above the 10.0% limit - the trade is too small to carry its fees",,,,,,auto
2026-07-31T17:45:57+00:00,29edd5c60fe14c11b9c41514a451211b,SPY,,buy,0.0,,swing,rejected,"Round-trip cost $18.24 is 13.2% of the $138.41 at risk, above the 10.0% limit - the trade is too small to carry its fees",,,,,,auto
2026-07-31T17:46:57+00:00,2ebf521b2b5c468ba72254a0a8005236,SPY,,buy,0.0,,swing,rejected,"Round-trip cost $18.24 is 13.2% of the $138.38 at risk, above the 10.0% limit - the trade is too small to carry its fees",,,,,,auto
2026-07-31T17:47:57+00:00,688847056a50455082e9d7d3dea89d13,SPY,,buy,0.0,,swing,rejected,"Round-trip cost $18.24 is 13.2% of the $138.43 at risk, above the 10.0% limit - the trade is too small to carry its fees",,,,,,auto
2026-07-31T17:48:58+00:00,c1807456fc624c02906d3189a075478f,SPY,,buy,0.0,,swing,rejected,"Round-trip cost $18.24 is 13.2% of the $138.46 at risk, above the 10.0% limit - the trade is too small to carry its fees",,,,,,auto
2026-07-31T17:49:58+00:00,e950a9006b274d06881cda4c5562caa6,SPY,,buy,0.0,,swing,rejected,"Round-trip cost $18.24 is 13.2% of the $138.48 at risk, above the 10.0% limit - the trade is too small to carry its fees",,,,,,auto
2026-07-31T17:50:58+00:00,7223cf717c5346b389a1971c9ab24ca3,SPY,,buy,0.0,,swing,rejected,"Round-trip cost $18.24 is 13.2% of the $138.48 at risk, above the 10.0% limit - the trade is too small to carry its fees",,,,,,auto
2026-07-31T17:51:58+00:00,273562cfae4246e3b3e0a2e2d9f72799,SPY,,buy,0.0,,swing,rejected,"Round-trip cost $18.24 is 13.2% of the $138.44 at risk, above the 10.0% limit - the trade is too small to carry its fees",,,,,,auto
2026-07-31T17:52:58+00:00,f42bcd6db3a343ec826d140cc5c412fc,SPY,,buy,0.0,,swing,rejected,"Round-trip cost $18.24 is 13.2% of the $138.43 at risk, above the 10.0% limit - the trade is too small to carry its fees",,,,,,auto
2026-07-31T17:53:59+00:00,c862dfa77dc142efb2e1c8d1a14df576,SPY,,buy,0.0,,swing,rejected,"Round-trip cost $18.24 is 13.2% of the $138.44 at risk, above the 10.0% limit - the trade is too small to carry its fees",,,,,,auto
2026-07-31T17:54:59+00:00,883d0e0e238943a799d1c72801947369,SPY,,buy,0.0,,swing,rejected,"Round-trip cost $18.24 is 13.2% of the $138.44 at risk, above the 10.0% limit - the trade is too small to carry its fees",,,,,,auto
2026-07-31T17:55:59+00:00,897a7813fbe9482b9a78c4bdd5c9320d,SPY,,buy,0.0,,swing,rejected,"Round-trip cost $18.24 is 13.2% of the $138.42 at risk, above the 10.0% limit - the trade is too small to carry its fees",,,,,,auto
2026-07-31T17:56:59+00:00,a14aa8fc22af41f899cc259e69572181,SPY,,buy,0.0,,swing,rejected,"Round-trip cost $18.24 is 13.2% of the $138.41 at risk, above the 10.0% limit - the trade is too small to carry its fees",,,,,,auto
2026-07-31T17:58:00+00:00,069aa79a1f3f42c49156128fc0f8c8c1,SPY,,buy,0.0,,swing,rejected,"Round-trip cost $18.24 is 13.2% of the $138.42 at risk, above the 10.0% limit - the trade is too small to carry its fees",,,,,,auto
2026-07-31T17:59:00+00:00,47624caf64594232bf72d74610e0fe4e,SPY,,buy,0.0,,swing,rejected,"Round-trip cost $18.24 is 13.2% of the $138.42 at risk, above the 10.0% limit - the trade is too small to carry its fees",,,,,,auto
2026-07-31T18:00:00+00:00,d7c5ef355ee348b9babf6fa2bff1b032,SPY,,buy,0.0,,swing,rejected,"Round-trip cost $18.24 is 13.2% of the $138.45 at risk, above the 10.0% limit - the trade is too small to carry its fees",,,,,,auto
2026-07-31T18:01:00+00:00,9aec7198a44e46dca80c8189790ab089,SPY,,buy,0.0,,swing,rejected,"Round-trip cost $18.24 is 13.2% of the $138.42 at risk, above the 10.0% limit - the trade is too small to carry its fees",,,,,,auto
2026-07-31T18:02:00+00:00,449840c5d6f049a386e9c2c64dd0b478,SPY,,buy,0.0,,swing,rejected,"Round-trip cost $18.24 is 13.2% of the $138.40 at risk, above the 10.0% limit - the trade is too small to carry its fees",,,,,,auto
2026-07-31T18:03:01+00:00,00b153ae792e489eb8a76dd8562aaf15,SPY,,buy,0.0,,swing,rejected,"Round-trip cost $18.24 is 13.2% of the $138.40 at risk, above the 10.0% limit - the trade is too small to carry its fees",,,,,,auto
2026-07-31T18:04:01+00:00,77f01577b6a8489586d67811b544e843,SPY,,buy,0.0,,swing,rejected,"Round-trip cost $18.24 is 13.2% of the $138.42 at risk, above the 10.0% limit - the trade is too small to carry its fees",,,,,,auto
2026-07-31T18:05:01+00:00,70876512db79455a9a3da5eac52781ec,SPY,,buy,0.0,,swing,rejected,"Round-trip cost $18.24 is 13.2% of the $138.42 at risk, above the 10.0% limit - the trade is too small to carry its fees",,,,,,auto
2026-07-31T18:06:02+00:00,8114ec84a56141c3bf70e47dddc5279f,SPY,,buy,0.0,,swing,rejected,"Round-trip cost $18.24 is 13.2% of the $138.42 at risk, above the 10.0% limit - the trade is too small to carry its fees",,,,,,auto
2026-07-31T18:07:02+00:00,30558c4f77ba494885dd875c0221b186,SPY,,buy,0.0,,swing,rejected,"Round-trip cost $18.24 is 13.2% of the $138.37 at risk, above the 10.0% limit - the trade is too small to carry its fees",,,,,,auto
2026-07-31T18:08:02+00:00,b260b3b7891a425ebe5bf6cb294978f1,SPY,,buy,0.0,,swing,rejected,"Round-trip cost $18.24 is 13.2% of the $138.39 at risk, above the 10.0% limit - the trade is too small to carry its fees",,,,,,auto
2026-07-31T18:09:02+00:00,0b905048ad5f4e858bc96fcb0f2a3f5a,SPY,,buy,0.0,,swing,rejected,"Round-trip cost $18.24 is 13.2% of the $138.38 at risk, above the 10.0% limit - the trade is too small to carry its fees",,,,,,auto
2026-07-31T18:10:02+00:00,1c8a23629d474e13aeabad8fdb6383b3,SPY,,buy,0.0,,swing,rejected,"Round-trip cost $18.24 is 13.2% of the $138.38 at risk, above the 10.0% limit - the trade is too small to carry its fees",,,,,,auto
2026-07-31T18:11:02+00:00,d4df7d61d61a431094eeca08f2a585ad,SPY,,buy,0.0,,swing,rejected,"Round-trip cost $18.24 is 13.2% of the $138.38 at risk, above the 10.0% limit - the trade is too small to carry its fees",,,,,,auto
2026-07-31T18:12:03+00:00,d8792c1d18b44a52a4969b80c33f9cb6,SPY,,buy,0.0,,swing,rejected,"Round-trip cost $18.24 is 13.2% of the $138.41 at risk, above the 10.0% limit - the trade is too small to carry its fees",,,,,,auto
2026-07-31T18:13:03+00:00,c1e7c9d3cdba4cf5afd78fdaa13fa90d,SPY,,buy,0.0,,swing,rejected,"Round-trip cost $18.24 is 13.2% of the $138.42 at risk, above the 10.0% limit - the trade is too small to carry its fees",,,,,,auto
2026-07-31T18:14:03+00:00,92e3f566ed8a4093b9af16f3168f20c5,SPY,,buy,0.0,,swing,rejected,"Round-trip cost $18.24 is 13.2% of the $138.40 at risk, above the 10.0% limit - the trade is too small to carry its fees",,,,,,auto
2026-07-31T18:15:03+00:00,a1ce9521bbf146249a0e0e859a15ccbd,SPY,,buy,0.0,,swing,rejected,"Round-trip cost $18.24 is 13.2% of the $138.40 at risk, above the 10.0% limit - the trade is too small to carry its fees",,,,,,auto
2026-07-31T18:16:03+00:00,cdd391725cf94839be0545d0d0cf885f,SPY,,buy,0.0,,swing,rejected,"Round-trip cost $18.24 is 13.2% of the $138.37 at risk, above the 10.0% limit - the trade is too small to carry its fees",,,,,,auto
2026-07-31T18:17:04+00:00,1781d2f6771542e3bdacfe6d95eaf523,SPY,,buy,0.0,,swing,rejected,"Round-trip cost $18.24 is 13.2% of the $138.35 at risk, above the 10.0% limit - the trade is too small to carry its fees",,,,,,auto
2026-07-31T18:18:04+00:00,3dc9a62826254e4a927d4bbc4f27c9aa,SPY,,buy,0.0,,swing,rejected,"Round-trip cost $18.24 is 13.2% of the $138.34 at risk, above the 10.0% limit - the trade is too small to carry its fees",,,,,,auto
2026-07-31T18:19:04+00:00,876334b65f9144bdb0e838d9ad4efcb5,SPY,,buy,0.0,,swing,rejected,"Round-trip cost $18.24 is 13.2% of the $138.30 at risk, above the 10.0% limit - the trade is too small to carry its fees",,,,,,auto
2026-07-31T18:20:04+00:00,630f398b41184ee4b93aabc710ff1051,SPY,,buy,0.0,,swing,rejected,"Round-trip cost $18.24 is 13.2% of the $138.30 at risk, above the 10.0% limit - the trade is too small to carry its fees",,,,,,auto
2026-07-31T18:21:05+00:00,98cdb0825c014327ab3e7d8954880774,SPY,,buy,0.0,,swing,rejected,"Round-trip cost $18.24 is 13.2% of the $138.31 at risk, above the 10.0% limit - the trade is too small to carry its fees",,,,,,auto
2026-07-31T18:22:05+00:00,c8aa1a7d8b6d463f9f4b6a7f7865bec5,SPY,,buy,0.0,,swing,rejected,"Round-trip cost $18.24 is 13.2% of the $138.29 at risk, above the 10.0% limit - the trade is too small to carry its fees",,,,,,auto
2026-07-31T18:23:05+00:00,c714a92c94b9439581edd727ffd0f0c9,SPY,,buy,0.0,,swing,rejected,"Round-trip cost $18.24 is 13.2% of the $138.30 at risk, above the 10.0% limit - the trade is too small to carry its fees",,,,,,auto
2026-07-31T18:24:06+00:00,c800e75a35bb4f14a630a05706ab3a3c,SPY,,buy,0.0,,swing,rejected,"Round-trip cost $18.24 is 13.2% of the $138.30 at risk, above the 10.0% limit - the trade is too small to carry its fees",,,,,,auto
2026-07-31T18:25:06+00:00,c7ab6b5278864b61a160700fa8293c71,SPY,,buy,0.0,,swing,rejected,"Round-trip cost $18.24 is 13.2% of the $138.29 at risk, above the 10.0% limit - the trade is too small to carry its fees",,,,,,auto
2026-07-31T18:26:06+00:00,0e3ee58672294939992f4208f8e20008,SPY,,buy,0.0,,swing,rejected,"Round-trip cost $18.24 is 13.2% of the $138.34 at risk, above the 10.0% limit - the trade is too small to carry its fees",,,,,,auto
2026-07-31T18:27:06+00:00,40345feb244147fb9d447c87943e8d31,SPY,,buy,0.0,,swing,rejected,"Round-trip cost $18.24 is 13.2% of the $138.34 at risk, above the 10.0% limit - the trade is too small to carry its fees",,,,,,auto
2026-07-31T18:28:07+00:00,1e2368d52cb54418ae4862054b4755f6,SPY,,buy,0.0,,swing,rejected,"Round-trip cost $18.24 is 13.2% of the $138.35 at risk, above the 10.0% limit - the trade is too small to carry its fees",,,,,,auto
2026-07-31T18:29:07+00:00,b4dfe38ebd134768bfde49af1fefb65b,SPY,,buy,0.0,,swing,rejected,"Round-trip cost $18.24 is 13.2% of the $138.36 at risk, above the 10.0% limit - the trade is too small to carry its fees",,,,,,auto
2026-07-31T18:30:07+00:00,dbb2ec6ce0ee4370ac3acec26d4b4c94,SPY,,buy,0.0,,swing,rejected,"Round-trip cost $18.24 is 13.2% of the $138.33 at risk, above the 10.0% limit - the trade is too small to carry its fees",,,,,,auto
2026-07-31T18:31:07+00:00,6ffda5157a7b4583adafb64ac4a8a7c6,SPY,,buy,0.0,,swing,rejected,"Round-trip cost $18.24 is 13.2% of the $138.31 at risk, above the 10.0% limit - the trade is too small to carry its fees",,,,,,auto
2026-07-31T18:32:08+00:00,f5fe5ef74bd94dc9af54ca685250d4e5,SPY,,buy,0.0,,swing,rejected,"Round-trip cost $18.24 is 13.2% of the $138.32 at risk, above the 10.0% limit - the trade is too small to carry its fees",,,,,,auto
2026-07-31T18:33:08+00:00,61c03b1abc4148d5802ddddc0a018d0a,SPY,,buy,0.0,,swing,rejected,"Round-trip cost $18.24 is 13.2% of the $138.32 at risk, above the 10.0% limit - the trade is too small to carry its fees",,,,,,auto
2026-07-31T18:34:08+00:00,1091692a71ff44a699dc3a92c42ecabf,SPY,,buy,0.0,,swing,rejected,"Round-trip cost $18.24 is 13.2% of the $138.33 at risk, above the 10.0% limit - the trade is too small to carry its fees",,,,,,auto
2026-07-31T18:35:08+00:00,66dfe1c4a339466c949ed4730b85fdae,SPY,,buy,0.0,,swing,rejected,"Round-trip cost $18.24 is 13.2% of the $138.32 at risk, above the 10.0% limit - the trade is too small to carry its fees",,,,,,auto
2026-07-31T18:36:09+00:00,150ae89d68144f168a35e80d108fb9ac,SPY,,buy,0.0,,swing,rejected,"Round-trip cost $18.24 is 13.2% of the $138.37 at risk, above the 10.0% limit - the trade is too small to carry its fees",,,,,,auto
2026-07-31T18:37:09+00:00,30e3d9ea2aca4c9b8af761627881279a,SPY,,buy,0.0,,swing,rejected,"Round-trip cost $18.24 is 13.2% of the $138.39 at risk, above the 10.0% limit - the trade is too small to carry its fees",,,,,,auto
2026-07-31T18:38:09+00:00,2e74de300fff4112b5cfc63b438adcd3,SPY,,buy,0.0,,swing,rejected,"Round-trip cost $18.24 is 13.2% of the $138.38 at risk, above the 10.0% limit - the trade is too small to carry its fees",,,,,,auto
2026-07-31T18:39:09+00:00,578158d1a9de4a7fbd1ed7daf7223f20,SPY,,buy,0.0,,swing,rejected,"Round-trip cost $18.24 is 13.2% of the $138.38 at risk, above the 10.0% limit - the trade is too small to carry its fees",,,,,,auto
2026-07-31T18:40:09+00:00,44818c1e46c847f19efbb2882cd74cca,SPY,,buy,0.0,,swing,rejected,"Round-trip cost $18.24 is 13.2% of the $138.39 at risk, above the 10.0% limit - the trade is too small to carry its fees",,,,,,auto
2026-07-31T18:41:10+00:00,3baa2e128808493db5885d45a9dec461,SPY,,buy,0.0,,swing,rejected,"Round-trip cost $18.24 is 13.2% of the $138.38 at risk, above the 10.0% limit - the trade is too small to carry its fees",,,,,,auto
2026-07-31T18:42:10+00:00,029c3785a3d64d66be33b85932453629,SPY,,buy,0.0,,swing,rejected,"Round-trip cost $18.24 is 13.2% of the $138.37 at risk, above the 10.0% limit - the trade is too small to carry its fees",,,,,,auto
2026-07-31T18:43:10+00:00,fd4456aba99c415fab53ec35ebda3707,SPY,,buy,0.0,,swing,rejected,"Round-trip cost $18.24 is 13.2% of the $138.34 at risk, above the 10.0% limit - the trade is too small to carry its fees",,,,,,auto
2026-07-31T18:44:10+00:00,a0554eddaabf423eb19a5378a047ae85,SPY,,buy,0.0,,swing,rejected,"Round-trip cost $18.24 is 13.2% of the $138.35 at risk, above the 10.0% limit - the trade is too small to carry its fees",,,,,,auto
2026-07-31T18:45:10+00:00,5c83a5069a144091a01c3a051d376282,SPY,,buy,0.0,,swing,rejected,"Round-trip cost $18.24 is 13.2% of the $138.36 at risk, above the 10.0% limit - the trade is too small to carry its fees",,,,,,auto
2026-07-31T18:46:11+00:00,f5ddffc00ace466a8faab2371fe1a688,SPY,,buy,0.0,,swing,rejected,"Round-trip cost $18.24 is 13.2% of the $138.33 at risk, above the 10.0% limit - the trade is too small to carry its fees",,,,,,auto
2026-07-31T18:47:11+00:00,f9eb8627dc8b425a948e86a14cca1a74,SPY,,buy,0.0,,swing,rejected,"Round-trip cost $18.24 is 13.2% of the $138.36 at risk, above the 10.0% limit - the trade is too small to carry its fees",,,,,,auto
2026-07-31T18:48:11+00:00,7b55fae14c3f4bdf9ff0500fb50ab01e,SPY,,buy,0.0,,swing,rejected,"Round-trip cost $18.24 is 13.2% of the $138.35 at risk, above the 10.0% limit - the trade is too small to carry its fees",,,,,,auto
2026-07-31T18:49:12+00:00,b23ead96c7d44b2e8258adbe41f7600b,SPY,,buy,0.0,,swing,rejected,"Round-trip cost $18.24 is 13.2% of the $138.32 at risk, above the 10.0% limit - the trade is too small to carry its fees",,,,,,auto
2026-07-31T18:50:12+00:00,06e635fff7584e77ade1eca74257a877,SPY,,buy,0.0,,swing,rejected,"Round-trip cost $18.24 is 13.2% of the $138.29 at risk, above the 10.0% limit - the trade is too small to carry its fees",,,,,,auto
2026-07-31T18:51:12+00:00,5af3ed2f82ed4efbba29016d00f2f728,SPY,,buy,0.0,,swing,rejected,"Round-trip cost $18.24 is 13.2% of the $138.31 at risk, above the 10.0% limit - the trade is too small to carry its fees",,,,,,auto
2026-07-31T18:52:13+00:00,57be57d31705450e924329d3897a2ce3,SPY,,buy,0.0,,swing,rejected,"Round-trip cost $18.24 is 13.2% of the $138.33 at risk, above the 10.0% limit - the trade is too small to carry its fees",,,,,,auto
2026-07-31T18:53:12+00:00,9ccf32165ef5411ebc6f2fe3ae01bc1c,SPY,,buy,0.0,,swing,rejected,"Round-trip cost $18.24 is 13.2% of the $138.33 at risk, above the 10.0% limit - the trade is too small to carry its fees",,,,,,auto
2026-07-31T18:54:13+00:00,dd000831481e4ad68d7925cdff37ab2d,SPY,,buy,0.0,,swing,rejected,"Round-trip cost $18.24 is 13.2% of the $138.32 at risk, above the 10.0% limit - the trade is too small to carry its fees",,,,,,auto
2026-07-31T18:55:13+00:00,c746d8100a9c47b290efb671a4920c15,SPY,,buy,0.0,,swing,rejected,"Round-trip cost $18.24 is 13.2% of the $138.32 at risk, above the 10.0% limit - the trade is too small to carry its fees",,,,,,auto
2026-07-31T18:56:13+00:00,bef243961f1c41cf8b3f7bc06bceabdb,SPY,,buy,0.0,,swing,rejected,"Round-trip cost $18.24 is 13.2% of the $138.36 at risk, above the 10.0% limit - the trade is too small to carry its fees",,,,,,auto
2026-07-31T18:57:13+00:00,06e073b05fb846b588e01fbab3cb051f,SPY,,buy,0.0,,swing,rejected,"Round-trip cost $18.24 is 13.2% of the $138.37 at risk, above the 10.0% limit - the trade is too small to carry its fees",,,,,,auto
2026-07-31T18:58:14+00:00,3ce9813df3584453b4054c4edf313bd0,SPY,,buy,0.0,,swing,rejected,"Round-trip cost $18.24 is 13.2% of the $138.37 at risk, above the 10.0% limit - the trade is too small to carry its fees",,,,,,auto
2026-07-31T18:59:14+00:00,6fab5b648b4845a4819db56c0613b790,SPY,,buy,0.0,,swing,rejected,"Round-trip cost $18.24 is 13.2% of the $138.37 at risk, above the 10.0% limit - the trade is too small to carry its fees",,,,,,auto
2026-07-31T19:00:14+00:00,132b029f2fb84e26a447a3d1f9b27f35,SPY,,buy,0.0,,swing,rejected,"Round-trip cost $18.24 is 13.2% of the $138.32 at risk, above the 10.0% limit - the trade is too small to carry its fees",,,,,,auto
2026-07-31T19:01:14+00:00,c3878de2dbba41ad817c763e0a063d0c,SPY,,buy,0.0,,swing,rejected,"Round-trip cost $18.24 is 13.2% of the $138.32 at risk, above the 10.0% limit - the trade is too small to carry its fees",,,,,,auto
2026-07-31T19:02:14+00:00,a921b57995a94722b0905c4f727f0118,SPY,,buy,0.0,,swing,rejected,"Round-trip cost $18.24 is 13.2% of the $138.35 at risk, above the 10.0% limit - the trade is too small to carry its fees",,,,,,auto
2026-07-31T19:03:15+00:00,72f480439951463e917fbfd0d1016b1e,SPY,,buy,0.0,,swing,rejected,"Round-trip cost $18.24 is 13.2% of the $138.37 at risk, above the 10.0% limit - the trade is too small to carry its fees",,,,,,auto
2026-07-31T19:04:15+00:00,02cd1dacc4b44d239c2873b8e377e6e5,SPY,,buy,0.0,,swing,rejected,"Round-trip cost $18.24 is 13.2% of the $138.39 at risk, above the 10.0% limit - the trade is too small to carry its fees",,,,,,auto
2026-07-31T19:05:15+00:00,9fc028790454412091338adecb9d7bab,SPY,,buy,0.0,,swing,rejected,"Round-trip cost $18.24 is 13.2% of the $138.41 at risk, above the 10.0% limit - the trade is too small to carry its fees",,,,,,auto
2026-07-31T19:06:15+00:00,e45edf79f911466d8eff59b6eaa96ffe,SPY,,buy,0.0,,swing,rejected,"Round-trip cost $18.24 is 13.2% of the $138.40 at risk, above the 10.0% limit - the trade is too small to carry its fees",,,,,,auto
2026-07-31T19:07:15+00:00,fe87e49b95534736b4b0e1fe55c7c422,SPY,,buy,0.0,,swing,rejected,"Round-trip cost $18.24 is 13.2% of the $138.40 at risk, above the 10.0% limit - the trade is too small to carry its fees",,,,,,auto
2026-07-31T19:08:16+00:00,ea12487ccbfd43e5975608bffffe5c00,SPY,,buy,0.0,,swing,rejected,"Round-trip cost $18.24 is 13.2% of the $138.38 at risk, above the 10.0% limit - the trade is too small to carry its fees",,,,,,auto
2026-07-31T19:09:16+00:00,c2be8d96d02c4802b375a7b8534b0281,SPY,,buy,0.0,,swing,rejected,"Round-trip cost $18.24 is 13.2% of the $138.37 at risk, above the 10.0% limit - the trade is too small to carry its fees",,,,,,auto
2026-07-31T19:10:16+00:00,1f41c54bef514fa0be8541f8c56bed21,SPY,,buy,0.0,,swing,rejected,"Round-trip cost $18.24 is 13.2% of the $138.37 at risk, above the 10.0% limit - the trade is too small to carry its fees",,,,,,auto
2026-07-31T19:11:16+00:00,72a4950a92a242bf977940e19efe63b2,SPY,,buy,0.0,,swing,rejected,"Round-trip cost $18.24 is 13.2% of the $138.37 at risk, above the 10.0% limit - the trade is too small to carry its fees",,,,,,auto
2026-07-31T19:12:17+00:00,e8149ee3017e43d2bc5071b5a4a00b27,SPY,,buy,0.0,,swing,rejected,"Round-trip cost $18.24 is 13.2% of the $138.38 at risk, above the 10.0% limit - the trade is too small to carry its fees",,,,,,auto
2026-07-31T19:13:17+00:00,5a58beaa4abf42febfc428bfa982c515,SPY,,buy,0.0,,swing,rejected,"Round-trip cost $18.24 is 13.2% of the $138.34 at risk, above the 10.0% limit - the trade is too small to carry its fees",,,,,,auto
2026-07-31T19:14:17+00:00,02fae0c7a05b4c859ea0ce8ec3897575,SPY,,buy,0.0,,swing,rejected,"Round-trip cost $18.24 is 13.2% of the $138.37 at risk, above the 10.0% limit - the trade is too small to carry its fees",,,,,,auto
2026-07-31T19:15:17+00:00,e259ebc118f64c6aa84c16f926ddb705,SPY,,buy,0.0,,swing,rejected,"Round-trip cost $18.24 is 13.2% of the $138.39 at risk, above the 10.0% limit - the trade is too small to carry its fees",,,,,,auto
2026-07-31T19:16:17+00:00,33eb16f12f2a431697675542a44676a5,SPY,,buy,0.0,,swing,rejected,"Round-trip cost $18.24 is 13.2% of the $138.50 at risk, above the 10.0% limit - the trade is too small to carry its fees",,,,,,auto
2026-07-31T19:17:18+00:00,6e8955087c704b1fb2c8247eb9f03929,SPY,,buy,0.0,,swing,rejected,"Round-trip cost $18.24 is 13.2% of the $138.59 at risk, above the 10.0% limit - the trade is too small to carry its fees",,,,,,auto
2026-07-31T19:18:18+00:00,e49003eda44745e0ace07215b6821950,SPY,,buy,0.0,,swing,rejected,"Round-trip cost $18.24 is 13.1% of the $139.07 at risk, above the 10.0% limit - the trade is too small to carry its fees",,,,,,auto
2026-07-31T19:19:18+00:00,8aad6c346c2a4abf88917a5bb853284f,SPY,,buy,0.0,,swing,rejected,"Round-trip cost $18.24 is 13.1% of the $139.41 at risk, above the 10.0% limit - the trade is too small to carry its fees",,,,,,auto
2026-07-31T19:20:18+00:00,f6656f57b225495c90bbbaa9e4c11b1e,SPY,,buy,0.0,,swing,rejected,"Round-trip cost $18.24 is 13.1% of the $139.41 at risk, above the 10.0% limit - the trade is too small to carry its fees",,,,,,auto
2026-07-31T19:21:18+00:00,55eb6a0757934b4e90bd96d665f7e3e3,SPY,,buy,0.0,,swing,rejected,"Round-trip cost $18.24 is 13.1% of the $139.55 at risk, above the 10.0% limit - the trade is too small to carry its fees",,,,,,auto
2026-07-31T19:22:18+00:00,80dd0b3735794ac9a6cd3e0ba7a61e0b,SPY,,buy,0.0,,swing,rejected,"Round-trip cost $18.24 is 13.1% of the $139.79 at risk, above the 10.0% limit - the trade is too small to carry its fees",,,,,,auto
2026-07-31T19:23:19+00:00,4fb37701db6c4efa8523875742d0d6ef,SPY,,buy,0.0,,swing,rejected,"Round-trip cost $18.24 is 13.0% of the $139.81 at risk, above the 10.0% limit - the trade is too small to carry its fees",,,,,,auto
2026-07-31T19:24:19+00:00,0cec4e2f899849b8a5c24b41bea003ef,SPY,,buy,0.0,,swing,rejected,"Round-trip cost $18.24 is 13.0% of the $139.84 at risk, above the 10.0% limit - the trade is too small to carry its fees",,,,,,auto
2026-07-31T19:25:20+00:00,57fd99875e3b4b60b370acbcbeb2aec4,SPY,,buy,0.0,,swing,rejected,"Round-trip cost $18.24 is 13.0% of the $139.87 at risk, above the 10.0% limit - the trade is too small to carry its fees",,,,,,auto
2026-07-31T19:26:20+00:00,0ba26b3666224575bd741764bcb7e0ba,SPY,,buy,0.0,,swing,rejected,"Round-trip cost $18.24 is 13.0% of the $139.86 at risk, above the 10.0% limit - the trade is too small to carry its fees",,,,,,auto
2026-07-31T19:27:20+00:00,a998b227136a476aaae5bb279d65874b,SPY,,buy,0.0,,swing,rejected,"Round-trip cost $18.24 is 13.0% of the $139.85 at risk, above the 10.0% limit - the trade is too small to carry its fees",,,,,,auto
2026-07-31T19:28:20+00:00,8b5103fff79a41d99380900a14a4813c,SPY,,buy,0.0,,swing,rejected,"Round-trip cost $18.24 is 13.0% of the $139.83 at risk, above the 10.0% limit - the trade is too small to carry its fees",,,,,,auto
2026-07-31T19:29:21+00:00,240ffe07c0f043b9bb83d074e4860094,SPY,,buy,0.0,,swing,rejected,"Round-trip cost $18.24 is 13.0% of the $139.85 at risk, above the 10.0% limit - the trade is too small to carry its fees",,,,,,auto
2026-07-31T19:30:21+00:00,ddba4952b6044bfa94e265dac7a08ba4,SPY,,buy,0.0,,swing,rejected,"Round-trip cost $18.24 is 13.0% of the $139.89 at risk, above the 10.0% limit - the trade is too small to carry its fees",,,,,,auto
2026-07-31T19:31:21+00:00,99376398c75d484ba5238ecffc2f4719,SPY,,buy,0.0,,swing,rejected,"Round-trip cost $18.24 is 13.0% of the $139.91 at risk, above the 10.0% limit - the trade is too small to carry its fees",,,,,,auto
2026-07-31T19:32:21+00:00,61c22ead0eb74847a0b8cac7f88bef0c,SPY,,buy,0.0,,swing,rejected,"Round-trip cost $18.24 is 13.0% of the $139.91 at risk, above the 10.0% limit - the trade is too small to carry its fees",,,,,,auto
2026-07-31T19:33:22+00:00,15c6a20590ce4f4393a9c984870d7525,SPY,,buy,0.0,,swing,rejected,"Round-trip cost $18.24 is 13.0% of the $139.88 at risk, above the 10.0% limit - the trade is too small to carry its fees",,,,,,auto
2026-07-31T19:34:22+00:00,699f660d5a64431992c115546a6aed83,SPY,,buy,0.0,,swing,rejected,"Round-trip cost $18.24 is 13.0% of the $139.90 at risk, above the 10.0% limit - the trade is too small to carry its fees",,,,,,auto
2026-07-31T19:35:22+00:00,77e9df070000462698e0496befee5f7b,SPY,,buy,0.0,,swing,rejected,"Round-trip cost $18.24 is 13.0% of the $139.85 at risk, above the 10.0% limit - the trade is too small to carry its fees",,,,,,auto
2026-07-31T19:36:22+00:00,53cbc2c8ef2342a08e80630c501a1fe8,SPY,,buy,0.0,,swing,rejected,"Round-trip cost $18.24 is 13.0% of the $139.84 at risk, above the 10.0% limit - the trade is too small to carry its fees",,,,,,auto
2026-07-31T19:37:22+00:00,df5ec4a9e603497faf86abd8c818f9c1,SPY,,buy,0.0,,swing,rejected,"Round-trip cost $18.24 is 13.0% of the $139.83 at risk, above the 10.0% limit - the trade is too small to carry its fees",,,,,,auto
2026-07-31T19:38:23+00:00,d1239e1850b34ab7aa1ef2f5159c9634,SPY,,buy,0.0,,swing,rejected,"Round-trip cost $18.24 is 13.0% of the $139.84 at risk, above the 10.0% limit - the trade is too small to carry its fees",,,,,,auto
2026-07-31T19:39:23+00:00,c40e35d280204aa683490095a303385b,SPY,,buy,0.0,,swing,rejected,"Round-trip cost $18.24 is 13.0% of the $139.84 at risk, above the 10.0% limit - the trade is too small to carry its fees",,,,,,auto
2026-07-31T19:40:23+00:00,213ce1d8e8204c1086e25960cdf0405f,SPY,,buy,0.0,,swing,rejected,"Round-trip cost $18.24 is 13.0% of the $139.83 at risk, above the 10.0% limit - the trade is too small to carry its fees",,,,,,auto
2026-07-31T19:41:24+00:00,085060f2ffde459abda330e9d380d3b7,SPY,,buy,0.0,,swing,rejected,"Round-trip cost $18.24 is 13.0% of the $139.85 at risk, above the 10.0% limit - the trade is too small to carry its fees",,,,,,auto
2026-07-31T19:42:24+00:00,6d5e943e6d4c43f69aefffa66cf51656,SPY,,buy,0.0,,swing,rejected,"Round-trip cost $18.24 is 13.0% of the $139.86 at risk, above the 10.0% limit - the trade is too small to carry its fees",,,,,,auto
2026-07-31T19:43:24+00:00,bf15e8f086cb42868948ce7fc57a4be5,SPY,,buy,0.0,,swing,rejected,"Round-trip cost $18.24 is 13.1% of the $139.79 at risk, above the 10.0% limit - the trade is too small to carry its fees",,,,,,auto
2026-07-31T19:44:24+00:00,8ab710e080ba4eb5ae7ba44a5cbd332c,SPY,,buy,0.0,,swing,rejected,"Round-trip cost $18.24 is 13.0% of the $139.97 at risk, above the 10.0% limit - the trade is too small to carry its fees",,,,,,auto
2026-07-31T19:45:24+00:00,fd8fc5f19c7344668dc2f60bd3879ad9,SPY,,buy,0.0,,swing,rejected,"Round-trip cost $18.24 is 13.0% of the $140.28 at risk, above the 10.0% limit - the trade is too small to carry its fees",,,,,,auto
2026-07-31T19:46:25+00:00,432dd5a3343c44e7a6b24f497c9ae1c7,SPY,,buy,0.0,,swing,rejected,"Round-trip cost $18.24 is 13.0% of the $140.46 at risk, above the 10.0% limit - the trade is too small to carry its fees",,,,,,auto
2026-07-31T19:47:25+00:00,aa6a31def2434f6fae8f32091d0de7a5,SPY,,buy,0.0,,swing,rejected,"Round-trip cost $18.24 is 13.0% of the $140.50 at risk, above the 10.0% limit - the trade is too small to carry its fees",,,,,,auto
2026-07-31T19:48:25+00:00,de5580406a634cc4a00ee67cc1d1b185,SPY,,buy,0.0,,swing,rejected,"Round-trip cost $18.24 is 13.0% of the $140.51 at risk, above the 10.0% limit - the trade is too small to carry its fees",,,,,,auto
2026-07-31T19:49:25+00:00,ebb31fea7c264d52b13935ac06fdfe43,SPY,,buy,0.0,,swing,rejected,"Round-trip cost $18.25 is 13.0% of the $140.52 at risk, above the 10.0% limit - the trade is too small to carry its fees",,,,,,auto
2026-07-31T19:50:25+00:00,c4538aeab4ef44cb809068368f5a4db5,SPY,,buy,0.0,,swing,rejected,"Round-trip cost $18.25 is 13.0% of the $140.64 at risk, above the 10.0% limit - the trade is too small to carry its fees",,,,,,auto
2026-07-31T19:51:26+00:00,ab62b2d5f6504922880eb6c7c85cd7ce,SPY,,buy,0.0,,swing,rejected,"Round-trip cost $18.24 is 13.0% of the $140.75 at risk, above the 10.0% limit - the trade is too small to carry its fees",,,,,,auto
2026-07-31T19:52:26+00:00,edd55c4ba4b5453b98d0ddaf4d20a730,SPY,,buy,0.0,,swing,rejected,"Round-trip cost $18.24 is 13.0% of the $140.68 at risk, above the 10.0% limit - the trade is too small to carry its fees",,,,,,auto
2026-07-31T19:53:26+00:00,3e3654299e0349ffa62ed4b7b62e5b03,SPY,,buy,0.0,,swing,rejected,"Round-trip cost $18.24 is 13.0% of the $140.66 at risk, above the 10.0% limit - the trade is too small to carry its fees",,,,,,auto
2026-07-31T19:54:27+00:00,29bf1f8c1e1246ebb70fa71a3f459d35,SPY,,buy,0.0,,swing,rejected,"Round-trip cost $18.24 is 13.0% of the $140.65 at risk, above the 10.0% limit - the trade is too small to carry its fees",,,,,,auto
2026-07-31T19:55:27+00:00,fbacc5c66fc2401ea7576bcb9ba22325,SPY,,buy,0.0,,swing,rejected,"Round-trip cost $18.24 is 13.0% of the $140.73 at risk, above the 10.0% limit - the trade is too small to carry its fees",,,,,,auto
2026-07-31T19:56:27+00:00,efcfaacce04a4f4cab3d80e266471e15,SPY,,buy,0.0,,swing,rejected,"Round-trip cost $18.24 is 13.0% of the $140.71 at risk, above the 10.0% limit - the trade is too small to carry its fees",,,,,,auto
2026-07-31T19:57:27+00:00,cf04111102f14d22a2ab28f39209aebf,SPY,,buy,0.0,,swing,rejected,"Round-trip cost $18.24 is 13.0% of the $140.70 at risk, above the 10.0% limit - the trade is too small to carry its fees",,,,,,auto
2026-07-31T19:58:27+00:00,274e8d19407546fd86542c8a4d0341f3,SPY,,buy,0.0,,swing,rejected,"Round-trip cost $18.24 is 13.0% of the $140.70 at risk, above the 10.0% limit - the trade is too small to carry its fees",,,,,,auto
2026-07-31T19:59:27+00:00,c2cb311a247a4e06abc3bd40e96508ac,SPY,,buy,0.0,,swing,rejected,"Round-trip cost $18.24 is 13.0% of the $140.73 at risk, above the 10.0% limit - the trade is too small to carry its fees",,,,,,auto
2026-08-01T00:02:50+00:00,8596e37cf6ec404d9e543fedb2cc7333,CRWD,,sell,16.0,,,pending_signoff,protective stop for an unprotected position,,,,,,auto
2026-08-01T00:02:50+00:00,8596e37cf6ec404d9e543fedb2cc7333,CRWD,"CrowdStrike Holdings, Inc.",sell,16.0,,,blocked,US market is closed (after close),US,,100792.93,72870.95,0.0,auto
2026-08-01T00:02:50+00:00,f4d80806c48f4f058646928755d7b08e,CSCO,,sell,44.0,,,pending_signoff,protective stop for an unprotected position,,,,,,auto
2026-08-01T00:02:50+00:00,f4d80806c48f4f058646928755d7b08e,CSCO,"Cisco Systems, Inc.",sell,44.0,,,blocked,US market is closed (after close),US,,100792.93,72870.95,0.0,auto
2026-08-01T00:02:50+00:00,fd7d08e163d44b198997c41db71dc8fd,CVS,,sell,47.0,,,pending_signoff,protective stop for an unprotected position,,,,,,auto
2026-08-01T00:02:51+00:00,fd7d08e163d44b198997c41db71dc8fd,CVS,CVS Health Corporation,sell,47.0,,,blocked,US market is closed (after close),US,,100792.93,72870.95,0.0,auto
2026-08-01T00:02:51+00:00,475a64f271b64fb7bd467e8f91d0a706,JNJ,,sell,19.0,,,pending_signoff,protective stop for an unprotected position,,,,,,auto
2026-08-01T00:02:51+00:00,475a64f271b64fb7bd467e8f91d0a706,JNJ,Johnson & Johnson,sell,19.0,,,blocked,US market is closed (after close),US,,100792.93,72870.95,0.0,auto
2026-08-01T00:02:51+00:00,4e59da593ff64c8f9e60076fd0aff2e2,UNP,,sell,17.0,,,pending_signoff,protective stop for an unprotected position,,,,,,auto
2026-08-01T00:02:51+00:00,4e59da593ff64c8f9e60076fd0aff2e2,UNP,Union Pacific Corporation,sell,17.0,,,blocked,US market is closed (after close),US,,100792.93,72870.95,0.0,auto
2026-08-01T00:02:51+00:00,631f5ad4d32e4aae84c0579bad14bd1e,WFC,,sell,58.0,,,pending_signoff,protective stop for an unprotected position,,,,,,auto
2026-08-01T00:02:51+00:00,631f5ad4d32e4aae84c0579bad14bd1e,WFC,Wells Fargo & Company,sell,58.0,,,blocked,US market is closed (after close),US,,100792.93,72870.95,0.0,auto
2026-08-01T00:03:44+00:00,9a0bf72b-9fd3-4db9-a544-0e81e28080fb,CRWD,operator (blotter),sell,16.0,,,signed_off,protective stop resting at the broker,,,,,,auto
2026-08-01T00:03:44+00:00,f7ba12c9-ac01-44a0-b7ba-ee8f2863819e,CSCO,operator (blotter),sell,44.0,,,signed_off,protective stop resting at the broker,,,,,,auto
2026-08-01T00:03:45+00:00,c7e8f854-c500-415e-854a-a5e168265ac1,WFC,operator (blotter),sell,58.0,,,signed_off,protective stop resting at the broker,,,,,,auto
2026-08-01T00:03:45+00:00,4ebb2096-224d-4385-90f6-bd361c7cc905,JNJ,operator (blotter),sell,19.0,,,signed_off,protective stop resting at the broker,,,,,,auto
2026-08-01T00:03:45+00:00,c855fe24-df29-4fbc-b291-bea23ba8759d,UNP,operator (blotter),sell,17.0,,,signed_off,protective stop resting at the broker,,,,,,auto
2026-08-01T00:03:45+00:00,792aed7f-2c54-4970-8abe-29f287efd45f,CVS,operator (blotter),sell,47.0,,,signed_off,protective stop resting at the broker,,,,,,auto
2026-08-01T04:31:38+00:00,a7a20b0dade64737bf69958ea1fbcc79,CRWD,,sell,16.0,,,pending_signoff,protective stop for an unprotected position,,,,,,auto
2026-08-01T04:31:38+00:00,a7a20b0dade64737bf69958ea1fbcc79,CRWD,"CrowdStrike Holdings, Inc.",sell,16.0,,,blocked,US market is closed (weekend),US,,100787.44,72870.95,-5.4468106046631316e-05,auto
2026-08-01T04:33:21+00:00,cbcfdd4a-b963-406b-90b6-80b0c1e563c8,CRWD,operator (blotter),sell,16.0,,,signed_off,protective stop resting at the broker,,,,,,auto
2026-08-01T04:42:52+00:00,3452ffac9d44418f93f0ab01ba330867,CRWD,,sell,16.0,,,pending_signoff,protective stop for an unprotected position,,,,,,auto
2026-08-01T04:42:52+00:00,3452ffac9d44418f93f0ab01ba330867,CRWD,"CrowdStrike Holdings, Inc.",sell,16.0,,,blocked,US market is closed (weekend),US,,100787.44,72870.95,-5.4468106046631316e-05,auto
2026-08-01T04:49:04+00:00,3452ffac9d44418f93f0ab01ba330867,CRWD,operator (blotter),sell,16.0,,,rejected_by_operator,rejected via blotter,,,,,,auto
2026-08-01T05:01:47+00:00,493d66b489b746cb85f98ddf9a43a740,CVS,,sell,47.0,,,pending_signoff,protective stop for an unprotected position,,,,,,auto
2026-08-01T05:01:48+00:00,3a7eeb87-55da-42da-bed3-693e79a7eb72,CVS,autonomous-executor,sell,47.0,,,signed_off,protective stop resting at the broker,,,,,,auto
2026-08-01T05:01:48+00:00,3a7eeb87-55da-42da-bed3-693e79a7eb72,CVS,CVS Health Corporation,sell,47.0,,,auto_signed,"resting protective order - rests GTC, so a closed session is the right time to place it rather than a reason to wait",US,,100787.44,72870.95,-5.4468106046631316e-05,auto
2026-08-01T05:07:31+00:00,f0f713e23e7b455d80bb454ef0d78946,CSCO,,sell,44.0,,,pending_signoff,protective stop for an unprotected position,,,,,,auto
2026-08-01T05:07:32+00:00,9e2f58fb-3ea0-409a-a946-52fd54f93efe,CSCO,autonomous-executor,sell,44.0,,,signed_off,protective stop resting at the broker,,,,,,auto
2026-08-01T05:07:32+00:00,9e2f58fb-3ea0-409a-a946-52fd54f93efe,CSCO,"Cisco Systems, Inc.",sell,44.0,,,auto_signed,"resting protective order - rests GTC, so a closed session is the right time to place it rather than a reason to wait",US,,100787.44,72870.95,-5.4468106046631316e-05,auto
2026-08-01T05:07:32+00:00,cbaee643b0524cd58882d107b250ce08,JNJ,,sell,19.0,,,pending_signoff,protective stop for an unprotected position,,,,,,auto
2026-08-01T05:07:32+00:00,9c1cf5da-de72-4467-b1f7-65a8e72ab403,JNJ,autonomous-executor,sell,19.0,,,signed_off,protective stop resting at the broker,,,,,,auto
2026-08-01T05:07:32+00:00,9c1cf5da-de72-4467-b1f7-65a8e72ab403,JNJ,Johnson & Johnson,sell,19.0,,,auto_signed,"resting protective order - rests GTC, so a closed session is the right time to place it rather than a reason to wait",US,,100787.44,72870.95,-5.4468106046631316e-05,auto
2026-08-01T05:07:32+00:00,095fedb171d84ea58e80a1cc56dcc02e,UNP,,sell,17.0,,,pending_signoff,protective stop for an unprotected position,,,,,,auto
2026-08-01T05:07:33+00:00,8c510b0a-a38a-480b-a2ff-1c2684237cdf,UNP,autonomous-executor,sell,17.0,,,signed_off,protective stop resting at the broker,,,,,,auto
2026-08-01T05:07:33+00:00,8c510b0a-a38a-480b-a2ff-1c2684237cdf,UNP,Union Pacific Corporation,sell,17.0,,,auto_signed,"resting protective order - rests GTC, so a closed session is the right time to place it rather than a reason to wait",US,,100787.44,72870.95,-5.4468106046631316e-05,auto
2026-08-01T05:07:33+00:00,f7fca083921146deae19c1adc16476a0,WFC,,sell,58.0,,,pending_signoff,protective stop for an unprotected position,,,,,,auto
2026-08-01T05:07:33+00:00,e4a15e0f-018c-41b1-8a49-32bf2cc9261e,WFC,autonomous-executor,sell,58.0,,,signed_off,protective stop resting at the broker,,,,,,auto
2026-08-01T05:07:33+00:00,e4a15e0f-018c-41b1-8a49-32bf2cc9261e,WFC,Wells Fargo & Company,sell,58.0,,,auto_signed,"resting protective order - rests GTC, so a closed session is the right time to place it rather than a reason to wait",US,,100787.44,72870.95,-5.4468106046631316e-05,auto
2026-08-01T05:38:25+00:00,f77a62f8e71b415d813fe96fbf963e47,WFC,,sell,58.0,,,pending_signoff,protective stop for an unprotected position,,,,,,auto
2026-08-01T05:38:25+00:00,260cbb38-345c-4234-b0ab-391a3cd0acbc,WFC,autonomous-executor,sell,58.0,,,signed_off,protective stop resting at the broker,,,,,,auto
2026-08-01T05:38:25+00:00,260cbb38-345c-4234-b0ab-391a3cd0acbc,WFC,Wells Fargo & Company,sell,58.0,,,auto_signed,"resting protective order - rests GTC, so a closed session is the right time to place it rather than a reason to wait",US,,100787.44,72870.95,-5.4468106046631316e-05,auto
2026-08-04T13:30:20+00:00,b04f07d160a843228a640cb0f91ac25c,MS,,buy,41.0,213.67,swing,proposed,awaiting sign-off,,,,,,auto
2026-08-04T13:30:20+00:00,b04f07d160a843228a640cb0f91ac25c,MS,Morgan Stanley,buy,41.0,213.67,swing,blocked,session phase 'Opening Volatility' is not eligible for unattended execution,US,Opening Volatility,101120.94,72870.94,0.00026856249033702995,auto
2026-08-04T13:30:21+00:00,c7ce1f84f9e44c93bbd12c8148c87aa2,AMAT,,buy,7.0,541.55,swing,proposed,awaiting sign-off,,,,,,auto
2026-08-04T13:30:21+00:00,c7ce1f84f9e44c93bbd12c8148c87aa2,AMAT,"Applied Materials, Inc.",buy,7.0,541.55,swing,blocked,session phase 'Opening Volatility' is not eligible for unattended execution,US,Opening Volatility,101114.21,72870.94,0.0002019906465076916,auto
2026-08-04T13:30:22+00:00,9d46d202e3814e4eb4605d504064d92b,AMD,,buy,7.0,503.16,swing,proposed,awaiting sign-off,,,,,,auto
2026-08-04T13:30:22+00:00,9d46d202e3814e4eb4605d504064d92b,AMD,"Advanced Micro Devices, Inc.",buy,7.0,503.16,swing,blocked,session phase 'Opening Volatility' is not eligible for unattended execution,US,Opening Volatility,101122.76,72870.94,0.000286565574403741,auto
2026-08-04T13:30:24+00:00,c6e6bd6dfbfb4007996ab7f232371b2d,GS,,buy,7.0,1049.25,swing,proposed,awaiting sign-off,,,,,,auto
2026-08-04T13:30:24+00:00,c6e6bd6dfbfb4007996ab7f232371b2d,GS,"The Goldman Sachs Group, Inc.",buy,7.0,1049.25,swing,blocked,session phase 'Opening Volatility' is not eligible for unattended execution,US,Opening Volatility,101112.28,72870.94,0.00018289946395327785,auto
2026-08-04T13:44:21+00:00,a3ae78cfb4ae41af9fd7765f19f78967,VRTX,,buy,0.0,,swing,rejected,already at the 10-position limit (10 held or pending),,,,,,auto
2026-08-04T14:01:24+00:00,80fc2bbf-dbc6-4c59-b850-cfc382425695,MS,autonomous-executor,buy,41.0,213.67,swing,signed_off,transmitted to the broker,,,,,,auto
2026-08-04T14:01:24+00:00,80fc2bbf-dbc6-4c59-b850-cfc382425695,MS,Morgan Stanley,buy,41.0,213.67,swing,auto_signed,all autonomy preconditions met,US,Morning Trend,101306.08,72870.94,0.002099931162933036,auto
2026-08-04T14:01:24+00:00,f3ff9467-a84c-4b5f-8fab-7bcedf0a22e0,AMAT,autonomous-executor,buy,7.0,541.55,swing,signed_off,transmitted to the broker,,,,,,auto
2026-08-04T14:01:24+00:00,f3ff9467-a84c-4b5f-8fab-7bcedf0a22e0,AMAT,"Applied Materials, Inc.",buy,7.0,541.55,swing,auto_signed,all autonomy preconditions met,US,Morning Trend,101303.96,72870.94,0.0020789605375366067,auto
2026-08-04T14:01:25+00:00,b12a7a79-5877-4329-826b-59eced518387,AMD,autonomous-executor,buy,7.0,503.16,swing,signed_off,transmitted to the broker,,,,,,auto
2026-08-04T14:01:25+00:00,b12a7a79-5877-4329-826b-59eced518387,AMD,"Advanced Micro Devices, Inc.",buy,7.0,503.16,swing,auto_signed,all autonomy preconditions met,US,Morning Trend,101304.71,71789.84,0.0020863793908608313,auto
2026-08-04T14:01:26+00:00,ae96947451404c0fa52f8b1d2e4d03f4,MS,,buy,41.0,213.345,swing,proposed,awaiting sign-off,,,,,,auto
2026-08-04T14:01:26+00:00,554d8f08-d72d-4673-9211-38aea2dd7588,GS,autonomous-executor,buy,7.0,1049.25,swing,signed_off,transmitted to the broker,,,,,,auto
2026-08-04T14:01:26+00:00,554d8f08-d72d-4673-9211-38aea2dd7588,GS,"The Goldman Sachs Group, Inc.",buy,7.0,1049.25,swing,auto_signed,all autonomy preconditions met,US,Morning Trend,101303.23,68798.04,0.002071739520300924,auto
2026-08-04T14:01:26+00:00,803929c9-9c33-4bc8-9ee2-4175af943a1c,MS,autonomous-executor,buy,41.0,213.345,swing,signed_off,transmitted to the broker,,,,,,auto
2026-08-04T14:01:26+00:00,803929c9-9c33-4bc8-9ee2-4175af943a1c,MS,Morgan Stanley,buy,41.0,213.345,swing,auto_signed,all autonomy preconditions met,US,Morning Trend,101297.66,62007.74,0.0020166421696130882,auto
2026-08-04T14:03:00+00:00,b441afb374e04c9897c804cb6f5256c1,AMAT,,sell,7.0,,,pending_signoff,protective stop for an unprotected position,,,,,,auto
2026-08-04T14:03:01+00:00,b441afb374e04c9897c804cb6f5256c1,AMAT,autonomous-executor,sell,7.0,,,rejected,"broker refused: {""available"":""0"",""code"":40310000,""existing_qty"":""7"",""held_for_orders"":""7"",""message"":""insufficient qty available for order (requested: 7, available: 0)"",""related_orders"":[""699407f9-8332-4d16-a822-b50391031474""],""symbol"":""AMAT""}",,,,,,auto
2026-08-04T14:03:01+00:00,b441afb374e04c9897c804cb6f5256c1,AMAT,"Applied Materials, Inc.",sell,7.0,,,blocked_by_oms,"gate allowed but OMS rejected at sign-off (resting protective order - rests GTC, so a closed session is the right time to place it rather than a reason to wait)",US,Morning Trend,101342.26,40608.57,0.0024578166472935792,auto
2026-08-04T14:03:01+00:00,932e68e21a9548ff87bb1baaa0c43f14,AMD,,sell,7.0,,,pending_signoff,protective stop for an unprotected position,,,,,,auto
2026-08-04T14:03:01+00:00,932e68e21a9548ff87bb1baaa0c43f14,AMD,autonomous-executor,sell,7.0,,,rejected,"broker refused: {""available"":""0"",""code"":40310000,""existing_qty"":""7"",""held_for_orders"":""7"",""message"":""insufficient qty available for order (requested: 7, available: 0)"",""related_orders"":[""bfc414c9-9371-49fb-b0ff-151efc5329f4""],""symbol"":""AMD""}",,,,,,auto
2026-08-04T14:03:01+00:00,932e68e21a9548ff87bb1baaa0c43f14,AMD,"Advanced Micro Devices, Inc.",sell,7.0,,,blocked_by_oms,"gate allowed but OMS rejected at sign-off (resting protective order - rests GTC, so a closed session is the right time to place it rather than a reason to wait)",US,Morning Trend,101344.47,40608.57,0.0024796775350890256,auto
2026-08-04T14:03:01+00:00,bbe7266c8c684090bb22e25c9121bab2,GS,,sell,7.0,,,pending_signoff,protective stop for an unprotected position,,,,,,auto
2026-08-04T14:03:02+00:00,bbe7266c8c684090bb22e25c9121bab2,GS,autonomous-executor,sell,7.0,,,rejected,"broker refused: {""available"":""0"",""code"":40310000,""existing_qty"":""7"",""held_for_orders"":""7"",""message"":""insufficient qty available for order (requested: 7, available: 0)"",""related_orders"":[""bb1e0d5b-23bd-4f11-8961-8931a9ccfc07""],""symbol"":""GS""}",,,,,,auto
2026-08-04T14:03:02+00:00,bbe7266c8c684090bb22e25c9121bab2,GS,"The Goldman Sachs Group, Inc.",sell,7.0,,,blocked_by_oms,"gate allowed but OMS rejected at sign-off (resting protective order - rests GTC, so a closed session is the right time to place it rather than a reason to wait)",US,Morning Trend,101343.8,40608.57,0.002473050026119402,auto
2026-08-04T14:03:02+00:00,e37233e1897d4653a940a4995f2cb61a,MS,,sell,82.0,,,pending_signoff,protective stop for an unprotected position,,,,,,auto
2026-08-04T14:03:02+00:00,e37233e1897d4653a940a4995f2cb61a,MS,autonomous-executor,sell,82.0,,,rejected,"broker refused: {""available"":""0"",""code"":40310000,""existing_qty"":""82"",""held_for_orders"":""82"",""message"":""insufficient qty available for order (requested: 82, available: 0)"",""related_orders"":[""8fc541eb-e22a-44a2-9204-787212873940"",""14aa2dbb-4055-4208-865e-1fab75c0ccb4""],""symbol"":""MS""}",,,,,,auto
2026-08-04T14:03:02+00:00,e37233e1897d4653a940a4995f2cb61a,MS,Morgan Stanley,sell,82.0,,,blocked_by_oms,"gate allowed but OMS rejected at sign-off (resting protective order - rests GTC, so a closed session is the right time to place it rather than a reason to wait)",US,Morning Trend,101345.65,40608.57,0.00249134986431907,auto
2026-08-04T14:08:03+00:00,7a23218addd04b5a8d960d1c07b276a1,AMAT,,sell,7.0,,,pending_signoff,protective stop for an unprotected position,,,,,,auto
2026-08-04T14:08:03+00:00,7a23218addd04b5a8d960d1c07b276a1,AMAT,"Applied Materials, Inc.",sell,7.0,,,blocked,kill-switch active: Broker reconciliation mismatch,US,Morning Trend,101399.85,40608.57,0.0030274856645498426,auto
2026-08-04T14:08:03+00:00,455278d03388417bbe41486cfc234e62,AMD,,sell,7.0,,,pending_signoff,protective stop for an unprotected position,,,,,,auto
2026-08-04T14:08:03+00:00,455278d03388417bbe41486cfc234e62,AMD,"Advanced Micro Devices, Inc.",sell,7.0,,,blocked,kill-switch active: Broker reconciliation mismatch,US,Morning Trend,101402.6,40608.57,0.0030546881267386676,auto
2026-08-04T14:08:03+00:00,87d93bcb7cdc4082894cccc54197607e,GS,,sell,7.0,,,pending_signoff,protective stop for an unprotected position,,,,,,auto
2026-08-04T14:08:04+00:00,87d93bcb7cdc4082894cccc54197607e,GS,"The Goldman Sachs Group, Inc.",sell,7.0,,,blocked,kill-switch active: Broker reconciliation mismatch,US,Morning Trend,101401.97,40608.57,0.0030484562899462725,auto
2026-08-04T14:08:04+00:00,fc59a6bc5dc748f6b82a5be76657662a,MS,,sell,82.0,,,pending_signoff,protective stop for an unprotected position,,,,,,auto
2026-08-04T14:08:04+00:00,fc59a6bc5dc748f6b82a5be76657662a,MS,Morgan Stanley,sell,82.0,,,blocked,kill-switch active: Broker reconciliation mismatch,US,Morning Trend,101401.4,40608.57,0.0030428179614197925,auto
2026-08-04T14:18:07+00:00,d40c2ecb7d044c059c45f3e5d9041d8e,AMAT,,sell,7.0,,,pending_signoff,protective stop for an unprotected position,,,,,,auto
2026-08-04T14:18:07+00:00,d40c2ecb7d044c059c45f3e5d9041d8e,AMAT,autonomous-executor,sell,7.0,,,rejected,"broker refused: {""available"":""0"",""code"":40310000,""existing_qty"":""7"",""held_for_orders"":""7"",""message"":""insufficient qty available for order (requested: 7, available: 0)"",""related_orders"":[""699407f9-8332-4d16-a822-b50391031474""],""symbol"":""AMAT""}",,,,,,auto
2026-08-04T14:18:07+00:00,d40c2ecb7d044c059c45f3e5d9041d8e,AMAT,"Applied Materials, Inc.",sell,7.0,,,blocked_by_oms,"gate allowed but OMS rejected at sign-off (resting protective order - rests GTC, so a closed session is the right time to place it rather than a reason to wait)",US,Morning Trend,101440.36,40608.57,0.003428202662102262,auto
2026-08-04T14:18:07+00:00,c079e8ee6b244469815309a83d5976cd,AMD,,sell,7.0,,,pending_signoff,protective stop for an unprotected position,,,,,,auto
2026-08-04T14:18:08+00:00,c079e8ee6b244469815309a83d5976cd,AMD,autonomous-executor,sell,7.0,,,rejected,"broker refused: {""available"":""0"",""code"":40310000,""existing_qty"":""7"",""held_for_orders"":""7"",""message"":""insufficient qty available for order (requested: 7, available: 0)"",""related_orders"":[""bfc414c9-9371-49fb-b0ff-151efc5329f4""],""symbol"":""AMD""}",,,,,,auto
2026-08-04T14:18:08+00:00,c079e8ee6b244469815309a83d5976cd,AMD,"Advanced Micro Devices, Inc.",sell,7.0,,,blocked_by_oms,"gate allowed but OMS rejected at sign-off (resting protective order - rests GTC, so a closed session is the right time to place it rather than a reason to wait)",US,Morning Trend,101441.87,40608.57,0.0034431392867949827,auto
2026-08-04T14:18:08+00:00,63907413cef04a97be707c502ca6c8a5,GS,,sell,7.0,,,pending_signoff,protective stop for an unprotected position,,,,,,auto
2026-08-04T14:18:08+00:00,63907413cef04a97be707c502ca6c8a5,GS,autonomous-executor,sell,7.0,,,rejected,"broker refused: {""available"":""0"",""code"":40310000,""existing_qty"":""7"",""held_for_orders"":""7"",""message"":""insufficient qty available for order (requested: 7, available: 0)"",""related_orders"":[""bb1e0d5b-23bd-4f11-8961-8931a9ccfc07""],""symbol"":""GS""}",,,,,,auto
2026-08-04T14:18:08+00:00,63907413cef04a97be707c502ca6c8a5,GS,"The Goldman Sachs Group, Inc.",sell,7.0,,,blocked_by_oms,"gate allowed but OMS rejected at sign-off (resting protective order - rests GTC, so a closed session is the right time to place it rather than a reason to wait)",US,Morning Trend,101443.46,40608.57,0.0034588672558424492,auto
2026-08-04T14:18:08+00:00,ab7fa21036a344c5b29902464bd1fd4f,MS,,sell,82.0,,,pending_signoff,protective stop for an unprotected position,,,,,,auto
2026-08-04T14:18:09+00:00,ab7fa21036a344c5b29902464bd1fd4f,MS,autonomous-executor,sell,82.0,,,rejected,"broker refused: {""available"":""0"",""code"":40310000,""existing_qty"":""82"",""held_for_orders"":""82"",""message"":""insufficient qty available for order (requested: 82, available: 0)"",""related_orders"":[""8fc541eb-e22a-44a2-9204-787212873940"",""14aa2dbb-4055-4208-865e-1fab75c0ccb4""],""symbol"":""MS""}",,,,,,auto
2026-08-04T14:18:09+00:00,ab7fa21036a344c5b29902464bd1fd4f,MS,Morgan Stanley,sell,82.0,,,blocked_by_oms,"gate allowed but OMS rejected at sign-off (resting protective order - rests GTC, so a closed session is the right time to place it rather than a reason to wait)",US,Morning Trend,101442.76,40608.57,0.003451942992739724,auto
2026-08-04T14:18:09+00:00,086139bf03694729b33e50ef32af595d,VRTX,,buy,0.0,,swing,rejected,already at the 10-position limit (10 held or pending),,,,,,auto
2026-08-04T14:23:09+00:00,080056860d4042518cafa1ad62c57fe7,AMAT,,sell,7.0,,,pending_signoff,protective stop for an unprotected position,,,,,,auto
2026-08-04T14:23:10+00:00,080056860d4042518cafa1ad62c57fe7,AMAT,autonomous-executor,sell,7.0,,,rejected,"broker refused: {""available"":""0"",""code"":40310000,""existing_qty"":""7"",""held_for_orders"":""7"",""message"":""insufficient qty available for order (requested: 7, available: 0)"",""related_orders"":[""699407f9-8332-4d16-a822-b50391031474""],""symbol"":""AMAT""}",,,,,,auto
2026-08-04T14:23:10+00:00,080056860d4042518cafa1ad62c57fe7,AMAT,"Applied Materials, Inc.",sell,7.0,,,blocked_by_oms,"gate allowed but OMS rejected at sign-off (resting protective order - rests GTC, so a closed session is the right time to place it rather than a reason to wait)",US,Morning Trend,101348.43,40608.57,0.0025188490806408526,auto
2026-08-04T14:23:10+00:00,febd65c4fda74d4599adc8e502791287,AMD,,sell,7.0,,,pending_signoff,protective stop for an unprotected position,,,,,,auto
2026-08-04T14:23:10+00:00,febd65c4fda74d4599adc8e502791287,AMD,autonomous-executor,sell,7.0,,,rejected,"broker refused: {""available"":""0"",""code"":40310000,""existing_qty"":""7"",""held_for_orders"":""7"",""message"":""insufficient qty available for order (requested: 7, available: 0)"",""related_orders"":[""bfc414c9-9371-49fb-b0ff-151efc5329f4""],""symbol"":""AMD""}",,,,,,auto
2026-08-04T14:23:10+00:00,febd65c4fda74d4599adc8e502791287,AMD,"Advanced Micro Devices, Inc.",sell,7.0,,,blocked_by_oms,"gate allowed but OMS rejected at sign-off (resting protective order - rests GTC, so a closed session is the right time to place it rather than a reason to wait)",US,Morning Trend,101347.61,40608.57,0.0025107378010064416,auto
2026-08-04T14:23:10+00:00,28a6b3fd2caa47a086fd8587502cd327,GS,,sell,7.0,,,pending_signoff,protective stop for an unprotected position,,,,,,auto
2026-08-04T14:23:11+00:00,28a6b3fd2caa47a086fd8587502cd327,GS,autonomous-executor,sell,7.0,,,rejected,"broker refused: {""available"":""0"",""code"":40310000,""existing_qty"":""7"",""held_for_orders"":""7"",""message"":""insufficient qty available for order (requested: 7, available: 0)"",""related_orders"":[""bb1e0d5b-23bd-4f11-8961-8931a9ccfc07""],""symbol"":""GS""}",,,,,,auto
2026-08-04T14:23:11+00:00,28a6b3fd2caa47a086fd8587502cd327,GS,"The Goldman Sachs Group, Inc.",sell,7.0,,,blocked_by_oms,"gate allowed but OMS rejected at sign-off (resting protective order - rests GTC, so a closed session is the right time to place it rather than a reason to wait)",US,Morning Trend,101349.95,40608.57,0.002533884623377989,auto
2026-08-04T14:23:11+00:00,482cd950bef74b37af4260787cb68cca,MS,,sell,82.0,,,pending_signoff,protective stop for an unprotected position,,,,,,auto
2026-08-04T14:23:11+00:00,482cd950bef74b37af4260787cb68cca,MS,autonomous-executor,sell,82.0,,,rejected,"broker refused: {""available"":""0"",""code"":40310000,""existing_qty"":""82"",""held_for_orders"":""82"",""message"":""insufficient qty available for order (requested: 82, available: 0)"",""related_orders"":[""8fc541eb-e22a-44a2-9204-787212873940"",""14aa2dbb-4055-4208-865e-1fab75c0ccb4""],""symbol"":""MS""}",,,,,,auto
2026-08-04T14:23:11+00:00,482cd950bef74b37af4260787cb68cca,MS,Morgan Stanley,sell,82.0,,,blocked_by_oms,"gate allowed but OMS rejected at sign-off (resting protective order - rests GTC, so a closed session is the right time to place it rather than a reason to wait)",US,Morning Trend,101351.84,40608.57,0.00255258013375503,auto
2026-08-04T14:28:12+00:00,eb4999054846494dbd69d72115a766b3,AMAT,,sell,7.0,,,pending_signoff,protective stop for an unprotected position,,,,,,auto
2026-08-04T14:28:12+00:00,eb4999054846494dbd69d72115a766b3,AMAT,autonomous-executor,sell,7.0,,,rejected,"broker refused: {""available"":""0"",""code"":40310000,""existing_qty"":""7"",""held_for_orders"":""7"",""message"":""insufficient qty available for order (requested: 7, available: 0)"",""related_orders"":[""699407f9-8332-4d16-a822-b50391031474""],""symbol"":""AMAT""}",,,,,,auto
2026-08-04T14:28:12+00:00,eb4999054846494dbd69d72115a766b3,AMAT,"Applied Materials, Inc.",sell,7.0,,,blocked_by_oms,"gate allowed but OMS rejected at sign-off (resting protective order - rests GTC, so a closed session is the right time to place it rather than a reason to wait)",US,Morning Trend,101359.97,40608.57,0.002633000503789675,auto
2026-08-04T14:28:12+00:00,08e53f4503ee49dbb7a019725f05304b,AMD,,sell,7.0,,,pending_signoff,protective stop for an unprotected position,,,,,,auto
2026-08-04T14:28:13+00:00,08e53f4503ee49dbb7a019725f05304b,AMD,autonomous-executor,sell,7.0,,,rejected,"broker refused: {""available"":""0"",""code"":40310000,""existing_qty"":""7"",""held_for_orders"":""7"",""message"":""insufficient qty available for order (requested: 7, available: 0)"",""related_orders"":[""bfc414c9-9371-49fb-b0ff-151efc5329f4""],""symbol"":""AMD""}",,,,,,auto
2026-08-04T14:28:13+00:00,08e53f4503ee49dbb7a019725f05304b,AMD,"Advanced Micro Devices, Inc.",sell,7.0,,,blocked_by_oms,"gate allowed but OMS rejected at sign-off (resting protective order - rests GTC, so a closed session is the right time to place it rather than a reason to wait)",US,Morning Trend,101360.72,40608.57,0.0026404193571139,auto
2026-08-04T14:28:13+00:00,78b402d0e23c4d969e35cd4cb4a18539,GS,,sell,7.0,,,pending_signoff,protective stop for an unprotected position,,,,,,auto
2026-08-04T14:28:13+00:00,78b402d0e23c4d969e35cd4cb4a18539,GS,autonomous-executor,sell,7.0,,,rejected,"broker refused: {""available"":""0"",""code"":40310000,""existing_qty"":""7"",""held_for_orders"":""7"",""message"":""insufficient qty available for order (requested: 7, available: 0)"",""related_orders"":[""bb1e0d5b-23bd-4f11-8961-8931a9ccfc07""],""symbol"":""GS""}",,,,,,auto
2026-08-04T14:28:13+00:00,78b402d0e23c4d969e35cd4cb4a18539,GS,"The Goldman Sachs Group, Inc.",sell,7.0,,,blocked_by_oms,"gate allowed but OMS rejected at sign-off (resting protective order - rests GTC, so a closed session is the right time to place it rather than a reason to wait)",US,Morning Trend,101360.34,40608.57,0.0026366604714295797,auto
2026-08-04T14:28:13+00:00,9be5ab08724744e485b0ec723d218627,MS,,sell,82.0,,,pending_signoff,protective stop for an unprotected position,,,,,,auto
2026-08-04T14:28:14+00:00,9be5ab08724744e485b0ec723d218627,MS,autonomous-executor,sell,82.0,,,rejected,"broker refused: {""available"":""0"",""code"":40310000,""existing_qty"":""82"",""held_for_orders"":""82"",""message"":""insufficient qty available for order (requested: 82, available: 0)"",""related_orders"":[""8fc541eb-e22a-44a2-9204-787212873940"",""14aa2dbb-4055-4208-865e-1fab75c0ccb4""],""symbol"":""MS""}",,,,,,auto
2026-08-04T14:28:14+00:00,9be5ab08724744e485b0ec723d218627,MS,Morgan Stanley,sell,82.0,,,blocked_by_oms,"gate allowed but OMS rejected at sign-off (resting protective order - rests GTC, so a closed session is the right time to place it rather than a reason to wait)",US,Morning Trend,101360.34,40608.57,0.0026366604714295797,auto
2026-08-04T14:33:14+00:00,5efb514e19d24779a30a5fd7dd3ceb50,AMAT,,sell,7.0,,,pending_signoff,protective stop for an unprotected position,,,,,,auto
2026-08-04T14:33:14+00:00,5efb514e19d24779a30a5fd7dd3ceb50,AMAT,autonomous-executor,sell,7.0,,,rejected,"broker refused: {""available"":""0"",""code"":40310000,""existing_qty"":""7"",""held_for_orders"":""7"",""message"":""insufficient qty available for order (requested: 7, available: 0)"",""related_orders"":[""699407f9-8332-4d16-a822-b50391031474""],""symbol"":""AMAT""}",,,,,,auto
2026-08-04T14:33:14+00:00,5efb514e19d24779a30a5fd7dd3ceb50,AMAT,"Applied Materials, Inc.",sell,7.0,,,blocked_by_oms,"gate allowed but OMS rejected at sign-off (resting protective order - rests GTC, so a closed session is the right time to place it rather than a reason to wait)",US,Morning Trend,101432.43,40608.57,0.0033497606529540483,auto
2026-08-04T14:33:14+00:00,6fa631caff534a2eb600e00d739e67e2,AMD,,sell,7.0,,,pending_signoff,protective stop for an unprotected position,,,,,,auto
2026-08-04T14:33:15+00:00,6fa631caff534a2eb600e00d739e67e2,AMD,autonomous-executor,sell,7.0,,,rejected,"broker refused: {""available"":""0"",""code"":40310000,""existing_qty"":""7"",""held_for_orders"":""7"",""message"":""insufficient qty available for order (requested: 7, available: 0)"",""related_orders"":[""bfc414c9-9371-49fb-b0ff-151efc5329f4""],""symbol"":""AMD""}",,,,,,auto
2026-08-04T14:33:15+00:00,6fa631caff534a2eb600e00d739e67e2,AMD,"Advanced Micro Devices, Inc.",sell,7.0,,,blocked_by_oms,"gate allowed but OMS rejected at sign-off (resting protective order - rests GTC, so a closed session is the right time to place it rather than a reason to wait)",US,Morning Trend,101430.77,40608.57,0.0033333402575965398,auto
2026-08-04T14:33:15+00:00,8755055b78ff40ef91062481d76482b1,GS,,sell,7.0,,,pending_signoff,protective stop for an unprotected position,,,,,,auto
2026-08-04T14:33:15+00:00,8755055b78ff40ef91062481d76482b1,GS,autonomous-executor,sell,7.0,,,rejected,"broker refused: {""available"":""0"",""code"":40310000,""existing_qty"":""7"",""held_for_orders"":""7"",""message"":""insufficient qty available for order (requested: 7, available: 0)"",""related_orders"":[""bb1e0d5b-23bd-4f11-8961-8931a9ccfc07""],""symbol"":""GS""}",,,,,,auto
2026-08-04T14:33:15+00:00,8755055b78ff40ef91062481d76482b1,GS,"The Goldman Sachs Group, Inc.",sell,7.0,,,blocked_by_oms,"gate allowed but OMS rejected at sign-off (resting protective order - rests GTC, so a closed session is the right time to place it rather than a reason to wait)",US,Morning Trend,101430.66,40608.57,0.003332252159108981,auto
2026-08-04T14:33:15+00:00,0ab4c6d96ccf4bf4a696cc188e44efd0,MS,,sell,82.0,,,pending_signoff,protective stop for an unprotected position,,,,,,auto
2026-08-04T14:33:16+00:00,0ab4c6d96ccf4bf4a696cc188e44efd0,MS,autonomous-executor,sell,82.0,,,rejected,"broker refused: {""available"":""0"",""code"":40310000,""existing_qty"":""82"",""held_for_orders"":""82"",""message"":""insufficient qty available for order (requested: 82, available: 0)"",""related_orders"":[""8fc541eb-e22a-44a2-9204-787212873940"",""14aa2dbb-4055-4208-865e-1fab75c0ccb4""],""symbol"":""MS""}",,,,,,auto
2026-08-04T14:33:16+00:00,0ab4c6d96ccf4bf4a696cc188e44efd0,MS,Morgan Stanley,sell,82.0,,,blocked_by_oms,"gate allowed but OMS rejected at sign-off (resting protective order - rests GTC, so a closed session is the right time to place it rather than a reason to wait)",US,Morning Trend,101431.54,40608.57,0.0033409569470093073,auto
2026-08-04T14:38:16+00:00,30ee1ce21d034cd19de65ee20056a43b,AMAT,,sell,7.0,,,pending_signoff,protective stop for an unprotected position,,,,,,auto
2026-08-04T14:38:17+00:00,30ee1ce21d034cd19de65ee20056a43b,AMAT,autonomous-executor,sell,7.0,,,rejected,"broker refused: {""available"":""0"",""code"":40310000,""existing_qty"":""7"",""held_for_orders"":""7"",""message"":""insufficient qty available for order (requested: 7, available: 0)"",""related_orders"":[""699407f9-8332-4d16-a822-b50391031474""],""symbol"":""AMAT""}",,,,,,auto
2026-08-04T14:38:17+00:00,30ee1ce21d034cd19de65ee20056a43b,AMAT,"Applied Materials, Inc.",sell,7.0,,,blocked_by_oms,"gate allowed but OMS rejected at sign-off (resting protective order - rests GTC, so a closed session is the right time to place it rather than a reason to wait)",US,Morning Trend,101488.92,40608.57,0.003908548685334724,auto
2026-08-04T14:38:17+00:00,b9cd2c0d55d84587a71dc444e2de3be7,AMD,,sell,7.0,,,pending_signoff,protective stop for an unprotected position,,,,,,auto
2026-08-04T14:38:17+00:00,b9cd2c0d55d84587a71dc444e2de3be7,AMD,autonomous-executor,sell,7.0,,,rejected,"broker refused: {""available"":""0"",""code"":40310000,""existing_qty"":""7"",""held_for_orders"":""7"",""message"":""insufficient qty available for order (requested: 7, available: 0)"",""related_orders"":[""bfc414c9-9371-49fb-b0ff-151efc5329f4""],""symbol"":""AMD""}",,,,,,auto
2026-08-04T14:38:17+00:00,b9cd2c0d55d84587a71dc444e2de3be7,AMD,"Advanced Micro Devices, Inc.",sell,7.0,,,blocked_by_oms,"gate allowed but OMS rejected at sign-off (resting protective order - rests GTC, so a closed session is the right time to place it rather than a reason to wait)",US,Morning Trend,101489.32,40608.57,0.0039125054071077305,auto
2026-08-04T14:38:17+00:00,9d40b07e114646509a86a957dd248c80,GS,,sell,7.0,,,pending_signoff,protective stop for an unprotected position,,,,,,auto
2026-08-04T14:38:18+00:00,9d40b07e114646509a86a957dd248c80,GS,autonomous-executor,sell,7.0,,,rejected,"broker refused: {""available"":""0"",""code"":40310000,""existing_qty"":""7"",""held_for_orders"":""7"",""message"":""insufficient qty available for order (requested: 7, available: 0)"",""related_orders"":[""bb1e0d5b-23bd-4f11-8961-8931a9ccfc07""],""symbol"":""GS""}",,,,,,auto
2026-08-04T14:38:18+00:00,9d40b07e114646509a86a957dd248c80,GS,"The Goldman Sachs Group, Inc.",sell,7.0,,,blocked_by_oms,"gate allowed but OMS rejected at sign-off (resting protective order - rests GTC, so a closed session is the right time to place it rather than a reason to wait)",US,Morning Trend,101488.21,40608.57,0.003901525504187872,auto
2026-08-04T14:38:18+00:00,91a7dddcfcb14b35b6375d1d05168a5c,MS,,sell,82.0,,,pending_signoff,protective stop for an unprotected position,,,,,,auto
2026-08-04T14:38:18+00:00,91a7dddcfcb14b35b6375d1d05168a5c,MS,autonomous-executor,sell,82.0,,,rejected,"broker refused: {""available"":""0"",""code"":40310000,""existing_qty"":""82"",""held_for_orders"":""82"",""message"":""insufficient qty available for order (requested: 82, available: 0)"",""related_orders"":[""8fc541eb-e22a-44a2-9204-787212873940"",""14aa2dbb-4055-4208-865e-1fab75c0ccb4""],""symbol"":""MS""}",,,,,,auto
2026-08-04T14:38:18+00:00,91a7dddcfcb14b35b6375d1d05168a5c,MS,Morgan Stanley,sell,82.0,,,blocked_by_oms,"gate allowed but OMS rejected at sign-off (resting protective order - rests GTC, so a closed session is the right time to place it rather than a reason to wait)",US,Morning Trend,101486.75,40608.57,0.0038870834697166505,auto
2026-08-04T14:43:19+00:00,dc3b4a26a0e1440e807152cca4baa0ba,AMAT,,sell,7.0,,,pending_signoff,protective stop for an unprotected position,,,,,,auto
2026-08-04T14:43:19+00:00,dc3b4a26a0e1440e807152cca4baa0ba,AMAT,autonomous-executor,sell,7.0,,,rejected,"broker refused: {""available"":""0"",""code"":40310000,""existing_qty"":""7"",""held_for_orders"":""7"",""message"":""insufficient qty available for order (requested: 7, available: 0)"",""related_orders"":[""699407f9-8332-4d16-a822-b50391031474""],""symbol"":""AMAT""}",,,,,,auto
2026-08-04T14:43:19+00:00,dc3b4a26a0e1440e807152cca4baa0ba,AMAT,"Applied Materials, Inc.",sell,7.0,,,blocked_by_oms,"gate allowed but OMS rejected at sign-off (resting protective order - rests GTC, so a closed session is the right time to place it rather than a reason to wait)",US,Morning Trend,101608.36,40608.57,0.005090025806728653,auto
2026-08-04T14:43:19+00:00,e9dc87587d514ae68883151c008ae0e7,AMD,,sell,7.0,,,pending_signoff,protective stop for an unprotected position,,,,,,auto
2026-08-04T14:43:19+00:00,e9dc87587d514ae68883151c008ae0e7,AMD,autonomous-executor,sell,7.0,,,rejected,"broker refused: {""available"":""0"",""code"":40310000,""existing_qty"":""7"",""held_for_orders"":""7"",""message"":""insufficient qty available for order (requested: 7, available: 0)"",""related_orders"":[""bfc414c9-9371-49fb-b0ff-151efc5329f4""],""symbol"":""AMD""}",,,,,,auto
2026-08-04T14:43:19+00:00,e9dc87587d514ae68883151c008ae0e7,AMD,"Advanced Micro Devices, Inc.",sell,7.0,,,blocked_by_oms,"gate allowed but OMS rejected at sign-off (resting protective order - rests GTC, so a closed session is the right time to place it rather than a reason to wait)",US,Morning Trend,101608.36,40608.57,0.005090025806728653,auto
2026-08-04T14:43:19+00:00,4be1a8870c9d493db29ccf32aab47198,GS,,sell,7.0,,,pending_signoff,protective stop for an unprotected position,,,,,,auto
2026-08-04T14:43:20+00:00,4be1a8870c9d493db29ccf32aab47198,GS,autonomous-executor,sell,7.0,,,rejected,"broker refused: {""available"":""0"",""code"":40310000,""existing_qty"":""7"",""held_for_orders"":""7"",""message"":""insufficient qty available for order (requested: 7, available: 0)"",""related_orders"":[""bb1e0d5b-23bd-4f11-8961-8931a9ccfc07""],""symbol"":""GS""}",,,,,,auto
2026-08-04T14:43:20+00:00,4be1a8870c9d493db29ccf32aab47198,GS,"The Goldman Sachs Group, Inc.",sell,7.0,,,blocked_by_oms,"gate allowed but OMS rejected at sign-off (resting protective order - rests GTC, so a closed session is the right time to place it rather than a reason to wait)",US,Morning Trend,101609.61,40608.57,0.005102390562269027,auto
2026-08-04T14:43:20+00:00,ec8f95ae9ede4821b8dbbb3959055b9d,MS,,sell,82.0,,,pending_signoff,protective stop for an unprotected position,,,,,,auto
2026-08-04T14:43:20+00:00,ec8f95ae9ede4821b8dbbb3959055b9d,MS,autonomous-executor,sell,82.0,,,rejected,"broker refused: {""available"":""0"",""code"":40310000,""existing_qty"":""82"",""held_for_orders"":""82"",""message"":""insufficient qty available for order (requested: 82, available: 0)"",""related_orders"":[""8fc541eb-e22a-44a2-9204-787212873940"",""14aa2dbb-4055-4208-865e-1fab75c0ccb4""],""symbol"":""MS""}",,,,,,auto
2026-08-04T14:43:20+00:00,ec8f95ae9ede4821b8dbbb3959055b9d,MS,Morgan Stanley,sell,82.0,,,blocked_by_oms,"gate allowed but OMS rejected at sign-off (resting protective order - rests GTC, so a closed session is the right time to place it rather than a reason to wait)",US,Morning Trend,101606.53,40608.57,0.005071923804617527,auto
2026-08-04T14:48:21+00:00,4bc247850e514d34930f6a7d4e9599e2,AMAT,,sell,7.0,,,pending_signoff,protective stop for an unprotected position,,,,,,auto
2026-08-04T14:48:21+00:00,4bc247850e514d34930f6a7d4e9599e2,AMAT,autonomous-executor,sell,7.0,,,rejected,"broker refused: {""available"":""0"",""code"":40310000,""existing_qty"":""7"",""held_for_orders"":""7"",""message"":""insufficient qty available for order (requested: 7, available: 0)"",""related_orders"":[""699407f9-8332-4d16-a822-b50391031474""],""symbol"":""AMAT""}",,,,,,auto
2026-08-04T14:48:21+00:00,4bc247850e514d34930f6a7d4e9599e2,AMAT,"Applied Materials, Inc.",sell,7.0,,,blocked_by_oms,"gate allowed but OMS rejected at sign-off (resting protective order - rests GTC, so a closed session is the right time to place it rather than a reason to wait)",US,Morning Trend,101657.21,40608.57,0.005573240453246563,auto
2026-08-04T14:48:21+00:00,2770b814d575409bb5330ef011ceba64,AMD,,sell,7.0,,,pending_signoff,protective stop for an unprotected position,,,,,,auto
2026-08-04T14:48:22+00:00,2770b814d575409bb5330ef011ceba64,AMD,autonomous-executor,sell,7.0,,,rejected,"broker refused: {""available"":""0"",""code"":40310000,""existing_qty"":""7"",""held_for_orders"":""7"",""message"":""insufficient qty available for order (requested: 7, available: 0)"",""related_orders"":[""bfc414c9-9371-49fb-b0ff-151efc5329f4""],""symbol"":""AMD""}",,,,,,auto
2026-08-04T14:48:22+00:00,2770b814d575409bb5330ef011ceba64,AMD,"Advanced Micro Devices, Inc.",sell,7.0,,,blocked_by_oms,"gate allowed but OMS rejected at sign-off (resting protective order - rests GTC, so a closed session is the right time to place it rather than a reason to wait)",US,Morning Trend,101655.51,40608.57,0.005556424385711538,auto
2026-08-04T14:48:22+00:00,b98b5d7ac17c44d2b4e280560080bf81,GS,,sell,7.0,,,pending_signoff,protective stop for an unprotected position,,,,,,auto
2026-08-04T14:48:22+00:00,b98b5d7ac17c44d2b4e280560080bf81,GS,autonomous-executor,sell,7.0,,,rejected,"broker refused: {""available"":""0"",""code"":40310000,""existing_qty"":""7"",""held_for_orders"":""7"",""message"":""insufficient qty available for order (requested: 7, available: 0)"",""related_orders"":[""bb1e0d5b-23bd-4f11-8961-8931a9ccfc07""],""symbol"":""GS""}",,,,,,auto
2026-08-04T14:48:22+00:00,b98b5d7ac17c44d2b4e280560080bf81,GS,"The Goldman Sachs Group, Inc.",sell,7.0,,,blocked_by_oms,"gate allowed but OMS rejected at sign-off (resting protective order - rests GTC, so a closed session is the right time to place it rather than a reason to wait)",US,Morning Trend,101654.41,40608.57,0.005545543400836094,auto
2026-08-04T14:48:22+00:00,8b9c21fd5b65471f946d7f5b7ea42919,MS,,sell,82.0,,,pending_signoff,protective stop for an unprotected position,,,,,,auto
2026-08-04T14:48:23+00:00,8b9c21fd5b65471f946d7f5b7ea42919,MS,autonomous-executor,sell,82.0,,,rejected,"broker refused: {""available"":""0"",""code"":40310000,""existing_qty"":""82"",""held_for_orders"":""82"",""message"":""insufficient qty available for order (requested: 82, available: 0)"",""related_orders"":[""8fc541eb-e22a-44a2-9204-787212873940"",""14aa2dbb-4055-4208-865e-1fab75c0ccb4""],""symbol"":""MS""}",,,,,,auto
2026-08-04T14:48:23+00:00,8b9c21fd5b65471f946d7f5b7ea42919,MS,Morgan Stanley,sell,82.0,,,blocked_by_oms,"gate allowed but OMS rejected at sign-off (resting protective order - rests GTC, so a closed session is the right time to place it rather than a reason to wait)",US,Morning Trend,101653.85,40608.57,0.00554000399035403,auto
2026-08-04T14:53:23+00:00,d68b8bacebbd4117b9e67d6c0d68b873,AMAT,,sell,7.0,,,pending_signoff,protective stop for an unprotected position,,,,,,auto
2026-08-04T14:53:24+00:00,d68b8bacebbd4117b9e67d6c0d68b873,AMAT,autonomous-executor,sell,7.0,,,rejected,"broker refused: {""available"":""0"",""code"":40310000,""existing_qty"":""7"",""held_for_orders"":""7"",""message"":""insufficient qty available for order (requested: 7, available: 0)"",""related_orders"":[""699407f9-8332-4d16-a822-b50391031474""],""symbol"":""AMAT""}",,,,,,auto
2026-08-04T14:53:24+00:00,d68b8bacebbd4117b9e67d6c0d68b873,AMAT,"Applied Materials, Inc.",sell,7.0,,,blocked_by_oms,"gate allowed but OMS rejected at sign-off (resting protective order - rests GTC, so a closed session is the right time to place it rather than a reason to wait)",US,Morning Trend,101785.97,40608.57,0.006846909191949452,auto
2026-08-04T14:53:24+00:00,595f94cd32c74f90ae226ec91268663a,AMD,,sell,7.0,,,pending_signoff,protective stop for an unprotected position,,,,,,auto
2026-08-04T14:53:24+00:00,595f94cd32c74f90ae226ec91268663a,AMD,autonomous-executor,sell,7.0,,,rejected,"broker refused: {""available"":""0"",""code"":40310000,""existing_qty"":""7"",""held_for_orders"":""7"",""message"":""insufficient qty available for order (requested: 7, available: 0)"",""related_orders"":[""bfc414c9-9371-49fb-b0ff-151efc5329f4""],""symbol"":""AMD""}",,,,,,auto
2026-08-04T14:53:24+00:00,595f94cd32c74f90ae226ec91268663a,AMD,"Advanced Micro Devices, Inc.",sell,7.0,,,blocked_by_oms,"gate allowed but OMS rejected at sign-off (resting protective order - rests GTC, so a closed session is the right time to place it rather than a reason to wait)",US,Morning Trend,101786.81,40608.57,0.0068552183076725495,auto
2026-08-04T14:53:24+00:00,1dd16c8c52414d09b33a855f0c4ba444,GS,,sell,7.0,,,pending_signoff,protective stop for an unprotected position,,,,,,auto
2026-08-04T14:53:24+00:00,1dd16c8c52414d09b33a855f0c4ba444,GS,autonomous-executor,sell,7.0,,,rejected,"broker refused: {""available"":""0"",""code"":40310000,""existing_qty"":""7"",""held_for_orders"":""7"",""message"":""insufficient qty available for order (requested: 7, available: 0)"",""related_orders"":[""bb1e0d5b-23bd-4f11-8961-8931a9ccfc07""],""symbol"":""GS""}",,,,,,auto
2026-08-04T14:53:24+00:00,1dd16c8c52414d09b33a855f0c4ba444,GS,"The Goldman Sachs Group, Inc.",sell,7.0,,,blocked_by_oms,"gate allowed but OMS rejected at sign-off (resting protective order - rests GTC, so a closed session is the right time to place it rather than a reason to wait)",US,Morning Trend,101786.77,40608.57,0.006854822635495321,auto
2026-08-04T14:53:24+00:00,1877f44fce344042b83c46ae6f14ec7f,MS,,sell,82.0,,,pending_signoff,protective stop for an unprotected position,,,,,,auto
2026-08-04T14:53:25+00:00,1877f44fce344042b83c46ae6f14ec7f,MS,autonomous-executor,sell,82.0,,,rejected,"broker refused: {""available"":""0"",""code"":40310000,""existing_qty"":""82"",""held_for_orders"":""82"",""message"":""insufficient qty available for order (requested: 82, available: 0)"",""related_orders"":[""8fc541eb-e22a-44a2-9204-787212873940"",""14aa2dbb-4055-4208-865e-1fab75c0ccb4""],""symbol"":""MS""}",,,,,,auto
2026-08-04T14:53:25+00:00,1877f44fce344042b83c46ae6f14ec7f,MS,Morgan Stanley,sell,82.0,,,blocked_by_oms,"gate allowed but OMS rejected at sign-off (resting protective order - rests GTC, so a closed session is the right time to place it rather than a reason to wait)",US,Morning Trend,101787.37,40608.57,0.006860757718154614,auto
2026-08-04T14:58:25+00:00,51973e11220f43a68aaad86fac43015b,AMAT,,sell,7.0,,,pending_signoff,protective stop for an unprotected position,,,,,,auto
2026-08-04T14:58:26+00:00,51973e11220f43a68aaad86fac43015b,AMAT,autonomous-executor,sell,7.0,,,rejected,"broker refused: {""available"":""0"",""code"":40310000,""existing_qty"":""7"",""held_for_orders"":""7"",""message"":""insufficient qty available for order (requested: 7, available: 0)"",""related_orders"":[""699407f9-8332-4d16-a822-b50391031474""],""symbol"":""AMAT""}",,,,,,auto
2026-08-04T14:58:26+00:00,51973e11220f43a68aaad86fac43015b,AMAT,"Applied Materials, Inc.",sell,7.0,,,blocked_by_oms,"gate allowed but OMS rejected at sign-off (resting protective order - rests GTC, so a closed session is the right time to place it rather than a reason to wait)",US,Morning Trend,101815.2,40608.57,0.00713604663550554,auto
2026-08-04T14:58:26+00:00,521142da94bf454893d8a6499ee80c44,AMD,,sell,7.0,,,pending_signoff,protective stop for an unprotected position,,,,,,auto
2026-08-04T14:58:26+00:00,521142da94bf454893d8a6499ee80c44,AMD,autonomous-executor,sell,7.0,,,rejected,"broker refused: {""available"":""0"",""code"":40310000,""existing_qty"":""7"",""held_for_orders"":""7"",""message"":""insufficient qty available for order (requested: 7, available: 0)"",""related_orders"":[""bfc414c9-9371-49fb-b0ff-151efc5329f4""],""symbol"":""AMD""}",,,,,,auto
2026-08-04T14:58:26+00:00,521142da94bf454893d8a6499ee80c44,AMD,"Advanced Micro Devices, Inc.",sell,7.0,,,blocked_by_oms,"gate allowed but OMS rejected at sign-off (resting protective order - rests GTC, so a closed session is the right time to place it rather than a reason to wait)",US,Morning Trend,101816.23,40608.57,0.007146235194070797,auto
2026-08-04T14:58:26+00:00,0b28ff3a33bd46c0bda5892dde58b262,GS,,sell,7.0,,,pending_signoff,protective stop for an unprotected position,,,,,,auto
2026-08-04T14:58:27+00:00,0b28ff3a33bd46c0bda5892dde58b262,GS,autonomous-executor,sell,7.0,,,rejected,"broker refused: {""available"":""0"",""code"":40310000,""existing_qty"":""7"",""held_for_orders"":""7"",""message"":""insufficient qty available for order (requested: 7, available: 0)"",""related_orders"":[""bb1e0d5b-23bd-4f11-8961-8931a9ccfc07""],""symbol"":""GS""}",,,,,,auto
2026-08-04T14:58:27+00:00,0b28ff3a33bd46c0bda5892dde58b262,GS,"The Goldman Sachs Group, Inc.",sell,7.0,,,blocked_by_oms,"gate allowed but OMS rejected at sign-off (resting protective order - rests GTC, so a closed session is the right time to place it rather than a reason to wait)",US,Morning Trend,101816.61,40608.57,0.007149994079755117,auto
2026-08-04T14:58:27+00:00,fa06b3d961f341fcb31dac645ab04e87,MS,,sell,82.0,,,pending_signoff,protective stop for an unprotected position,,,,,,auto
2026-08-04T14:58:27+00:00,fa06b3d961f341fcb31dac645ab04e87,MS,autonomous-executor,sell,82.0,,,rejected,"broker refused: {""available"":""0"",""code"":40310000,""existing_qty"":""82"",""held_for_orders"":""82"",""message"":""insufficient qty available for order (requested: 82, available: 0)"",""related_orders"":[""8fc541eb-e22a-44a2-9204-787212873940"",""14aa2dbb-4055-4208-865e-1fab75c0ccb4""],""symbol"":""MS""}",,,,,,auto
2026-08-04T14:58:27+00:00,fa06b3d961f341fcb31dac645ab04e87,MS,Morgan Stanley,sell,82.0,,,blocked_by_oms,"gate allowed but OMS rejected at sign-off (resting protective order - rests GTC, so a closed session is the right time to place it rather than a reason to wait)",US,Morning Trend,101819.48,40608.57,0.007178383558475772,auto
2026-08-04T15:03:28+00:00,cf32f55fcc124d47b226c435f8f53652,AMAT,,sell,7.0,,,pending_signoff,protective stop for an unprotected position,,,,,,auto
2026-08-04T15:03:28+00:00,cf32f55fcc124d47b226c435f8f53652,AMAT,autonomous-executor,sell,7.0,,,rejected,"broker refused: {""available"":""0"",""code"":40310000,""existing_qty"":""7"",""held_for_orders"":""7"",""message"":""insufficient qty available for order (requested: 7, available: 0)"",""related_orders"":[""699407f9-8332-4d16-a822-b50391031474""],""symbol"":""AMAT""}",,,,,,auto
2026-08-04T15:03:28+00:00,cf32f55fcc124d47b226c435f8f53652,AMAT,"Applied Materials, Inc.",sell,7.0,,,blocked_by_oms,"gate allowed but OMS rejected at sign-off (resting protective order - rests GTC, so a closed session is the right time to place it rather than a reason to wait)",US,Morning Trend,101843.59,40608.57,0.007416874963338529,auto
2026-08-04T15:03:28+00:00,3af43324f8be4eedb23f0cb36cd51797,AMD,,sell,7.0,,,pending_signoff,protective stop for an unprotected position,,,,,,auto
2026-08-04T15:03:29+00:00,3af43324f8be4eedb23f0cb36cd51797,AMD,autonomous-executor,sell,7.0,,,rejected,"broker refused: {""available"":""0"",""code"":40310000,""existing_qty"":""7"",""held_for_orders"":""7"",""message"":""insufficient qty available for order (requested: 7, available: 0)"",""related_orders"":[""bfc414c9-9371-49fb-b0ff-151efc5329f4""],""symbol"":""AMD""}",,,,,,auto
2026-08-04T15:03:29+00:00,3af43324f8be4eedb23f0cb36cd51797,AMD,"Advanced Micro Devices, Inc.",sell,7.0,,,blocked_by_oms,"gate allowed but OMS rejected at sign-off (resting protective order - rests GTC, so a closed session is the right time to place it rather than a reason to wait)",US,Morning Trend,101842.69,40608.57,0.007407972339349517,auto
2026-08-04T15:03:29+00:00,5c4b82cf9fc24a28877448072d319290,GS,,sell,7.0,,,pending_signoff,protective stop for an unprotected position,,,,,,auto
2026-08-04T15:03:29+00:00,5c4b82cf9fc24a28877448072d319290,GS,autonomous-executor,sell,7.0,,,rejected,"broker refused: {""available"":""0"",""code"":40310000,""existing_qty"":""7"",""held_for_orders"":""7"",""message"":""insufficient qty available for order (requested: 7, available: 0)"",""related_orders"":[""bb1e0d5b-23bd-4f11-8961-8931a9ccfc07""],""symbol"":""GS""}",,,,,,auto
2026-08-04T15:03:29+00:00,5c4b82cf9fc24a28877448072d319290,GS,"The Goldman Sachs Group, Inc.",sell,7.0,,,blocked_by_oms,"gate allowed but OMS rejected at sign-off (resting protective order - rests GTC, so a closed session is the right time to place it rather than a reason to wait)",US,Morning Trend,101842.69,40608.57,0.007407972339349517,auto
2026-08-04T15:03:29+00:00,21701ffcee934a2ca2eb26d8f6a519d7,MS,,sell,82.0,,,pending_signoff,protective stop for an unprotected position,,,,,,auto
2026-08-04T15:03:30+00:00,21701ffcee934a2ca2eb26d8f6a519d7,MS,autonomous-executor,sell,82.0,,,rejected,"broker refused: {""available"":""0"",""code"":40310000,""existing_qty"":""82"",""held_for_orders"":""82"",""message"":""insufficient qty available for order (requested: 82, available: 0)"",""related_orders"":[""8fc541eb-e22a-44a2-9204-787212873940"",""14aa2dbb-4055-4208-865e-1fab75c0ccb4""],""symbol"":""MS""}",,,,,,auto
2026-08-04T15:03:30+00:00,21701ffcee934a2ca2eb26d8f6a519d7,MS,Morgan Stanley,sell,82.0,,,blocked_by_oms,"gate allowed but OMS rejected at sign-off (resting protective order - rests GTC, so a closed session is the right time to place it rather than a reason to wait)",US,Morning Trend,101841.05,40608.57,0.007391749780080551,auto
2026-08-04T15:08:30+00:00,e838559883924dcc8afa6489003b7707,AMAT,,sell,7.0,,,pending_signoff,protective stop for an unprotected position,,,,,,auto
2026-08-04T15:08:30+00:00,e838559883924dcc8afa6489003b7707,AMAT,autonomous-executor,sell,7.0,,,rejected,"broker refused: {""available"":""0"",""code"":40310000,""existing_qty"":""7"",""held_for_orders"":""7"",""message"":""insufficient qty available for order (requested: 7, available: 0)"",""related_orders"":[""699407f9-8332-4d16-a822-b50391031474""],""symbol"":""AMAT""}",,,,,,auto
2026-08-04T15:08:30+00:00,e838559883924dcc8afa6489003b7707,AMAT,"Applied Materials, Inc.",sell,7.0,,,blocked_by_oms,"gate allowed but OMS rejected at sign-off (resting protective order - rests GTC, so a closed session is the right time to place it rather than a reason to wait)",US,Morning Trend,101814.62,40608.57,0.0071303093889347885,auto
2026-08-04T15:08:30+00:00,f7e5f6e468f040c1913d9491a2303ed0,AMD,,sell,7.0,,,pending_signoff,protective stop for an unprotected position,,,,,,auto
2026-08-04T15:08:31+00:00,f7e5f6e468f040c1913d9491a2303ed0,AMD,autonomous-executor,sell,7.0,,,rejected,"broker refused: {""available"":""0"",""code"":40310000,""existing_qty"":""7"",""held_for_orders"":""7"",""message"":""insufficient qty available for order (requested: 7, available: 0)"",""related_orders"":[""bfc414c9-9371-49fb-b0ff-151efc5329f4""],""symbol"":""AMD""}",,,,,,auto
2026-08-04T15:08:31+00:00,f7e5f6e468f040c1913d9491a2303ed0,AMD,"Advanced Micro Devices, Inc.",sell,7.0,,,blocked_by_oms,"gate allowed but OMS rejected at sign-off (resting protective order - rests GTC, so a closed session is the right time to place it rather than a reason to wait)",US,Morning Trend,101813.65,40608.57,0.007120714338635445,auto
2026-08-04T15:08:31+00:00,206342e244b74f8b973746e519dde50f,GS,,sell,7.0,,,pending_signoff,protective stop for an unprotected position,,,,,,auto
2026-08-04T15:08:31+00:00,206342e244b74f8b973746e519dde50f,GS,autonomous-executor,sell,7.0,,,rejected,"broker refused: {""available"":""0"",""code"":40310000,""existing_qty"":""7"",""held_for_orders"":""7"",""message"":""insufficient qty available for order (requested: 7, available: 0)"",""related_orders"":[""bb1e0d5b-23bd-4f11-8961-8931a9ccfc07""],""symbol"":""GS""}",,,,,,auto
2026-08-04T15:08:31+00:00,206342e244b74f8b973746e519dde50f,GS,"The Goldman Sachs Group, Inc.",sell,7.0,,,blocked_by_oms,"gate allowed but OMS rejected at sign-off (resting protective order - rests GTC, so a closed session is the right time to place it rather than a reason to wait)",US,Morning Trend,101813.65,40608.57,0.007120714338635445,auto
2026-08-04T15:08:31+00:00,be5075024bc945c997ac743f6f930ce9,MS,,sell,82.0,,,pending_signoff,protective stop for an unprotected position,,,,,,auto
2026-08-04T15:08:32+00:00,be5075024bc945c997ac743f6f930ce9,MS,autonomous-executor,sell,82.0,,,rejected,"broker refused: {""available"":""0"",""code"":40310000,""existing_qty"":""82"",""held_for_orders"":""82"",""message"":""insufficient qty available for order (requested: 82, available: 0)"",""related_orders"":[""8fc541eb-e22a-44a2-9204-787212873940"",""14aa2dbb-4055-4208-865e-1fab75c0ccb4""],""symbol"":""MS""}",,,,,,auto
2026-08-04T15:08:32+00:00,be5075024bc945c997ac743f6f930ce9,MS,Morgan Stanley,sell,82.0,,,blocked_by_oms,"gate allowed but OMS rejected at sign-off (resting protective order - rests GTC, so a closed session is the right time to place it rather than a reason to wait)",US,Morning Trend,101814.53,40608.57,0.007129419126535916,auto
2026-08-04T15:13:32+00:00,17abd3197d04463fa22730560d303ad4,AMAT,,sell,7.0,,,pending_signoff,protective stop for an unprotected position,,,,,,auto
2026-08-04T15:13:33+00:00,17abd3197d04463fa22730560d303ad4,AMAT,autonomous-executor,sell,7.0,,,rejected,"broker refused: {""available"":""0"",""code"":40310000,""existing_qty"":""7"",""held_for_orders"":""7"",""message"":""insufficient qty available for order (requested: 7, available: 0)"",""related_orders"":[""699407f9-8332-4d16-a822-b50391031474""],""symbol"":""AMAT""}",,,,,,auto
2026-08-04T15:13:33+00:00,17abd3197d04463fa22730560d303ad4,AMAT,"Applied Materials, Inc.",sell,7.0,,,blocked_by_oms,"gate allowed but OMS rejected at sign-off (resting protective order - rests GTC, so a closed session is the right time to place it rather than a reason to wait)",US,Morning Trend,101828.63,40608.57,0.007268893569031402,auto
2026-08-04T15:13:33+00:00,7dc7e0c08a224fe7aa99981ae91641a3,AMD,,sell,7.0,,,pending_signoff,protective stop for an unprotected position,,,,,,auto
2026-08-04T15:13:33+00:00,7dc7e0c08a224fe7aa99981ae91641a3,AMD,autonomous-executor,sell,7.0,,,rejected,"broker refused: {""available"":""0"",""code"":40310000,""existing_qty"":""7"",""held_for_orders"":""7"",""message"":""insufficient qty available for order (requested: 7, available: 0)"",""related_orders"":[""bfc414c9-9371-49fb-b0ff-151efc5329f4""],""symbol"":""AMD""}",,,,,,auto
2026-08-04T15:13:33+00:00,7dc7e0c08a224fe7aa99981ae91641a3,AMD,"Advanced Micro Devices, Inc.",sell,7.0,,,blocked_by_oms,"gate allowed but OMS rejected at sign-off (resting protective order - rests GTC, so a closed session is the right time to place it rather than a reason to wait)",US,Morning Trend,101828.4,40608.57,0.00726661845401187,auto
2026-08-04T15:13:33+00:00,071947cc546b46e08939215386e5fab6,GS,,sell,7.0,,,pending_signoff,protective stop for an unprotected position,,,,,,auto
2026-08-04T15:13:34+00:00,071947cc546b46e08939215386e5fab6,GS,autonomous-executor,sell,7.0,,,rejected,"broker refused: {""available"":""0"",""code"":40310000,""existing_qty"":""7"",""held_for_orders"":""7"",""message"":""insufficient qty available for order (requested: 7, available: 0)"",""related_orders"":[""bb1e0d5b-23bd-4f11-8961-8931a9ccfc07""],""symbol"":""GS""}",,,,,,auto
2026-08-04T15:13:34+00:00,071947cc546b46e08939215386e5fab6,GS,"The Goldman Sachs Group, Inc.",sell,7.0,,,blocked_by_oms,"gate allowed but OMS rejected at sign-off (resting protective order - rests GTC, so a closed session is the right time to place it rather than a reason to wait)",US,Morning Trend,101828.8,40608.57,0.007270575175784876,auto
2026-08-04T15:13:34+00:00,5c4e5d73966b48c79a03cf9e6ee4d9dc,MS,,sell,82.0,,,pending_signoff,protective stop for an unprotected position,,,,,,auto
2026-08-04T15:13:34+00:00,5c4e5d73966b48c79a03cf9e6ee4d9dc,MS,autonomous-executor,sell,82.0,,,rejected,"broker refused: {""available"":""0"",""code"":40310000,""existing_qty"":""82"",""held_for_orders"":""82"",""message"":""insufficient qty available for order (requested: 82, available: 0)"",""related_orders"":[""8fc541eb-e22a-44a2-9204-787212873940"",""14aa2dbb-4055-4208-865e-1fab75c0ccb4""],""symbol"":""MS""}",,,,,,auto
2026-08-04T15:13:34+00:00,5c4e5d73966b48c79a03cf9e6ee4d9dc,MS,Morgan Stanley,sell,82.0,,,blocked_by_oms,"gate allowed but OMS rejected at sign-off (resting protective order - rests GTC, so a closed session is the right time to place it rather than a reason to wait)",US,Morning Trend,101828.52,40608.57,0.007267805470543844,auto
2026-08-04T15:18:35+00:00,c489c972259b48b192956023af8a4540,AMAT,,sell,7.0,,,pending_signoff,protective stop for an unprotected position,,,,,,auto
2026-08-04T15:18:35+00:00,c489c972259b48b192956023af8a4540,AMAT,autonomous-executor,sell,7.0,,,rejected,"broker refused: {""available"":""0"",""code"":40310000,""existing_qty"":""7"",""held_for_orders"":""7"",""message"":""insufficient qty available for order (requested: 7, available: 0)"",""related_orders"":[""699407f9-8332-4d16-a822-b50391031474""],""symbol"":""AMAT""}",,,,,,auto
2026-08-04T15:18:35+00:00,c489c972259b48b192956023af8a4540,AMAT,"Applied Materials, Inc.",sell,7.0,,,blocked_by_oms,"gate allowed but OMS rejected at sign-off (resting protective order - rests GTC, so a closed session is the right time to place it rather than a reason to wait)",US,Morning Trend,101846.19,40608.57,0.007442593654862567,auto
2026-08-04T15:18:35+00:00,5c5745be34ab4d69add966eaf878517f,AMD,,sell,7.0,,,pending_signoff,protective stop for an unprotected position,,,,,,auto
2026-08-04T15:18:35+00:00,5c5745be34ab4d69add966eaf878517f,AMD,autonomous-executor,sell,7.0,,,rejected,"broker refused: {""available"":""0"",""code"":40310000,""existing_qty"":""7"",""held_for_orders"":""7"",""message"":""insufficient qty available for order (requested: 7, available: 0)"",""related_orders"":[""bfc414c9-9371-49fb-b0ff-151efc5329f4""],""symbol"":""AMD""}",,,,,,auto
2026-08-04T15:18:35+00:00,5c5745be34ab4d69add966eaf878517f,AMD,"Advanced Micro Devices, Inc.",sell,7.0,,,blocked_by_oms,"gate allowed but OMS rejected at sign-off (resting protective order - rests GTC, so a closed session is the right time to place it rather than a reason to wait)",US,Morning Trend,101844.61,40608.57,0.007426964603859516,auto
2026-08-04T15:18:35+00:00,fecad799eb2f454f85b3403103130d00,GS,,sell,7.0,,,pending_signoff,protective stop for an unprotected position,,,,,,auto
2026-08-04T15:18:36+00:00,fecad799eb2f454f85b3403103130d00,GS,autonomous-executor,sell,7.0,,,rejected,"broker refused: {""available"":""0"",""code"":40310000,""existing_qty"":""7"",""held_for_orders"":""7"",""message"":""insufficient qty available for order (requested: 7, available: 0)"",""related_orders"":[""bb1e0d5b-23bd-4f11-8961-8931a9ccfc07""],""symbol"":""GS""}",,,,,,auto
2026-08-04T15:18:36+00:00,fecad799eb2f454f85b3403103130d00,GS,"The Goldman Sachs Group, Inc.",sell,7.0,,,blocked_by_oms,"gate allowed but OMS rejected at sign-off (resting protective order - rests GTC, so a closed session is the right time to place it rather than a reason to wait)",US,Morning Trend,101848.34,40608.57,0.007463861034391954,auto
2026-08-04T15:18:36+00:00,75f961b9c1034c69a3e5022417a5473d,MS,,sell,82.0,,,pending_signoff,protective stop for an unprotected position,,,,,,auto
2026-08-04T15:18:36+00:00,75f961b9c1034c69a3e5022417a5473d,MS,autonomous-executor,sell,82.0,,,rejected,"broker refused: {""available"":""0"",""code"":40310000,""existing_qty"":""82"",""held_for_orders"":""82"",""message"":""insufficient qty available for order (requested: 82, available: 0)"",""related_orders"":[""8fc541eb-e22a-44a2-9204-787212873940"",""14aa2dbb-4055-4208-865e-1fab75c0ccb4""],""symbol"":""MS""}",,,,,,auto
2026-08-04T15:18:36+00:00,75f961b9c1034c69a3e5022417a5473d,MS,Morgan Stanley,sell,82.0,,,blocked_by_oms,"gate allowed but OMS rejected at sign-off (resting protective order - rests GTC, so a closed session is the right time to place it rather than a reason to wait)",US,Morning Trend,101848.2,40608.57,0.007462476181771437,auto
2026-08-04T15:23:24+00:00,26deedf3e7c24624ab665fcf6c20338b,SBUX,,buy,0.0,,swing,rejected,already at the 10-position limit (10 held or pending),,,,,,auto
2026-08-04T15:23:37+00:00,7d052b5003934b5a928ae2213c0de14e,AMAT,,sell,7.0,,,pending_signoff,protective stop for an unprotected position,,,,,,auto
2026-08-04T15:23:37+00:00,7d052b5003934b5a928ae2213c0de14e,AMAT,autonomous-executor,sell,7.0,,,rejected,"broker refused: {""available"":""0"",""code"":40310000,""existing_qty"":""7"",""held_for_orders"":""7"",""message"":""insufficient qty available for order (requested: 7, available: 0)"",""related_orders"":[""699407f9-8332-4d16-a822-b50391031474""],""symbol"":""AMAT""}",,,,,,auto
2026-08-04T15:23:37+00:00,7d052b5003934b5a928ae2213c0de14e,AMAT,"Applied Materials, Inc.",sell,7.0,,,blocked_by_oms,"gate allowed but OMS rejected at sign-off (resting protective order - rests GTC, so a closed session is the right time to place it rather than a reason to wait)",US,Morning Trend,101855.22,40608.57,0.007531916648886224,auto
2026-08-04T15:23:37+00:00,674f5cfda77a43d48066c7d7f351ed65,AMD,,sell,7.0,,,pending_signoff,protective stop for an unprotected position,,,,,,auto
2026-08-04T15:23:38+00:00,674f5cfda77a43d48066c7d7f351ed65,AMD,autonomous-executor,sell,7.0,,,rejected,"broker refused: {""available"":""0"",""code"":40310000,""existing_qty"":""7"",""held_for_orders"":""7"",""message"":""insufficient qty available for order (requested: 7, available: 0)"",""related_orders"":[""bfc414c9-9371-49fb-b0ff-151efc5329f4""],""symbol"":""AMD""}",,,,,,auto
2026-08-04T15:23:38+00:00,674f5cfda77a43d48066c7d7f351ed65,AMD,"Advanced Micro Devices, Inc.",sell,7.0,,,blocked_by_oms,"gate allowed but OMS rejected at sign-off (resting protective order - rests GTC, so a closed session is the right time to place it rather than a reason to wait)",US,Morning Trend,101857.51,40608.57,0.007554568881036127,auto
2026-08-04T15:23:38+00:00,7354443e397a4acfb9610242492caa9b,GS,,sell,7.0,,,pending_signoff,protective stop for an unprotected position,,,,,,auto
2026-08-04T15:23:38+00:00,7354443e397a4acfb9610242492caa9b,GS,autonomous-executor,sell,7.0,,,rejected,"broker refused: {""available"":""0"",""code"":40310000,""existing_qty"":""7"",""held_for_orders"":""7"",""message"":""insufficient qty available for order (requested: 7, available: 0)"",""related_orders"":[""bb1e0d5b-23bd-4f11-8961-8931a9ccfc07""],""symbol"":""GS""}",,,,,,auto
2026-08-04T15:23:38+00:00,7354443e397a4acfb9610242492caa9b,GS,"The Goldman Sachs Group, Inc.",sell,7.0,,,blocked_by_oms,"gate allowed but OMS rejected at sign-off (resting protective order - rests GTC, so a closed session is the right time to place it rather than a reason to wait)",US,Morning Trend,101857.16,40608.57,0.007551106749484908,auto
2026-08-04T15:23:38+00:00,77e82a381a2e4d889cd3269f7c308977,MS,,sell,82.0,,,pending_signoff,protective stop for an unprotected position,,,,,,auto
2026-08-04T15:23:39+00:00,77e82a381a2e4d889cd3269f7c308977,MS,autonomous-executor,sell,82.0,,,rejected,"broker refused: {""available"":""0"",""code"":40310000,""existing_qty"":""82"",""held_for_orders"":""82"",""message"":""insufficient qty available for order (requested: 82, available: 0)"",""related_orders"":[""8fc541eb-e22a-44a2-9204-787212873940"",""14aa2dbb-4055-4208-865e-1fab75c0ccb4""],""symbol"":""MS""}",,,,,,auto
2026-08-04T15:23:39+00:00,77e82a381a2e4d889cd3269f7c308977,MS,Morgan Stanley,sell,82.0,,,blocked_by_oms,"gate allowed but OMS rejected at sign-off (resting protective order - rests GTC, so a closed session is the right time to place it rather than a reason to wait)",US,Morning Trend,101857.16,40608.57,0.007551106749484908,auto
2026-08-04T15:28:39+00:00,557bb9be020243129bc41e6b40697873,AMAT,,sell,7.0,,,pending_signoff,protective stop for an unprotected position,,,,,,auto
2026-08-04T15:28:40+00:00,557bb9be020243129bc41e6b40697873,AMAT,autonomous-executor,sell,7.0,,,rejected,"broker refused: {""available"":""0"",""code"":40310000,""existing_qty"":""7"",""held_for_orders"":""7"",""message"":""insufficient qty available for order (requested: 7, available: 0)"",""related_orders"":[""699407f9-8332-4d16-a822-b50391031474""],""symbol"":""AMAT""}",,,,,,auto
2026-08-04T15:28:40+00:00,557bb9be020243129bc41e6b40697873,AMAT,"Applied Materials, Inc.",sell,7.0,,,blocked_by_oms,"gate allowed but OMS rejected at sign-off (resting protective order - rests GTC, so a closed session is the right time to place it rather than a reason to wait)",US,Morning Trend,101878.24,40608.57,0.007759625986917809,auto
2026-08-04T15:28:40+00:00,9d8d0ab23886453ba0d2b97883618454,AMD,,sell,7.0,,,pending_signoff,protective stop for an unprotected position,,,,,,auto
2026-08-04T15:28:40+00:00,9d8d0ab23886453ba0d2b97883618454,AMD,autonomous-executor,sell,7.0,,,rejected,"broker refused: {""available"":""0"",""code"":40310000,""existing_qty"":""7"",""held_for_orders"":""7"",""message"":""insufficient qty available for order (requested: 7, available: 0)"",""related_orders"":[""bfc414c9-9371-49fb-b0ff-151efc5329f4""],""symbol"":""AMD""}",,,,,,auto
2026-08-04T15:28:40+00:00,9d8d0ab23886453ba0d2b97883618454,AMD,"Advanced Micro Devices, Inc.",sell,7.0,,,blocked_by_oms,"gate allowed but OMS rejected at sign-off (resting protective order - rests GTC, so a closed session is the right time to place it rather than a reason to wait)",US,Morning Trend,101878.09,40608.57,0.007758142216252878,auto
2026-08-04T15:28:40+00:00,45fdf9726f944b95863e90c8b86d945e,GS,,sell,7.0,,,pending_signoff,protective stop for an unprotected position,,,,,,auto
2026-08-04T15:28:40+00:00,45fdf9726f944b95863e90c8b86d945e,GS,autonomous-executor,sell,7.0,,,rejected,"broker refused: {""available"":""0"",""code"":40310000,""existing_qty"":""7"",""held_for_orders"":""7"",""message"":""insufficient qty available for order (requested: 7, available: 0)"",""related_orders"":[""bb1e0d5b-23bd-4f11-8961-8931a9ccfc07""],""symbol"":""GS""}",,,,,,auto
2026-08-04T15:28:40+00:00,45fdf9726f944b95863e90c8b86d945e,GS,"The Goldman Sachs Group, Inc.",sell,7.0,,,blocked_by_oms,"gate allowed but OMS rejected at sign-off (resting protective order - rests GTC, so a closed session is the right time to place it rather than a reason to wait)",US,Morning Trend,101877.13,40608.57,0.00774864608399795,auto
2026-08-04T15:28:40+00:00,b0354765f0c9441da9745a35a6e39097,MS,,sell,82.0,,,pending_signoff,protective stop for an unprotected position,,,,,,auto
2026-08-04T15:28:41+00:00,b0354765f0c9441da9745a35a6e39097,MS,autonomous-executor,sell,82.0,,,rejected,"broker refused: {""available"":""0"",""code"":40310000,""existing_qty"":""82"",""held_for_orders"":""82"",""message"":""insufficient qty available for order (requested: 82, available: 0)"",""related_orders"":[""8fc541eb-e22a-44a2-9204-787212873940"",""14aa2dbb-4055-4208-865e-1fab75c0ccb4""],""symbol"":""MS""}",,,,,,auto
2026-08-04T15:28:41+00:00,b0354765f0c9441da9745a35a6e39097,MS,Morgan Stanley,sell,82.0,,,blocked_by_oms,"gate allowed but OMS rejected at sign-off (resting protective order - rests GTC, so a closed session is the right time to place it rather than a reason to wait)",US,Morning Trend,101877.13,40608.57,0.00774864608399795,auto
2026-08-04T15:33:42+00:00,0dc36de61fa0425086ba3b18a9f1dfe0,AMAT,,sell,7.0,,,pending_signoff,protective stop for an unprotected position,,,,,,auto
2026-08-04T15:33:42+00:00,0dc36de61fa0425086ba3b18a9f1dfe0,AMAT,autonomous-executor,sell,7.0,,,rejected,"broker refused: {""available"":""0"",""code"":40310000,""existing_qty"":""7"",""held_for_orders"":""7"",""message"":""insufficient qty available for order (requested: 7, available: 0)"",""related_orders"":[""699407f9-8332-4d16-a822-b50391031474""],""symbol"":""AMAT""}",,,,,,auto
2026-08-04T15:33:42+00:00,0dc36de61fa0425086ba3b18a9f1dfe0,AMAT,"Applied Materials, Inc.",sell,7.0,,,blocked_by_oms,"gate allowed but OMS rejected at sign-off (resting protective order - rests GTC, so a closed session is the right time to place it rather than a reason to wait)",US,Morning Trend,101905.77,40608.57,0.008031947362939015,auto
2026-08-04T15:33:42+00:00,dae9a443c89a4c41b2f13ff2a9109329,AMD,,sell,7.0,,,pending_signoff,protective stop for an unprotected position,,,,,,auto
2026-08-04T15:33:43+00:00,dae9a443c89a4c41b2f13ff2a9109329,AMD,autonomous-executor,sell,7.0,,,rejected,"broker refused: {""available"":""0"",""code"":40310000,""existing_qty"":""7"",""held_for_orders"":""7"",""message"":""insufficient qty available for order (requested: 7, available: 0)"",""related_orders"":[""bfc414c9-9371-49fb-b0ff-151efc5329f4""],""symbol"":""AMD""}",,,,,,auto
2026-08-04T15:33:43+00:00,dae9a443c89a4c41b2f13ff2a9109329,AMD,"Advanced Micro Devices, Inc.",sell,7.0,,,blocked_by_oms,"gate allowed but OMS rejected at sign-off (resting protective order - rests GTC, so a closed session is the right time to place it rather than a reason to wait)",US,Morning Trend,101905.5,40608.57,0.008029276575742253,auto
2026-08-04T15:33:43+00:00,e0ce8bc9cb804e84ac0ac085f5060521,GS,,sell,7.0,,,pending_signoff,protective stop for an unprotected position,,,,,,auto
2026-08-04T15:33:43+00:00,e0ce8bc9cb804e84ac0ac085f5060521,GS,autonomous-executor,sell,7.0,,,rejected,"broker refused: {""available"":""0"",""code"":40310000,""existing_qty"":""7"",""held_for_orders"":""7"",""message"":""insufficient qty available for order (requested: 7, available: 0)"",""related_orders"":[""bb1e0d5b-23bd-4f11-8961-8931a9ccfc07""],""symbol"":""GS""}",,,,,,auto
2026-08-04T15:33:43+00:00,e0ce8bc9cb804e84ac0ac085f5060521,GS,"The Goldman Sachs Group, Inc.",sell,7.0,,,blocked_by_oms,"gate allowed but OMS rejected at sign-off (resting protective order - rests GTC, so a closed session is the right time to place it rather than a reason to wait)",US,Morning Trend,101903.67,40608.57,0.008011174573631126,auto
2026-08-04T15:33:43+00:00,4c6a4abd102c4c9c89ab409e9c1c85c4,MS,,sell,82.0,,,pending_signoff,protective stop for an unprotected position,,,,,,auto
2026-08-04T15:33:44+00:00,4c6a4abd102c4c9c89ab409e9c1c85c4,MS,autonomous-executor,sell,82.0,,,rejected,"broker refused: {""available"":""0"",""code"":40310000,""existing_qty"":""82"",""held_for_orders"":""82"",""message"":""insufficient qty available for order (requested: 82, available: 0)"",""related_orders"":[""8fc541eb-e22a-44a2-9204-787212873940"",""14aa2dbb-4055-4208-865e-1fab75c0ccb4""],""symbol"":""MS""}",,,,,,auto
2026-08-04T15:33:44+00:00,4c6a4abd102c4c9c89ab409e9c1c85c4,MS,Morgan Stanley,sell,82.0,,,blocked_by_oms,"gate allowed but OMS rejected at sign-off (resting protective order - rests GTC, so a closed session is the right time to place it rather than a reason to wait)",US,Morning Trend,101888.91,40608.57,0.007865171540210433,auto
2026-08-04T15:38:44+00:00,7ca24d46383d45a492a86cd786d1553d,AMAT,,sell,7.0,,,pending_signoff,protective stop for an unprotected position,,,,,,auto
2026-08-04T15:38:45+00:00,7ca24d46383d45a492a86cd786d1553d,AMAT,autonomous-executor,sell,7.0,,,rejected,"broker refused: {""available"":""0"",""code"":40310000,""existing_qty"":""7"",""held_for_orders"":""7"",""message"":""insufficient qty available for order (requested: 7, available: 0)"",""related_orders"":[""699407f9-8332-4d16-a822-b50391031474""],""symbol"":""AMAT""}",,,,,,auto
2026-08-04T15:38:45+00:00,7ca24d46383d45a492a86cd786d1553d,AMAT,"Applied Materials, Inc.",sell,7.0,,,blocked_by_oms,"gate allowed but OMS rejected at sign-off (resting protective order - rests GTC, so a closed session is the right time to place it rather than a reason to wait)",US,Midday Lull,101908.57,40608.57,0.008059644415349483,auto
2026-08-04T15:38:45+00:00,7f7142d7d2444fd88f54733585c3aab5,AMD,,sell,7.0,,,pending_signoff,protective stop for an unprotected position,,,,,,auto
2026-08-04T15:38:45+00:00,7f7142d7d2444fd88f54733585c3aab5,AMD,autonomous-executor,sell,7.0,,,rejected,"broker refused: {""available"":""0"",""code"":40310000,""existing_qty"":""7"",""held_for_orders"":""7"",""message"":""insufficient qty available for order (requested: 7, available: 0)"",""related_orders"":[""bfc414c9-9371-49fb-b0ff-151efc5329f4""],""symbol"":""AMD""}",,,,,,auto
2026-08-04T15:38:45+00:00,7f7142d7d2444fd88f54733585c3aab5,AMD,"Advanced Micro Devices, Inc.",sell,7.0,,,blocked_by_oms,"gate allowed but OMS rejected at sign-off (resting protective order - rests GTC, so a closed session is the right time to place it rather than a reason to wait)",US,Midday Lull,101922.59,40608.57,0.008198327513490224,auto
2026-08-04T15:38:45+00:00,588caf4ba43d4593aa9ccedc8753dd7c,GS,,sell,7.0,,,pending_signoff,protective stop for an unprotected position,,,,,,auto
2026-08-04T15:38:46+00:00,588caf4ba43d4593aa9ccedc8753dd7c,GS,autonomous-executor,sell,7.0,,,rejected,"broker refused: {""available"":""0"",""code"":40310000,""existing_qty"":""7"",""held_for_orders"":""7"",""message"":""insufficient qty available for order (requested: 7, available: 0)"",""related_orders"":[""bb1e0d5b-23bd-4f11-8961-8931a9ccfc07""],""symbol"":""GS""}",,,,,,auto
2026-08-04T15:38:46+00:00,588caf4ba43d4593aa9ccedc8753dd7c,GS,"The Goldman Sachs Group, Inc.",sell,7.0,,,blocked_by_oms,"gate allowed but OMS rejected at sign-off (resting protective order - rests GTC, so a closed session is the right time to place it rather than a reason to wait)",US,Midday Lull,101923.36,40608.57,0.008205944202903137,auto
2026-08-04T15:38:46+00:00,21d8e798ebe9421e8d04738d7749fda7,MS,,sell,82.0,,,pending_signoff,protective stop for an unprotected position,,,,,,auto
2026-08-04T15:38:46+00:00,21d8e798ebe9421e8d04738d7749fda7,MS,autonomous-executor,sell,82.0,,,rejected,"broker refused: {""available"":""0"",""code"":40310000,""existing_qty"":""82"",""held_for_orders"":""82"",""message"":""insufficient qty available for order (requested: 82, available: 0)"",""related_orders"":[""8fc541eb-e22a-44a2-9204-787212873940"",""14aa2dbb-4055-4208-865e-1fab75c0ccb4""],""symbol"":""MS""}",,,,,,auto
2026-08-04T15:38:46+00:00,21d8e798ebe9421e8d04738d7749fda7,MS,Morgan Stanley,sell,82.0,,,blocked_by_oms,"gate allowed but OMS rejected at sign-off (resting protective order - rests GTC, so a closed session is the right time to place it rather than a reason to wait)",US,Midday Lull,101923.36,40608.57,0.008205944202903137,auto
2026-08-04T15:43:46+00:00,904634981d844b36a089a9e22e76f9e5,AMAT,,sell,7.0,,,pending_signoff,protective stop for an unprotected position,,,,,,auto
2026-08-04T15:43:47+00:00,904634981d844b36a089a9e22e76f9e5,AMAT,autonomous-executor,sell,7.0,,,rejected,"broker refused: {""available"":""0"",""code"":40310000,""existing_qty"":""7"",""held_for_orders"":""7"",""message"":""insufficient qty available for order (requested: 7, available: 0)"",""related_orders"":[""699407f9-8332-4d16-a822-b50391031474""],""symbol"":""AMAT""}",,,,,,auto
2026-08-04T15:43:47+00:00,904634981d844b36a089a9e22e76f9e5,AMAT,"Applied Materials, Inc.",sell,7.0,,,blocked_by_oms,"gate allowed but OMS rejected at sign-off (resting protective order - rests GTC, so a closed session is the right time to place it rather than a reason to wait)",US,Midday Lull,101904.56,40608.57,0.008019978279575868,auto
2026-08-04T15:43:47+00:00,3f452e8ad7d44c3ab95af494b69c8027,AMD,,sell,7.0,,,pending_signoff,protective stop for an unprotected position,,,,,,auto
2026-08-04T15:43:47+00:00,3f452e8ad7d44c3ab95af494b69c8027,AMD,autonomous-executor,sell,7.0,,,rejected,"broker refused: {""available"":""0"",""code"":40310000,""existing_qty"":""7"",""held_for_orders"":""7"",""message"":""insufficient qty available for order (requested: 7, available: 0)"",""related_orders"":[""bfc414c9-9371-49fb-b0ff-151efc5329f4""],""symbol"":""AMD""}",,,,,,auto
2026-08-04T15:43:47+00:00,3f452e8ad7d44c3ab95af494b69c8027,AMD,"Advanced Micro Devices, Inc.",sell,7.0,,,blocked_by_oms,"gate allowed but OMS rejected at sign-off (resting protective order - rests GTC, so a closed session is the right time to place it rather than a reason to wait)",US,Midday Lull,101903.68,40608.57,0.008011273491675398,auto
2026-08-04T15:43:47+00:00,e978c8de9ab9433ea450c9de88a0986b,GS,,sell,7.0,,,pending_signoff,protective stop for an unprotected position,,,,,,auto
2026-08-04T15:43:48+00:00,e978c8de9ab9433ea450c9de88a0986b,GS,autonomous-executor,sell,7.0,,,rejected,"broker refused: {""available"":""0"",""code"":40310000,""existing_qty"":""7"",""held_for_orders"":""7"",""message"":""insufficient qty available for order (requested: 7, available: 0)"",""related_orders"":[""bb1e0d5b-23bd-4f11-8961-8931a9ccfc07""],""symbol"":""GS""}",,,,,,auto
2026-08-04T15:43:48+00:00,e978c8de9ab9433ea450c9de88a0986b,GS,"The Goldman Sachs Group, Inc.",sell,7.0,,,blocked_by_oms,"gate allowed but OMS rejected at sign-off (resting protective order - rests GTC, so a closed session is the right time to place it rather than a reason to wait)",US,Midday Lull,101905.03,40608.57,0.00802462742765906,auto
2026-08-04T15:43:48+00:00,4f9a7b6046684ca4855df2f6705488ef,MS,,sell,82.0,,,pending_signoff,protective stop for an unprotected position,,,,,,auto
2026-08-04T15:43:48+00:00,4f9a7b6046684ca4855df2f6705488ef,MS,autonomous-executor,sell,82.0,,,rejected,"broker refused: {""available"":""0"",""code"":40310000,""existing_qty"":""82"",""held_for_orders"":""82"",""message"":""insufficient qty available for order (requested: 82, available: 0)"",""related_orders"":[""8fc541eb-e22a-44a2-9204-787212873940"",""14aa2dbb-4055-4208-865e-1fab75c0ccb4""],""symbol"":""MS""}",,,,,,auto
2026-08-04T15:43:48+00:00,4f9a7b6046684ca4855df2f6705488ef,MS,Morgan Stanley,sell,82.0,,,blocked_by_oms,"gate allowed but OMS rejected at sign-off (resting protective order - rests GTC, so a closed session is the right time to place it rather than a reason to wait)",US,Midday Lull,101905.03,40608.57,0.00802462742765906,auto
2026-08-04T15:48:49+00:00,3a5dcb6643d44558a6c683da4bc5172c,AMAT,,sell,7.0,,,pending_signoff,protective stop for an unprotected position,,,,,,auto
2026-08-04T15:48:49+00:00,3a5dcb6643d44558a6c683da4bc5172c,AMAT,autonomous-executor,sell,7.0,,,rejected,"broker refused: {""available"":""0"",""code"":40310000,""existing_qty"":""7"",""held_for_orders"":""7"",""message"":""insufficient qty available for order (requested: 7, available: 0)"",""related_orders"":[""699407f9-8332-4d16-a822-b50391031474""],""symbol"":""AMAT""}",,,,,,auto
2026-08-04T15:48:49+00:00,3a5dcb6643d44558a6c683da4bc5172c,AMAT,"Applied Materials, Inc.",sell,7.0,,,blocked_by_oms,"gate allowed but OMS rejected at sign-off (resting protective order - rests GTC, so a closed session is the right time to place it rather than a reason to wait)",US,Midday Lull,101953.89,40608.57,0.008507940992221241,auto
2026-08-04T15:48:49+00:00,b98fa54a479b45b6968b22cbbd3d9e74,AMD,,sell,7.0,,,pending_signoff,protective stop for an unprotected position,,,,,,auto
2026-08-04T15:48:50+00:00,b98fa54a479b45b6968b22cbbd3d9e74,AMD,autonomous-executor,sell,7.0,,,rejected,"broker refused: {""available"":""0"",""code"":40310000,""existing_qty"":""7"",""held_for_orders"":""7"",""message"":""insufficient qty available for order (requested: 7, available: 0)"",""related_orders"":[""bfc414c9-9371-49fb-b0ff-151efc5329f4""],""symbol"":""AMD""}",,,,,,auto
2026-08-04T15:48:50+00:00,b98fa54a479b45b6968b22cbbd3d9e74,AMD,"Advanced Micro Devices, Inc.",sell,7.0,,,blocked_by_oms,"gate allowed but OMS rejected at sign-off (resting protective order - rests GTC, so a closed session is the right time to place it rather than a reason to wait)",US,Midday Lull,101951.61,40608.57,0.00848538767811561,auto
2026-08-04T15:48:50+00:00,7a84f3bc1faf4fb5a22ffddaa216c5c1,GS,,sell,7.0,,,pending_signoff,protective stop for an unprotected position,,,,,,auto
2026-08-04T15:48:50+00:00,7a84f3bc1faf4fb5a22ffddaa216c5c1,GS,autonomous-executor,sell,7.0,,,rejected,"broker refused: {""available"":""0"",""code"":40310000,""existing_qty"":""7"",""held_for_orders"":""7"",""message"":""insufficient qty available for order (requested: 7, available: 0)"",""related_orders"":[""bb1e0d5b-23bd-4f11-8961-8931a9ccfc07""],""symbol"":""GS""}",,,,,,auto
2026-08-04T15:48:50+00:00,7a84f3bc1faf4fb5a22ffddaa216c5c1,GS,"The Goldman Sachs Group, Inc.",sell,7.0,,,blocked_by_oms,"gate allowed but OMS rejected at sign-off (resting protective order - rests GTC, so a closed session is the right time to place it rather than a reason to wait)",US,Midday Lull,101951.61,40608.57,0.00848538767811561,auto
2026-08-04T15:48:50+00:00,6e208bd217c9420194bb8bc6b0bfe78f,MS,,sell,82.0,,,pending_signoff,protective stop for an unprotected position,,,,,,auto
2026-08-04T15:48:51+00:00,6e208bd217c9420194bb8bc6b0bfe78f,MS,autonomous-executor,sell,82.0,,,rejected,"broker refused: {""available"":""0"",""code"":40310000,""existing_qty"":""82"",""held_for_orders"":""82"",""message"":""insufficient qty available for order (requested: 82, available: 0)"",""related_orders"":[""8fc541eb-e22a-44a2-9204-787212873940"",""14aa2dbb-4055-4208-865e-1fab75c0ccb4""],""symbol"":""MS""}",,,,,,auto
2026-08-04T15:48:51+00:00,6e208bd217c9420194bb8bc6b0bfe78f,MS,Morgan Stanley,sell,82.0,,,blocked_by_oms,"gate allowed but OMS rejected at sign-off (resting protective order - rests GTC, so a closed session is the right time to place it rather than a reason to wait)",US,Midday Lull,101951.33,40608.57,0.008482617972874577,auto
2026-08-04T15:53:51+00:00,4ed49fbe63694ee99b5d4165c74af1ef,AMAT,,sell,7.0,,,pending_signoff,protective stop for an unprotected position,,,,,,auto
2026-08-04T15:53:51+00:00,4ed49fbe63694ee99b5d4165c74af1ef,AMAT,autonomous-executor,sell,7.0,,,rejected,"broker refused: {""available"":""0"",""code"":40310000,""existing_qty"":""7"",""held_for_orders"":""7"",""message"":""insufficient qty available for order (requested: 7, available: 0)"",""related_orders"":[""699407f9-8332-4d16-a822-b50391031474""],""symbol"":""AMAT""}",,,,,,auto
2026-08-04T15:53:51+00:00,4ed49fbe63694ee99b5d4165c74af1ef,AMAT,"Applied Materials, Inc.",sell,7.0,,,blocked_by_oms,"gate allowed but OMS rejected at sign-off (resting protective order - rests GTC, so a closed session is the right time to place it rather than a reason to wait)",US,Midday Lull,101950.52,40608.57,0.008474605611284438,auto
2026-08-04T15:53:51+00:00,bbdcb2c265664d7da59ef4e9efc0a71d,AMD,,sell,7.0,,,pending_signoff,protective stop for an unprotected position,,,,,,auto
2026-08-04T15:53:52+00:00,bbdcb2c265664d7da59ef4e9efc0a71d,AMD,autonomous-executor,sell,7.0,,,rejected,"broker refused: {""available"":""0"",""code"":40310000,""existing_qty"":""7"",""held_for_orders"":""7"",""message"":""insufficient qty available for order (requested: 7, available: 0)"",""related_orders"":[""bfc414c9-9371-49fb-b0ff-151efc5329f4""],""symbol"":""AMD""}",,,,,,auto
2026-08-04T15:53:52+00:00,bbdcb2c265664d7da59ef4e9efc0a71d,AMD,"Advanced Micro Devices, Inc.",sell,7.0,,,blocked_by_oms,"gate allowed but OMS rejected at sign-off (resting protective order - rests GTC, so a closed session is the right time to place it rather than a reason to wait)",US,Midday Lull,101950.86,40608.57,0.008477968824791385,auto
2026-08-04T15:53:52+00:00,6bf044bfc8ff418a941bccba3dd2a71b,GS,,sell,7.0,,,pending_signoff,protective stop for an unprotected position,,,,,,auto
2026-08-04T15:53:52+00:00,6bf044bfc8ff418a941bccba3dd2a71b,GS,autonomous-executor,sell,7.0,,,rejected,"broker refused: {""available"":""0"",""code"":40310000,""existing_qty"":""7"",""held_for_orders"":""7"",""message"":""insufficient qty available for order (requested: 7, available: 0)"",""related_orders"":[""bb1e0d5b-23bd-4f11-8961-8931a9ccfc07""],""symbol"":""GS""}",,,,,,auto
2026-08-04T15:53:52+00:00,6bf044bfc8ff418a941bccba3dd2a71b,GS,"The Goldman Sachs Group, Inc.",sell,7.0,,,blocked_by_oms,"gate allowed but OMS rejected at sign-off (resting protective order - rests GTC, so a closed session is the right time to place it rather than a reason to wait)",US,Midday Lull,101958.21,40608.57,0.008550673587368846,auto
2026-08-04T15:53:52+00:00,1ebb809195d2498fa87074f6f3a56bfb,MS,,sell,82.0,,,pending_signoff,protective stop for an unprotected position,,,,,,auto
2026-08-04T15:53:53+00:00,1ebb809195d2498fa87074f6f3a56bfb,MS,autonomous-executor,sell,82.0,,,rejected,"broker refused: {""available"":""0"",""code"":40310000,""existing_qty"":""82"",""held_for_orders"":""82"",""message"":""insufficient qty available for order (requested: 82, available: 0)"",""related_orders"":[""8fc541eb-e22a-44a2-9204-787212873940"",""14aa2dbb-4055-4208-865e-1fab75c0ccb4""],""symbol"":""MS""}",,,,,,auto
2026-08-04T15:53:53+00:00,1ebb809195d2498fa87074f6f3a56bfb,MS,Morgan Stanley,sell,82.0,,,blocked_by_oms,"gate allowed but OMS rejected at sign-off (resting protective order - rests GTC, so a closed session is the right time to place it rather than a reason to wait)",US,Midday Lull,101958.55,40608.57,0.008554036800875794,auto
2026-08-04T15:58:53+00:00,e3b3e9bef5c34a7f9d0cf33db3021c1c,AMAT,,sell,7.0,,,pending_signoff,protective stop for an unprotected position,,,,,,auto
2026-08-04T15:58:54+00:00,e3b3e9bef5c34a7f9d0cf33db3021c1c,AMAT,autonomous-executor,sell,7.0,,,rejected,"broker refused: {""available"":""0"",""code"":40310000,""existing_qty"":""7"",""held_for_orders"":""7"",""message"":""insufficient qty available for order (requested: 7, available: 0)"",""related_orders"":[""699407f9-8332-4d16-a822-b50391031474""],""symbol"":""AMAT""}",,,,,,auto
2026-08-04T15:58:54+00:00,e3b3e9bef5c34a7f9d0cf33db3021c1c,AMAT,"Applied Materials, Inc.",sell,7.0,,,blocked_by_oms,"gate allowed but OMS rejected at sign-off (resting protective order - rests GTC, so a closed session is the right time to place it rather than a reason to wait)",US,Midday Lull,101948.07,40608.57,0.008450370690425332,auto
2026-08-04T15:58:54+00:00,7f6aebf8e5ca446c9c8e655f36cfc308,AMD,,sell,7.0,,,pending_signoff,protective stop for an unprotected position,,,,,,auto
2026-08-04T15:58:54+00:00,7f6aebf8e5ca446c9c8e655f36cfc308,AMD,autonomous-executor,sell,7.0,,,rejected,"broker refused: {""available"":""0"",""code"":40310000,""existing_qty"":""7"",""held_for_orders"":""7"",""message"":""insufficient qty available for order (requested: 7, available: 0)"",""related_orders"":[""bfc414c9-9371-49fb-b0ff-151efc5329f4""],""symbol"":""AMD""}",,,,,,auto
2026-08-04T15:58:54+00:00,7f6aebf8e5ca446c9c8e655f36cfc308,AMD,"Advanced Micro Devices, Inc.",sell,7.0,,,blocked_by_oms,"gate allowed but OMS rejected at sign-off (resting protective order - rests GTC, so a closed session is the right time to place it rather than a reason to wait)",US,Midday Lull,101947.63,40608.57,0.008446018296475096,auto
2026-08-04T15:58:54+00:00,d84c07022fa94674bf3c76065678d223,GS,,sell,7.0,,,pending_signoff,protective stop for an unprotected position,,,,,,auto
2026-08-04T15:58:55+00:00,d84c07022fa94674bf3c76065678d223,GS,autonomous-executor,sell,7.0,,,rejected,"broker refused: {""available"":""0"",""code"":40310000,""existing_qty"":""7"",""held_for_orders"":""7"",""message"":""insufficient qty available for order (requested: 7, available: 0)"",""related_orders"":[""bb1e0d5b-23bd-4f11-8961-8931a9ccfc07""],""symbol"":""GS""}",,,,,,auto
2026-08-04T15:58:55+00:00,d84c07022fa94674bf3c76065678d223,GS,"The Goldman Sachs Group, Inc.",sell,7.0,,,blocked_by_oms,"gate allowed but OMS rejected at sign-off (resting protective order - rests GTC, so a closed session is the right time to place it rather than a reason to wait)",US,Midday Lull,101948.12,40608.57,0.00845086528064683,auto
2026-08-04T15:58:55+00:00,a95b3649073d4fafbdcc9a892a92f47c,MS,,sell,82.0,,,pending_signoff,protective stop for an unprotected position,,,,,,auto
2026-08-04T15:58:55+00:00,a95b3649073d4fafbdcc9a892a92f47c,MS,autonomous-executor,sell,82.0,,,rejected,"broker refused: {""available"":""0"",""code"":40310000,""existing_qty"":""82"",""held_for_orders"":""82"",""message"":""insufficient qty available for order (requested: 82, available: 0)"",""related_orders"":[""8fc541eb-e22a-44a2-9204-787212873940"",""14aa2dbb-4055-4208-865e-1fab75c0ccb4""],""symbol"":""MS""}",,,,,,auto
2026-08-04T15:58:55+00:00,a95b3649073d4fafbdcc9a892a92f47c,MS,Morgan Stanley,sell,82.0,,,blocked_by_oms,"gate allowed but OMS rejected at sign-off (resting protective order - rests GTC, so a closed session is the right time to place it rather than a reason to wait)",US,Midday Lull,101948.12,40608.57,0.00845086528064683,auto
2026-08-04T16:03:56+00:00,6b9f31a9e89b4da288d26acbcd7feeed,AMAT,,sell,7.0,,,pending_signoff,protective stop for an unprotected position,,,,,,auto
2026-08-04T16:03:56+00:00,6b9f31a9e89b4da288d26acbcd7feeed,AMAT,autonomous-executor,sell,7.0,,,rejected,"broker refused: {""available"":""0"",""code"":40310000,""existing_qty"":""7"",""held_for_orders"":""7"",""message"":""insufficient qty available for order (requested: 7, available: 0)"",""related_orders"":[""699407f9-8332-4d16-a822-b50391031474""],""symbol"":""AMAT""}",,,,,,auto
2026-08-04T16:03:56+00:00,6b9f31a9e89b4da288d26acbcd7feeed,AMAT,"Applied Materials, Inc.",sell,7.0,,,blocked_by_oms,"gate allowed but OMS rejected at sign-off (resting protective order - rests GTC, so a closed session is the right time to place it rather than a reason to wait)",US,Midday Lull,101959.08,40608.57,0.008559279457224902,auto
2026-08-04T16:03:56+00:00,17bb734318dd40169a772d2ea1b09c10,AMD,,sell,7.0,,,pending_signoff,protective stop for an unprotected position,,,,,,auto
2026-08-04T16:03:56+00:00,17bb734318dd40169a772d2ea1b09c10,AMD,autonomous-executor,sell,7.0,,,rejected,"broker refused: {""available"":""0"",""code"":40310000,""existing_qty"":""7"",""held_for_orders"":""7"",""message"":""insufficient qty available for order (requested: 7, available: 0)"",""related_orders"":[""bfc414c9-9371-49fb-b0ff-151efc5329f4""],""symbol"":""AMD""}",,,,,,auto
2026-08-04T16:03:56+00:00,17bb734318dd40169a772d2ea1b09c10,AMD,"Advanced Micro Devices, Inc.",sell,7.0,,,blocked_by_oms,"gate allowed but OMS rejected at sign-off (resting protective order - rests GTC, so a closed session is the right time to place it rather than a reason to wait)",US,Midday Lull,101960.62,40608.57,0.00857451283605058,auto
2026-08-04T16:03:56+00:00,1593f2a5dc6b48c9bedf0e07c40c89a2,GS,,sell,7.0,,,pending_signoff,protective stop for an unprotected position,,,,,,auto
2026-08-04T16:03:57+00:00,1593f2a5dc6b48c9bedf0e07c40c89a2,GS,autonomous-executor,sell,7.0,,,rejected,"broker refused: {""available"":""0"",""code"":40310000,""existing_qty"":""7"",""held_for_orders"":""7"",""message"":""insufficient qty available for order (requested: 7, available: 0)"",""related_orders"":[""bb1e0d5b-23bd-4f11-8961-8931a9ccfc07""],""symbol"":""GS""}",,,,,,auto
2026-08-04T16:03:57+00:00,1593f2a5dc6b48c9bedf0e07c40c89a2,GS,"The Goldman Sachs Group, Inc.",sell,7.0,,,blocked_by_oms,"gate allowed but OMS rejected at sign-off (resting protective order - rests GTC, so a closed session is the right time to place it rather than a reason to wait)",US,Midday Lull,101960.18,40608.57,0.008570160442100346,auto
2026-08-04T16:03:57+00:00,f6446b41973b463fa47f410b74e4b907,MS,,sell,82.0,,,pending_signoff,protective stop for an unprotected position,,,,,,auto
2026-08-04T16:03:57+00:00,f6446b41973b463fa47f410b74e4b907,MS,autonomous-executor,sell,82.0,,,rejected,"broker refused: {""available"":""0"",""code"":40310000,""existing_qty"":""82"",""held_for_orders"":""82"",""message"":""insufficient qty available for order (requested: 82, available: 0)"",""related_orders"":[""8fc541eb-e22a-44a2-9204-787212873940"",""14aa2dbb-4055-4208-865e-1fab75c0ccb4""],""symbol"":""MS""}",,,,,,auto
2026-08-04T16:03:57+00:00,f6446b41973b463fa47f410b74e4b907,MS,Morgan Stanley,sell,82.0,,,blocked_by_oms,"gate allowed but OMS rejected at sign-off (resting protective order - rests GTC, so a closed session is the right time to place it rather than a reason to wait)",US,Midday Lull,101959.07,40608.57,0.00855918053918063,auto
2026-08-04T16:08:58+00:00,902d89cea9b6476091e419fbbc5a73ce,AMAT,,sell,7.0,,,pending_signoff,protective stop for an unprotected position,,,,,,auto
2026-08-04T16:08:58+00:00,902d89cea9b6476091e419fbbc5a73ce,AMAT,autonomous-executor,sell,7.0,,,rejected,"broker refused: {""available"":""0"",""code"":40310000,""existing_qty"":""7"",""held_for_orders"":""7"",""message"":""insufficient qty available for order (requested: 7, available: 0)"",""related_orders"":[""699407f9-8332-4d16-a822-b50391031474""],""symbol"":""AMAT""}",,,,,,auto
2026-08-04T16:08:58+00:00,902d89cea9b6476091e419fbbc5a73ce,AMAT,"Applied Materials, Inc.",sell,7.0,,,blocked_by_oms,"gate allowed but OMS rejected at sign-off (resting protective order - rests GTC, so a closed session is the right time to place it rather than a reason to wait)",US,Midday Lull,101912.9,40608.57,0.008102475928541216,auto
2026-08-04T16:08:58+00:00,d5127485dc2f437aa4eaf6d71b584d74,AMD,,sell,7.0,,,pending_signoff,protective stop for an unprotected position,,,,,,auto
2026-08-04T16:08:59+00:00,d5127485dc2f437aa4eaf6d71b584d74,AMD,autonomous-executor,sell,7.0,,,rejected,"broker refused: {""available"":""0"",""code"":40310000,""existing_qty"":""7"",""held_for_orders"":""7"",""message"":""insufficient qty available for order (requested: 7, available: 0)"",""related_orders"":[""bfc414c9-9371-49fb-b0ff-151efc5329f4""],""symbol"":""AMD""}",,,,,,auto
2026-08-04T16:08:59+00:00,d5127485dc2f437aa4eaf6d71b584d74,AMD,"Advanced Micro Devices, Inc.",sell,7.0,,,blocked_by_oms,"gate allowed but OMS rejected at sign-off (resting protective order - rests GTC, so a closed session is the right time to place it rather than a reason to wait)",US,Midday Lull,101912.9,40608.57,0.008102475928541216,auto
2026-08-04T16:08:59+00:00,c564ccbbc35a497580ea4892eb7bdb3d,GS,,sell,7.0,,,pending_signoff,protective stop for an unprotected position,,,,,,auto
2026-08-04T16:08:59+00:00,c564ccbbc35a497580ea4892eb7bdb3d,GS,autonomous-executor,sell,7.0,,,rejected,"broker refused: {""available"":""0"",""code"":40310000,""existing_qty"":""7"",""held_for_orders"":""7"",""message"":""insufficient qty available for order (requested: 7, available: 0)"",""related_orders"":[""bb1e0d5b-23bd-4f11-8961-8931a9ccfc07""],""symbol"":""GS""}",,,,,,auto
2026-08-04T16:08:59+00:00,c564ccbbc35a497580ea4892eb7bdb3d,GS,"The Goldman Sachs Group, Inc.",sell,7.0,,,blocked_by_oms,"gate allowed but OMS rejected at sign-off (resting protective order - rests GTC, so a closed session is the right time to place it rather than a reason to wait)",US,Midday Lull,101912.86,40608.57,0.008102080256363987,auto
2026-08-04T16:08:59+00:00,1284dfc7aef4437cbd8805cc3928d0e3,MS,,sell,82.0,,,pending_signoff,protective stop for an unprotected position,,,,,,auto
2026-08-04T16:09:00+00:00,1284dfc7aef4437cbd8805cc3928d0e3,MS,autonomous-executor,sell,82.0,,,rejected,"broker refused: {""available"":""0"",""code"":40310000,""existing_qty"":""82"",""held_for_orders"":""82"",""message"":""insufficient qty available for order (requested: 82, available: 0)"",""related_orders"":[""8fc541eb-e22a-44a2-9204-787212873940"",""14aa2dbb-4055-4208-865e-1fab75c0ccb4""],""symbol"":""MS""}",,,,,,auto
2026-08-04T16:09:00+00:00,1284dfc7aef4437cbd8805cc3928d0e3,MS,Morgan Stanley,sell,82.0,,,blocked_by_oms,"gate allowed but OMS rejected at sign-off (resting protective order - rests GTC, so a closed session is the right time to place it rather than a reason to wait)",US,Midday Lull,101912.86,40608.57,0.008102080256363987,auto
2026-08-04T16:14:00+00:00,a5d56d076b354e97a38b71632b86aa0b,AMAT,,sell,7.0,,,pending_signoff,protective stop for an unprotected position,,,,,,auto
2026-08-04T16:14:01+00:00,a5d56d076b354e97a38b71632b86aa0b,AMAT,autonomous-executor,sell,7.0,,,rejected,"broker refused: {""available"":""0"",""code"":40310000,""existing_qty"":""7"",""held_for_orders"":""7"",""message"":""insufficient qty available for order (requested: 7, available: 0)"",""related_orders"":[""699407f9-8332-4d16-a822-b50391031474""],""symbol"":""AMAT""}",,,,,,auto
2026-08-04T16:14:01+00:00,a5d56d076b354e97a38b71632b86aa0b,AMAT,"Applied Materials, Inc.",sell,7.0,,,blocked_by_oms,"gate allowed but OMS rejected at sign-off (resting protective order - rests GTC, so a closed session is the right time to place it rather than a reason to wait)",US,Midday Lull,101885.07,40608.57,0.007827187011190435,auto
2026-08-04T16:14:01+00:00,0222d8ffa77d4f1880252ec810055baf,AMD,,sell,7.0,,,pending_signoff,protective stop for an unprotected position,,,,,,auto
2026-08-04T16:14:01+00:00,0222d8ffa77d4f1880252ec810055baf,AMD,autonomous-executor,sell,7.0,,,rejected,"broker refused: {""available"":""0"",""code"":40310000,""existing_qty"":""7"",""held_for_orders"":""7"",""message"":""insufficient qty available for order (requested: 7, available: 0)"",""related_orders"":[""bfc414c9-9371-49fb-b0ff-151efc5329f4""],""symbol"":""AMD""}",,,,,,auto
2026-08-04T16:14:01+00:00,0222d8ffa77d4f1880252ec810055baf,AMD,"Advanced Micro Devices, Inc.",sell,7.0,,,blocked_by_oms,"gate allowed but OMS rejected at sign-off (resting protective order - rests GTC, so a closed session is the right time to place it rather than a reason to wait)",US,Midday Lull,101885.37,40608.57,0.00783015455252001,auto
2026-08-04T16:14:01+00:00,4b4fc1f8736d488791ed06c098322642,GS,,sell,7.0,,,pending_signoff,protective stop for an unprotected position,,,,,,auto
2026-08-04T16:14:01+00:00,4b4fc1f8736d488791ed06c098322642,GS,autonomous-executor,sell,7.0,,,rejected,"broker refused: {""available"":""0"",""code"":40310000,""existing_qty"":""7"",""held_for_orders"":""7"",""message"":""insufficient qty available for order (requested: 7, available: 0)"",""related_orders"":[""bb1e0d5b-23bd-4f11-8961-8931a9ccfc07""],""symbol"":""GS""}",,,,,,auto
2026-08-04T16:14:01+00:00,4b4fc1f8736d488791ed06c098322642,GS,"The Goldman Sachs Group, Inc.",sell,7.0,,,blocked_by_oms,"gate allowed but OMS rejected at sign-off (resting protective order - rests GTC, so a closed session is the right time to place it rather than a reason to wait)",US,Midday Lull,101883.27,40608.57,0.007809381763212266,auto
2026-08-04T16:14:01+00:00,fb387a38716248119382fda63c601d73,MS,,sell,82.0,,,pending_signoff,protective stop for an unprotected position,,,,,,auto
2026-08-04T16:14:02+00:00,fb387a38716248119382fda63c601d73,MS,autonomous-executor,sell,82.0,,,rejected,"broker refused: {""available"":""0"",""code"":40310000,""existing_qty"":""82"",""held_for_orders"":""82"",""message"":""insufficient qty available for order (requested: 82, available: 0)"",""related_orders"":[""8fc541eb-e22a-44a2-9204-787212873940"",""14aa2dbb-4055-4208-865e-1fab75c0ccb4""],""symbol"":""MS""}",,,,,,auto
2026-08-04T16:14:02+00:00,fb387a38716248119382fda63c601d73,MS,Morgan Stanley,sell,82.0,,,blocked_by_oms,"gate allowed but OMS rejected at sign-off (resting protective order - rests GTC, so a closed session is the right time to place it rather than a reason to wait)",US,Midday Lull,101883.27,40608.57,0.007809381763212266,auto
2026-08-04T16:19:02+00:00,1244d18df3e542888360bba167eda04a,AMAT,,sell,7.0,,,pending_signoff,protective stop for an unprotected position,,,,,,auto
2026-08-04T16:19:03+00:00,1244d18df3e542888360bba167eda04a,AMAT,autonomous-executor,sell,7.0,,,rejected,"broker refused: {""available"":""0"",""code"":40310000,""existing_qty"":""7"",""held_for_orders"":""7"",""message"":""insufficient qty available for order (requested: 7, available: 0)"",""related_orders"":[""699407f9-8332-4d16-a822-b50391031474""],""symbol"":""AMAT""}",,,,,,auto
2026-08-04T16:19:03+00:00,1244d18df3e542888360bba167eda04a,AMAT,"Applied Materials, Inc.",sell,7.0,,,blocked_by_oms,"gate allowed but OMS rejected at sign-off (resting protective order - rests GTC, so a closed session is the right time to place it rather than a reason to wait)",US,Midday Lull,101884.51,40608.57,0.007821647600708225,auto
2026-08-04T16:19:03+00:00,a6ef9f74dc3948778ec73896207ffb7f,AMD,,sell,7.0,,,pending_signoff,protective stop for an unprotected position,,,,,,auto
2026-08-04T16:19:03+00:00,a6ef9f74dc3948778ec73896207ffb7f,AMD,autonomous-executor,sell,7.0,,,rejected,"broker refused: {""available"":""0"",""code"":40310000,""existing_qty"":""7"",""held_for_orders"":""7"",""message"":""insufficient qty available for order (requested: 7, available: 0)"",""related_orders"":[""bfc414c9-9371-49fb-b0ff-151efc5329f4""],""symbol"":""AMD""}",,,,,,auto
2026-08-04T16:19:03+00:00,a6ef9f74dc3948778ec73896207ffb7f,AMD,"Advanced Micro Devices, Inc.",sell,7.0,,,blocked_by_oms,"gate allowed but OMS rejected at sign-off (resting protective order - rests GTC, so a closed session is the right time to place it rather than a reason to wait)",US,Midday Lull,101887.28,40608.57,0.007849047898985736,auto
2026-08-04T16:19:03+00:00,3e39964be87f4af8acdd27a9cbca5834,GS,,sell,7.0,,,pending_signoff,protective stop for an unprotected position,,,,,,auto
2026-08-04T16:19:04+00:00,3e39964be87f4af8acdd27a9cbca5834,GS,autonomous-executor,sell,7.0,,,rejected,"broker refused: {""available"":""0"",""code"":40310000,""existing_qty"":""7"",""held_for_orders"":""7"",""message"":""insufficient qty available for order (requested: 7, available: 0)"",""related_orders"":[""bb1e0d5b-23bd-4f11-8961-8931a9ccfc07""],""symbol"":""GS""}",,,,,,auto
2026-08-04T16:19:04+00:00,3e39964be87f4af8acdd27a9cbca5834,GS,"The Goldman Sachs Group, Inc.",sell,7.0,,,blocked_by_oms,"gate allowed but OMS rejected at sign-off (resting protective order - rests GTC, so a closed session is the right time to place it rather than a reason to wait)",US,Midday Lull,101889.43,40608.57,0.007870315278515123,auto
2026-08-04T16:19:04+00:00,3d98b97b48e14e6d8f4da45f33c405aa,MS,,sell,82.0,,,pending_signoff,protective stop for an unprotected position,,,,,,auto
2026-08-04T16:19:04+00:00,3d98b97b48e14e6d8f4da45f33c405aa,MS,autonomous-executor,sell,82.0,,,rejected,"broker refused: {""available"":""0"",""code"":40310000,""existing_qty"":""82"",""held_for_orders"":""82"",""message"":""insufficient qty available for order (requested: 82, available: 0)"",""related_orders"":[""8fc541eb-e22a-44a2-9204-787212873940"",""14aa2dbb-4055-4208-865e-1fab75c0ccb4""],""symbol"":""MS""}",,,,,,auto
2026-08-04T16:19:04+00:00,3d98b97b48e14e6d8f4da45f33c405aa,MS,Morgan Stanley,sell,82.0,,,blocked_by_oms,"gate allowed but OMS rejected at sign-off (resting protective order - rests GTC, so a closed session is the right time to place it rather than a reason to wait)",US,Midday Lull,101889.43,40608.57,0.007870315278515123,auto
2026-08-04T16:23:40+00:00,09bb7cb558604af58bca5dbcb1e2cc54,PG,,buy,0.0,,swing,rejected,already at the 10-position limit (10 held or pending),,,,,,auto
2026-08-04T16:24:05+00:00,7637c653d5c64c9eae3710061e13cccb,AMAT,,sell,7.0,,,pending_signoff,protective stop for an unprotected position,,,,,,auto
2026-08-04T16:24:05+00:00,7637c653d5c64c9eae3710061e13cccb,AMAT,autonomous-executor,sell,7.0,,,rejected,"broker refused: {""available"":""0"",""code"":40310000,""existing_qty"":""7"",""held_for_orders"":""7"",""message"":""insufficient qty available for order (requested: 7, available: 0)"",""related_orders"":[""699407f9-8332-4d16-a822-b50391031474""],""symbol"":""AMAT""}",,,,,,auto
2026-08-04T16:24:05+00:00,7637c653d5c64c9eae3710061e13cccb,AMAT,"Applied Materials, Inc.",sell,7.0,,,blocked_by_oms,"gate allowed but OMS rejected at sign-off (resting protective order - rests GTC, so a closed session is the right time to place it rather than a reason to wait)",US,Midday Lull,101963.29,40608.57,0.008600923953884804,auto
2026-08-04T16:24:05+00:00,8eb3547415c646fa9206d677a510f727,AMD,,sell,7.0,,,pending_signoff,protective stop for an unprotected position,,,,,,auto
2026-08-04T16:24:06+00:00,8eb3547415c646fa9206d677a510f727,AMD,autonomous-executor,sell,7.0,,,rejected,"broker refused: {""available"":""0"",""code"":40310000,""existing_qty"":""7"",""held_for_orders"":""7"",""message"":""insufficient qty available for order (requested: 7, available: 0)"",""related_orders"":[""bfc414c9-9371-49fb-b0ff-151efc5329f4""],""symbol"":""AMD""}",,,,,,auto
2026-08-04T16:24:06+00:00,8eb3547415c646fa9206d677a510f727,AMD,"Advanced Micro Devices, Inc.",sell,7.0,,,blocked_by_oms,"gate allowed but OMS rejected at sign-off (resting protective order - rests GTC, so a closed session is the right time to place it rather than a reason to wait)",US,Midday Lull,101962.48,40608.57,0.008592911592294665,auto
2026-08-04T16:24:06+00:00,69d05039c2324e33817d974f4cc8774d,GS,,sell,7.0,,,pending_signoff,protective stop for an unprotected position,,,,,,auto
2026-08-04T16:24:06+00:00,69d05039c2324e33817d974f4cc8774d,GS,autonomous-executor,sell,7.0,,,rejected,"broker refused: {""available"":""0"",""code"":40310000,""existing_qty"":""7"",""held_for_orders"":""7"",""message"":""insufficient qty available for order (requested: 7, available: 0)"",""related_orders"":[""bb1e0d5b-23bd-4f11-8961-8931a9ccfc07""],""symbol"":""GS""}",,,,,,auto
2026-08-04T16:24:06+00:00,69d05039c2324e33817d974f4cc8774d,GS,"The Goldman Sachs Group, Inc.",sell,7.0,,,blocked_by_oms,"gate allowed but OMS rejected at sign-off (resting protective order - rests GTC, so a closed session is the right time to place it rather than a reason to wait)",US,Midday Lull,101963.6,40608.57,0.008603990413258938,auto
2026-08-04T16:24:06+00:00,226047eed2e443499f85a66f8b20769d,MS,,sell,82.0,,,pending_signoff,protective stop for an unprotected position,,,,,,auto
2026-08-04T16:24:06+00:00,226047eed2e443499f85a66f8b20769d,MS,autonomous-executor,sell,82.0,,,rejected,"broker refused: {""available"":""0"",""code"":40310000,""existing_qty"":""82"",""held_for_orders"":""82"",""message"":""insufficient qty available for order (requested: 82, available: 0)"",""related_orders"":[""8fc541eb-e22a-44a2-9204-787212873940"",""14aa2dbb-4055-4208-865e-1fab75c0ccb4""],""symbol"":""MS""}",,,,,,auto
2026-08-04T16:24:06+00:00,226047eed2e443499f85a66f8b20769d,MS,Morgan Stanley,sell,82.0,,,blocked_by_oms,"gate allowed but OMS rejected at sign-off (resting protective order - rests GTC, so a closed session is the right time to place it rather than a reason to wait)",US,Midday Lull,101962.21,40608.57,0.008590240805098046,auto
2026-08-04T16:24:07+00:00,226047eed2e443499f85a66f8b20769d,MS,Morgan Stanley,sell,82.0,,,blocked,order is not pending sign-off (status=rejected),US,Midday Lull,101961.44,40608.57,0.008582624115685136,auto
2026-08-04T16:29:07+00:00,8f75c03b8d9b475aab9c441f5fe4b94d,AMAT,,sell,7.0,,,pending_signoff,protective stop for an unprotected position,,,,,,auto
2026-08-04T16:29:07+00:00,8f75c03b8d9b475aab9c441f5fe4b94d,AMAT,autonomous-executor,sell,7.0,,,rejected,"broker refused: {""available"":""0"",""code"":40310000,""existing_qty"":""7"",""held_for_orders"":""7"",""message"":""insufficient qty available for order (requested: 7, available: 0)"",""related_orders"":[""699407f9-8332-4d16-a822-b50391031474""],""symbol"":""AMAT""}",,,,,,auto
2026-08-04T16:29:07+00:00,8f75c03b8d9b475aab9c441f5fe4b94d,AMAT,"Applied Materials, Inc.",sell,7.0,,,blocked_by_oms,"gate allowed but OMS rejected at sign-off (resting protective order - rests GTC, so a closed session is the right time to place it rather than a reason to wait)",US,Midday Lull,102016.3,40608.57,0.009125288506841116,auto
2026-08-04T16:29:07+00:00,721b065db9094b40b1ec4c308afd20fd,AMD,,sell,7.0,,,pending_signoff,protective stop for an unprotected position,,,,,,auto
2026-08-04T16:29:08+00:00,721b065db9094b40b1ec4c308afd20fd,AMD,autonomous-executor,sell,7.0,,,rejected,"broker refused: {""available"":""0"",""code"":40310000,""existing_qty"":""7"",""held_for_orders"":""7"",""message"":""insufficient qty available for order (requested: 7, available: 0)"",""related_orders"":[""bfc414c9-9371-49fb-b0ff-151efc5329f4""],""symbol"":""AMD""}",,,,,,auto
2026-08-04T16:29:08+00:00,721b065db9094b40b1ec4c308afd20fd,AMD,"Advanced Micro Devices, Inc.",sell,7.0,,,blocked_by_oms,"gate allowed but OMS rejected at sign-off (resting protective order - rests GTC, so a closed session is the right time to place it rather than a reason to wait)",US,Midday Lull,102013.69,40608.57,0.009099470897272808,auto
2026-08-04T16:29:08+00:00,d6298cbda41e44e5a1a9f0e5fc4bee9d,GS,,sell,7.0,,,pending_signoff,protective stop for an unprotected position,,,,,,auto
2026-08-04T16:29:08+00:00,d6298cbda41e44e5a1a9f0e5fc4bee9d,GS,autonomous-executor,sell,7.0,,,rejected,"broker refused: {""available"":""0"",""code"":40310000,""existing_qty"":""7"",""held_for_orders"":""7"",""message"":""insufficient qty available for order (requested: 7, available: 0)"",""related_orders"":[""bb1e0d5b-23bd-4f11-8961-8931a9ccfc07""],""symbol"":""GS""}",,,,,,auto
2026-08-04T16:29:08+00:00,d6298cbda41e44e5a1a9f0e5fc4bee9d,GS,"The Goldman Sachs Group, Inc.",sell,7.0,,,blocked_by_oms,"gate allowed but OMS rejected at sign-off (resting protective order - rests GTC, so a closed session is the right time to place it rather than a reason to wait)",US,Midday Lull,102011.65,40608.57,0.009079291616230835,auto
2026-08-04T16:29:08+00:00,8903fc9a35984af9b81741a0bd524ce4,MS,,sell,82.0,,,pending_signoff,protective stop for an unprotected position,,,,,,auto
2026-08-04T16:29:09+00:00,8903fc9a35984af9b81741a0bd524ce4,MS,autonomous-executor,sell,82.0,,,rejected,"broker refused: {""available"":""0"",""code"":40310000,""existing_qty"":""82"",""held_for_orders"":""82"",""message"":""insufficient qty available for order (requested: 82, available: 0)"",""related_orders"":[""8fc541eb-e22a-44a2-9204-787212873940"",""14aa2dbb-4055-4208-865e-1fab75c0ccb4""],""symbol"":""MS""}",,,,,,auto
2026-08-04T16:29:09+00:00,8903fc9a35984af9b81741a0bd524ce4,MS,Morgan Stanley,sell,82.0,,,blocked_by_oms,"gate allowed but OMS rejected at sign-off (resting protective order - rests GTC, so a closed session is the right time to place it rather than a reason to wait)",US,Midday Lull,102011.65,40608.57,0.009079291616230835,auto
2026-08-04T16:34:09+00:00,b2c6f07a6cc14f8d8ca19822a5da4431,AMAT,,sell,7.0,,,pending_signoff,protective stop for an unprotected position,,,,,,auto
2026-08-04T16:34:10+00:00,b2c6f07a6cc14f8d8ca19822a5da4431,AMAT,autonomous-executor,sell,7.0,,,rejected,"broker refused: {""available"":""0"",""code"":40310000,""existing_qty"":""7"",""held_for_orders"":""7"",""message"":""insufficient qty available for order (requested: 7, available: 0)"",""related_orders"":[""699407f9-8332-4d16-a822-b50391031474""],""symbol"":""AMAT""}",,,,,,auto
2026-08-04T16:34:10+00:00,b2c6f07a6cc14f8d8ca19822a5da4431,AMAT,"Applied Materials, Inc.",sell,7.0,,,blocked_by_oms,"gate allowed but OMS rejected at sign-off (resting protective order - rests GTC, so a closed session is the right time to place it rather than a reason to wait)",US,Midday Lull,101991.49,40608.57,0.008879872838875778,auto
2026-08-04T16:34:10+00:00,a39c7a84d377426b818e03e7b4577e93,AMD,,sell,7.0,,,pending_signoff,protective stop for an unprotected position,,,,,,auto
2026-08-04T16:34:10+00:00,a39c7a84d377426b818e03e7b4577e93,AMD,autonomous-executor,sell,7.0,,,rejected,"broker refused: {""available"":""0"",""code"":40310000,""existing_qty"":""7"",""held_for_orders"":""7"",""message"":""insufficient qty available for order (requested: 7, available: 0)"",""related_orders"":[""bfc414c9-9371-49fb-b0ff-151efc5329f4""],""symbol"":""AMD""}",,,,,,auto
2026-08-04T16:34:10+00:00,a39c7a84d377426b818e03e7b4577e93,AMD,"Advanced Micro Devices, Inc.",sell,7.0,,,blocked_by_oms,"gate allowed but OMS rejected at sign-off (resting protective order - rests GTC, so a closed session is the right time to place it rather than a reason to wait)",US,Midday Lull,101991.08,40608.57,0.0088758171990585,auto
2026-08-04T16:34:10+00:00,986e439c278049a1b8219cbd7a0da681,GS,,sell,7.0,,,pending_signoff,protective stop for an unprotected position,,,,,,auto
2026-08-04T16:34:10+00:00,986e439c278049a1b8219cbd7a0da681,GS,autonomous-executor,sell,7.0,,,rejected,"broker refused: {""available"":""0"",""code"":40310000,""existing_qty"":""7"",""held_for_orders"":""7"",""message"":""insufficient qty available for order (requested: 7, available: 0)"",""related_orders"":[""bb1e0d5b-23bd-4f11-8961-8931a9ccfc07""],""symbol"":""GS""}",,,,,,auto
2026-08-04T16:34:10+00:00,986e439c278049a1b8219cbd7a0da681,GS,"The Goldman Sachs Group, Inc.",sell,7.0,,,blocked_by_oms,"gate allowed but OMS rejected at sign-off (resting protective order - rests GTC, so a closed session is the right time to place it rather than a reason to wait)",US,Midday Lull,101991.08,40608.57,0.0088758171990585,auto
2026-08-04T16:34:10+00:00,a1f08ede52354229b7a02cec27f74b70,MS,,sell,82.0,,,pending_signoff,protective stop for an unprotected position,,,,,,auto
2026-08-04T16:34:11+00:00,a1f08ede52354229b7a02cec27f74b70,MS,autonomous-executor,sell,82.0,,,rejected,"broker refused: {""available"":""0"",""code"":40310000,""existing_qty"":""82"",""held_for_orders"":""82"",""message"":""insufficient qty available for order (requested: 82, available: 0)"",""related_orders"":[""8fc541eb-e22a-44a2-9204-787212873940"",""14aa2dbb-4055-4208-865e-1fab75c0ccb4""],""symbol"":""MS""}",,,,,,auto
2026-08-04T16:34:11+00:00,a1f08ede52354229b7a02cec27f74b70,MS,Morgan Stanley,sell,82.0,,,blocked_by_oms,"gate allowed but OMS rejected at sign-off (resting protective order - rests GTC, so a closed session is the right time to place it rather than a reason to wait)",US,Midday Lull,101990.94,40608.57,0.008874432346437984,auto
2026-08-04T16:39:11+00:00,46dedddd8f35464d80e05fb40841b75f,AMAT,,sell,7.0,,,pending_signoff,protective stop for an unprotected position,,,,,,auto
2026-08-04T16:39:12+00:00,46dedddd8f35464d80e05fb40841b75f,AMAT,autonomous-executor,sell,7.0,,,rejected,"broker refused: {""available"":""0"",""code"":40310000,""existing_qty"":""7"",""held_for_orders"":""7"",""message"":""insufficient qty available for order (requested: 7, available: 0)"",""related_orders"":[""699407f9-8332-4d16-a822-b50391031474""],""symbol"":""AMAT""}",,,,,,auto
2026-08-04T16:39:12+00:00,46dedddd8f35464d80e05fb40841b75f,AMAT,"Applied Materials, Inc.",sell,7.0,,,blocked_by_oms,"gate allowed but OMS rejected at sign-off (resting protective order - rests GTC, so a closed session is the right time to place it rather than a reason to wait)",US,Midday Lull,101954.0,40608.57,0.008509029090708801,auto
2026-08-04T16:39:12+00:00,4dc428f500994290a50dc66a467366c8,AMD,,sell,7.0,,,pending_signoff,protective stop for an unprotected position,,,,,,auto
2026-08-04T16:39:12+00:00,4dc428f500994290a50dc66a467366c8,AMD,autonomous-executor,sell,7.0,,,rejected,"broker refused: {""available"":""0"",""code"":40310000,""existing_qty"":""7"",""held_for_orders"":""7"",""message"":""insufficient qty available for order (requested: 7, available: 0)"",""related_orders"":[""bfc414c9-9371-49fb-b0ff-151efc5329f4""],""symbol"":""AMD""}",,,,,,auto
2026-08-04T16:39:12+00:00,4dc428f500994290a50dc66a467366c8,AMD,"Advanced Micro Devices, Inc.",sell,7.0,,,blocked_by_oms,"gate allowed but OMS rejected at sign-off (resting protective order - rests GTC, so a closed session is the right time to place it rather than a reason to wait)",US,Midday Lull,101954.57,40608.57,0.00851466741923528,auto
2026-08-04T16:39:12+00:00,c9205af508004fc6a33abfe3f3ee455b,GS,,sell,7.0,,,pending_signoff,protective stop for an unprotected position,,,,,,auto
2026-08-04T16:39:13+00:00,c9205af508004fc6a33abfe3f3ee455b,GS,autonomous-executor,sell,7.0,,,rejected,"broker refused: {""available"":""0"",""code"":40310000,""existing_qty"":""7"",""held_for_orders"":""7"",""message"":""insufficient qty available for order (requested: 7, available: 0)"",""related_orders"":[""bb1e0d5b-23bd-4f11-8961-8931a9ccfc07""],""symbol"":""GS""}",,,,,,auto
2026-08-04T16:39:13+00:00,c9205af508004fc6a33abfe3f3ee455b,GS,"The Goldman Sachs Group, Inc.",sell,7.0,,,blocked_by_oms,"gate allowed but OMS rejected at sign-off (resting protective order - rests GTC, so a closed session is the right time to place it rather than a reason to wait)",US,Midday Lull,101961.16,40608.57,0.008579854410444104,auto
2026-08-04T16:39:13+00:00,5ca2caa3c7f04363894375b8922dda5e,MS,,sell,82.0,,,pending_signoff,protective stop for an unprotected position,,,,,,auto
2026-08-04T16:39:13+00:00,5ca2caa3c7f04363894375b8922dda5e,MS,autonomous-executor,sell,82.0,,,rejected,"broker refused: {""available"":""0"",""code"":40310000,""existing_qty"":""82"",""held_for_orders"":""82"",""message"":""insufficient qty available for order (requested: 82, available: 0)"",""related_orders"":[""8fc541eb-e22a-44a2-9204-787212873940"",""14aa2dbb-4055-4208-865e-1fab75c0ccb4""],""symbol"":""MS""}",,,,,,auto
2026-08-04T16:39:13+00:00,5ca2caa3c7f04363894375b8922dda5e,MS,Morgan Stanley,sell,82.0,,,blocked_by_oms,"gate allowed but OMS rejected at sign-off (resting protective order - rests GTC, so a closed session is the right time to place it rather than a reason to wait)",US,Midday Lull,101961.39,40608.57,0.008582129525463491,auto
2026-08-04T16:44:14+00:00,e98fb6f0250b43d8ac64f0385e61b57e,AMAT,,sell,7.0,,,pending_signoff,protective stop for an unprotected position,,,,,,auto
2026-08-04T16:44:14+00:00,e98fb6f0250b43d8ac64f0385e61b57e,AMAT,autonomous-executor,sell,7.0,,,rejected,"broker refused: {""available"":""0"",""code"":40310000,""existing_qty"":""7"",""held_for_orders"":""7"",""message"":""insufficient qty available for order (requested: 7, available: 0)"",""related_orders"":[""699407f9-8332-4d16-a822-b50391031474""],""symbol"":""AMAT""}",,,,,,auto
2026-08-04T16:44:14+00:00,e98fb6f0250b43d8ac64f0385e61b57e,AMAT,"Applied Materials, Inc.",sell,7.0,,,blocked_by_oms,"gate allowed but OMS rejected at sign-off (resting protective order - rests GTC, so a closed session is the right time to place it rather than a reason to wait)",US,Midday Lull,101980.78,40608.57,0.008773931613405781,auto
2026-08-04T16:44:14+00:00,405b29e4fe2549aabbbee5ebbfd05e30,AMD,,sell,7.0,,,pending_signoff,protective stop for an unprotected position,,,,,,auto
2026-08-04T16:44:15+00:00,405b29e4fe2549aabbbee5ebbfd05e30,AMD,autonomous-executor,sell,7.0,,,rejected,"broker refused: {""available"":""0"",""code"":40310000,""existing_qty"":""7"",""held_for_orders"":""7"",""message"":""insufficient qty available for order (requested: 7, available: 0)"",""related_orders"":[""bfc414c9-9371-49fb-b0ff-151efc5329f4""],""symbol"":""AMD""}",,,,,,auto
2026-08-04T16:44:15+00:00,405b29e4fe2549aabbbee5ebbfd05e30,AMD,"Advanced Micro Devices, Inc.",sell,7.0,,,blocked_by_oms,"gate allowed but OMS rejected at sign-off (resting protective order - rests GTC, so a closed session is the right time to place it rather than a reason to wait)",US,Midday Lull,101980.97,40608.57,0.008775811056247942,auto
2026-08-04T16:44:15+00:00,7ffb9af6b36a409aa1ad78462fd60591,GS,,sell,7.0,,,pending_signoff,protective stop for an unprotected position,,,,,,auto
2026-08-04T16:44:15+00:00,7ffb9af6b36a409aa1ad78462fd60591,GS,autonomous-executor,sell,7.0,,,rejected,"broker refused: {""available"":""0"",""code"":40310000,""existing_qty"":""7"",""held_for_orders"":""7"",""message"":""insufficient qty available for order (requested: 7, available: 0)"",""related_orders"":[""bb1e0d5b-23bd-4f11-8961-8931a9ccfc07""],""symbol"":""GS""}",,,,,,auto
2026-08-04T16:44:15+00:00,7ffb9af6b36a409aa1ad78462fd60591,GS,"The Goldman Sachs Group, Inc.",sell,7.0,,,blocked_by_oms,"gate allowed but OMS rejected at sign-off (resting protective order - rests GTC, so a closed session is the right time to place it rather than a reason to wait)",US,Midday Lull,101981.56,40608.57,0.008781647220862965,auto
2026-08-04T16:44:15+00:00,21ea7d70cde74aeba7179281c877b06a,MS,,sell,82.0,,,pending_signoff,protective stop for an unprotected position,,,,,,auto
2026-08-04T16:44:15+00:00,21ea7d70cde74aeba7179281c877b06a,MS,autonomous-executor,sell,82.0,,,rejected,"broker refused: {""available"":""0"",""code"":40310000,""existing_qty"":""82"",""held_for_orders"":""82"",""message"":""insufficient qty available for order (requested: 82, available: 0)"",""related_orders"":[""8fc541eb-e22a-44a2-9204-787212873940"",""14aa2dbb-4055-4208-865e-1fab75c0ccb4""],""symbol"":""MS""}",,,,,,auto
2026-08-04T16:44:15+00:00,21ea7d70cde74aeba7179281c877b06a,MS,Morgan Stanley,sell,82.0,,,blocked_by_oms,"gate allowed but OMS rejected at sign-off (resting protective order - rests GTC, so a closed session is the right time to place it rather than a reason to wait)",US,Midday Lull,101981.56,40608.57,0.008781647220862965,auto
2026-08-04T16:49:16+00:00,9329a8aa3e074dbda2899f329e62829d,AMAT,,sell,7.0,,,pending_signoff,protective stop for an unprotected position,,,,,,auto
2026-08-04T16:49:16+00:00,9329a8aa3e074dbda2899f329e62829d,AMAT,autonomous-executor,sell,7.0,,,rejected,"broker refused: {""available"":""0"",""code"":40310000,""existing_qty"":""7"",""held_for_orders"":""7"",""message"":""insufficient qty available for order (requested: 7, available: 0)"",""related_orders"":[""699407f9-8332-4d16-a822-b50391031474""],""symbol"":""AMAT""}",,,,,,auto
2026-08-04T16:49:16+00:00,9329a8aa3e074dbda2899f329e62829d,AMAT,"Applied Materials, Inc.",sell,7.0,,,blocked_by_oms,"gate allowed but OMS rejected at sign-off (resting protective order - rests GTC, so a closed session is the right time to place it rather than a reason to wait)",US,Midday Lull,102014.8,40608.57,0.009110450800192666,auto
2026-08-04T16:49:16+00:00,92e371ad7c1d414396defc2539bea8e0,AMD,,sell,7.0,,,pending_signoff,protective stop for an unprotected position,,,,,,auto
2026-08-04T16:49:17+00:00,92e371ad7c1d414396defc2539bea8e0,AMD,autonomous-executor,sell,7.0,,,rejected,"broker refused: {""available"":""0"",""code"":40310000,""existing_qty"":""7"",""held_for_orders"":""7"",""message"":""insufficient qty available for order (requested: 7, available: 0)"",""related_orders"":[""bfc414c9-9371-49fb-b0ff-151efc5329f4""],""symbol"":""AMD""}",,,,,,auto
2026-08-04T16:49:17+00:00,92e371ad7c1d414396defc2539bea8e0,AMD,"Advanced Micro Devices, Inc.",sell,7.0,,,blocked_by_oms,"gate allowed but OMS rejected at sign-off (resting protective order - rests GTC, so a closed session is the right time to place it rather than a reason to wait)",US,Midday Lull,102014.8,40608.57,0.009110450800192666,auto
2026-08-04T16:49:17+00:00,f63afccaff3d46868dcc2485d63d2d91,GS,,sell,7.0,,,pending_signoff,protective stop for an unprotected position,,,,,,auto
2026-08-04T16:49:17+00:00,f63afccaff3d46868dcc2485d63d2d91,GS,autonomous-executor,sell,7.0,,,rejected,"broker refused: {""available"":""0"",""code"":40310000,""existing_qty"":""7"",""held_for_orders"":""7"",""message"":""insufficient qty available for order (requested: 7, available: 0)"",""related_orders"":[""bb1e0d5b-23bd-4f11-8961-8931a9ccfc07""],""symbol"":""GS""}",,,,,,auto
2026-08-04T16:49:17+00:00,f63afccaff3d46868dcc2485d63d2d91,GS,"The Goldman Sachs Group, Inc.",sell,7.0,,,blocked_by_oms,"gate allowed but OMS rejected at sign-off (resting protective order - rests GTC, so a closed session is the right time to place it rather than a reason to wait)",US,Midday Lull,102014.8,40608.57,0.009110450800192666,auto
2026-08-04T16:49:17+00:00,744b8da2ebd84aaabd8cb83c6202d6b8,MS,,sell,82.0,,,pending_signoff,protective stop for an unprotected position,,,,,,auto
2026-08-04T16:49:18+00:00,744b8da2ebd84aaabd8cb83c6202d6b8,MS,autonomous-executor,sell,82.0,,,rejected,"broker refused: {""available"":""0"",""code"":40310000,""existing_qty"":""82"",""held_for_orders"":""82"",""message"":""insufficient qty available for order (requested: 82, available: 0)"",""related_orders"":[""8fc541eb-e22a-44a2-9204-787212873940"",""14aa2dbb-4055-4208-865e-1fab75c0ccb4""],""symbol"":""MS""}",,,,,,auto
2026-08-04T16:49:18+00:00,744b8da2ebd84aaabd8cb83c6202d6b8,MS,Morgan Stanley,sell,82.0,,,blocked_by_oms,"gate allowed but OMS rejected at sign-off (resting protective order - rests GTC, so a closed session is the right time to place it rather than a reason to wait)",US,Midday Lull,102014.8,40608.57,0.009110450800192666,auto
2026-08-04T16:54:18+00:00,bbd130d297b94c24be810e3be5e3df99,AMAT,,sell,7.0,,,pending_signoff,protective stop for an unprotected position,,,,,,auto
2026-08-04T16:54:19+00:00,bbd130d297b94c24be810e3be5e3df99,AMAT,autonomous-executor,sell,7.0,,,rejected,"broker refused: {""available"":""0"",""code"":40310000,""existing_qty"":""7"",""held_for_orders"":""7"",""message"":""insufficient qty available for order (requested: 7, available: 0)"",""related_orders"":[""699407f9-8332-4d16-a822-b50391031474""],""symbol"":""AMAT""}",,,,,,auto
2026-08-04T16:54:19+00:00,bbd130d297b94c24be810e3be5e3df99,AMAT,"Applied Materials, Inc.",sell,7.0,,,blocked_by_oms,"gate allowed but OMS rejected at sign-off (resting protective order - rests GTC, so a closed session is the right time to place it rather than a reason to wait)",US,Midday Lull,101999.16,40608.57,0.0089557429788715,auto
2026-08-04T16:54:19+00:00,078836b19c1849efa1b17f6287ec08b2,AMD,,sell,7.0,,,pending_signoff,protective stop for an unprotected position,,,,,,auto
2026-08-04T16:54:19+00:00,078836b19c1849efa1b17f6287ec08b2,AMD,autonomous-executor,sell,7.0,,,rejected,"broker refused: {""available"":""0"",""code"":40310000,""existing_qty"":""7"",""held_for_orders"":""7"",""message"":""insufficient qty available for order (requested: 7, available: 0)"",""related_orders"":[""bfc414c9-9371-49fb-b0ff-151efc5329f4""],""symbol"":""AMD""}",,,,,,auto
2026-08-04T16:54:19+00:00,078836b19c1849efa1b17f6287ec08b2,AMD,"Advanced Micro Devices, Inc.",sell,7.0,,,blocked_by_oms,"gate allowed but OMS rejected at sign-off (resting protective order - rests GTC, so a closed session is the right time to place it rather than a reason to wait)",US,Midday Lull,102003.29,40608.57,0.008996596131176801,auto
2026-08-04T16:54:19+00:00,c461088c14ab494d95b8a1f69a056707,GS,,sell,7.0,,,pending_signoff,protective stop for an unprotected position,,,,,,auto
2026-08-04T16:54:19+00:00,c461088c14ab494d95b8a1f69a056707,GS,autonomous-executor,sell,7.0,,,rejected,"broker refused: {""available"":""0"",""code"":40310000,""existing_qty"":""7"",""held_for_orders"":""7"",""message"":""insufficient qty available for order (requested: 7, available: 0)"",""related_orders"":[""bb1e0d5b-23bd-4f11-8961-8931a9ccfc07""],""symbol"":""GS""}",,,,,,auto
2026-08-04T16:54:19+00:00,c461088c14ab494d95b8a1f69a056707,GS,"The Goldman Sachs Group, Inc.",sell,7.0,,,blocked_by_oms,"gate allowed but OMS rejected at sign-off (resting protective order - rests GTC, so a closed session is the right time to place it rather than a reason to wait)",US,Midday Lull,102004.65,40608.57,0.009010048985204735,auto
2026-08-04T16:54:19+00:00,4d1aa44d67594825b14ec83372b8228f,MS,,sell,82.0,,,pending_signoff,protective stop for an unprotected position,,,,,,auto
2026-08-04T16:54:20+00:00,4d1aa44d67594825b14ec83372b8228f,MS,autonomous-executor,sell,82.0,,,rejected,"broker refused: {""available"":""0"",""code"":40310000,""existing_qty"":""82"",""held_for_orders"":""82"",""message"":""insufficient qty available for order (requested: 82, available: 0)"",""related_orders"":[""8fc541eb-e22a-44a2-9204-787212873940"",""14aa2dbb-4055-4208-865e-1fab75c0ccb4""],""symbol"":""MS""}",,,,,,auto
2026-08-04T16:54:20+00:00,4d1aa44d67594825b14ec83372b8228f,MS,Morgan Stanley,sell,82.0,,,blocked_by_oms,"gate allowed but OMS rejected at sign-off (resting protective order - rests GTC, so a closed session is the right time to place it rather than a reason to wait)",US,Midday Lull,102004.61,40608.57,0.009009653313027506,auto
2026-08-04T16:59:20+00:00,bcf0862303fd4e3f9ac011fde67ad75c,AMAT,,sell,7.0,,,pending_signoff,protective stop for an unprotected position,,,,,,auto
2026-08-04T16:59:21+00:00,bcf0862303fd4e3f9ac011fde67ad75c,AMAT,autonomous-executor,sell,7.0,,,rejected,"broker refused: {""available"":""0"",""code"":40310000,""existing_qty"":""7"",""held_for_orders"":""7"",""message"":""insufficient qty available for order (requested: 7, available: 0)"",""related_orders"":[""699407f9-8332-4d16-a822-b50391031474""],""symbol"":""AMAT""}",,,,,,auto
2026-08-04T16:59:21+00:00,bcf0862303fd4e3f9ac011fde67ad75c,AMAT,"Applied Materials, Inc.",sell,7.0,,,blocked_by_oms,"gate allowed but OMS rejected at sign-off (resting protective order - rests GTC, so a closed session is the right time to place it rather than a reason to wait)",US,Midday Lull,101967.98,40608.57,0.008647316516672313,auto
2026-08-04T16:59:21+00:00,ec408654d9564baf8e24d6745c760623,AMD,,sell,7.0,,,pending_signoff,protective stop for an unprotected position,,,,,,auto
2026-08-04T16:59:21+00:00,ec408654d9564baf8e24d6745c760623,AMD,autonomous-executor,sell,7.0,,,rejected,"broker refused: {""available"":""0"",""code"":40310000,""existing_qty"":""7"",""held_for_orders"":""7"",""message"":""insufficient qty available for order (requested: 7, available: 0)"",""related_orders"":[""bfc414c9-9371-49fb-b0ff-151efc5329f4""],""symbol"":""AMD""}",,,,,,auto
2026-08-04T16:59:21+00:00,ec408654d9564baf8e24d6745c760623,AMD,"Advanced Micro Devices, Inc.",sell,7.0,,,blocked_by_oms,"gate allowed but OMS rejected at sign-off (resting protective order - rests GTC, so a closed session is the right time to place it rather than a reason to wait)",US,Midday Lull,101967.66,40608.57,0.008644151139254052,auto
2026-08-04T16:59:21+00:00,cd3ab0d55e7f4ddc8d90d961bace7d27,GS,,sell,7.0,,,pending_signoff,protective stop for an unprotected position,,,,,,auto
2026-08-04T16:59:22+00:00,cd3ab0d55e7f4ddc8d90d961bace7d27,GS,autonomous-executor,sell,7.0,,,rejected,"broker refused: {""available"":""0"",""code"":40310000,""existing_qty"":""7"",""held_for_orders"":""7"",""message"":""insufficient qty available for order (requested: 7, available: 0)"",""related_orders"":[""bb1e0d5b-23bd-4f11-8961-8931a9ccfc07""],""symbol"":""GS""}",,,,,,auto
2026-08-04T16:59:22+00:00,cd3ab0d55e7f4ddc8d90d961bace7d27,GS,"The Goldman Sachs Group, Inc.",sell,7.0,,,blocked_by_oms,"gate allowed but OMS rejected at sign-off (resting protective order - rests GTC, so a closed session is the right time to place it rather than a reason to wait)",US,Midday Lull,101968.15,40608.57,0.008648998123425787,auto
2026-08-04T16:59:22+00:00,c674f0dfc1d44c928d4beaad86de6867,MS,,sell,82.0,,,pending_signoff,protective stop for an unprotected position,,,,,,auto
2026-08-04T16:59:22+00:00,c674f0dfc1d44c928d4beaad86de6867,MS,autonomous-executor,sell,82.0,,,rejected,"broker refused: {""available"":""0"",""code"":40310000,""existing_qty"":""82"",""held_for_orders"":""82"",""message"":""insufficient qty available for order (requested: 82, available: 0)"",""related_orders"":[""8fc541eb-e22a-44a2-9204-787212873940"",""14aa2dbb-4055-4208-865e-1fab75c0ccb4""],""symbol"":""MS""}",,,,,,auto
2026-08-04T16:59:22+00:00,c674f0dfc1d44c928d4beaad86de6867,MS,Morgan Stanley,sell,82.0,,,blocked_by_oms,"gate allowed but OMS rejected at sign-off (resting protective order - rests GTC, so a closed session is the right time to place it rather than a reason to wait)",US,Midday Lull,101968.17,40608.57,0.008649195959514473,auto
2026-08-04T17:04:23+00:00,ce8d548444184e7f97d6b1c9fcbbaac8,AMAT,,sell,7.0,,,pending_signoff,protective stop for an unprotected position,,,,,,auto
2026-08-04T17:04:23+00:00,ce8d548444184e7f97d6b1c9fcbbaac8,AMAT,autonomous-executor,sell,7.0,,,rejected,"broker refused: {""available"":""0"",""code"":40310000,""existing_qty"":""7"",""held_for_orders"":""7"",""message"":""insufficient qty available for order (requested: 7, available: 0)"",""related_orders"":[""699407f9-8332-4d16-a822-b50391031474""],""symbol"":""AMAT""}",,,,,,auto
2026-08-04T17:04:23+00:00,ce8d548444184e7f97d6b1c9fcbbaac8,AMAT,"Applied Materials, Inc.",sell,7.0,,,blocked_by_oms,"gate allowed but OMS rejected at sign-off (resting protective order - rests GTC, so a closed session is the right time to place it rather than a reason to wait)",US,Midday Lull,102017.66,40608.57,0.00913874136086905,auto
2026-08-04T17:04:23+00:00,be4c36ee841e491c8b823b658e21e2fe,AMD,,sell,7.0,,,pending_signoff,protective stop for an unprotected position,,,,,,auto
2026-08-04T17:04:23+00:00,be4c36ee841e491c8b823b658e21e2fe,AMD,autonomous-executor,sell,7.0,,,rejected,"broker refused: {""available"":""0"",""code"":40310000,""existing_qty"":""7"",""held_for_orders"":""7"",""message"":""insufficient qty available for order (requested: 7, available: 0)"",""related_orders"":[""bfc414c9-9371-49fb-b0ff-151efc5329f4""],""symbol"":""AMD""}",,,,,,auto
2026-08-04T17:04:24+00:00,be4c36ee841e491c8b823b658e21e2fe,AMD,"Advanced Micro Devices, Inc.",sell,7.0,,,blocked_by_oms,"gate allowed but OMS rejected at sign-off (resting protective order - rests GTC, so a closed session is the right time to place it rather than a reason to wait)",US,Midday Lull,102018.22,40608.57,0.009144280771351114,auto
2026-08-04T17:04:24+00:00,ee860724f0e74269950512b239b9b339,GS,,sell,7.0,,,pending_signoff,protective stop for an unprotected position,,,,,,auto
2026-08-04T17:04:24+00:00,ee860724f0e74269950512b239b9b339,GS,autonomous-executor,sell,7.0,,,rejected,"broker refused: {""available"":""0"",""code"":40310000,""existing_qty"":""7"",""held_for_orders"":""7"",""message"":""insufficient qty available for order (requested: 7, available: 0)"",""related_orders"":[""bb1e0d5b-23bd-4f11-8961-8931a9ccfc07""],""symbol"":""GS""}",,,,,,auto
2026-08-04T17:04:24+00:00,ee860724f0e74269950512b239b9b339,GS,"The Goldman Sachs Group, Inc.",sell,7.0,,,blocked_by_oms,"gate allowed but OMS rejected at sign-off (resting protective order - rests GTC, so a closed session is the right time to place it rather than a reason to wait)",US,Midday Lull,102018.22,40608.57,0.009144280771351114,auto
2026-08-04T17:04:24+00:00,70249b4720f34a4a96056b3cd6c30cbc,MS,,sell,82.0,,,pending_signoff,protective stop for an unprotected position,,,,,,auto
2026-08-04T17:04:24+00:00,70249b4720f34a4a96056b3cd6c30cbc,MS,autonomous-executor,sell,82.0,,,rejected,"broker refused: {""available"":""0"",""code"":40310000,""existing_qty"":""82"",""held_for_orders"":""82"",""message"":""insufficient qty available for order (requested: 82, available: 0)"",""related_orders"":[""8fc541eb-e22a-44a2-9204-787212873940"",""14aa2dbb-4055-4208-865e-1fab75c0ccb4""],""symbol"":""MS""}",,,,,,auto
2026-08-04T17:04:24+00:00,70249b4720f34a4a96056b3cd6c30cbc,MS,Morgan Stanley,sell,82.0,,,blocked_by_oms,"gate allowed but OMS rejected at sign-off (resting protective order - rests GTC, so a closed session is the right time to place it rather than a reason to wait)",US,Midday Lull,102020.94,40608.57,0.009171186479406982,auto
2026-08-04T17:09:25+00:00,87003af5fb8845d5a1b37539a9c75f18,AMAT,,sell,7.0,,,pending_signoff,protective stop for an unprotected position,,,,,,auto
2026-08-04T17:09:25+00:00,87003af5fb8845d5a1b37539a9c75f18,AMAT,autonomous-executor,sell,7.0,,,rejected,"broker refused: {""available"":""0"",""code"":40310000,""existing_qty"":""7"",""held_for_orders"":""7"",""message"":""insufficient qty available for order (requested: 7, available: 0)"",""related_orders"":[""699407f9-8332-4d16-a822-b50391031474""],""symbol"":""AMAT""}",,,,,,auto
2026-08-04T17:09:25+00:00,87003af5fb8845d5a1b37539a9c75f18,AMAT,"Applied Materials, Inc.",sell,7.0,,,blocked_by_oms,"gate allowed but OMS rejected at sign-off (resting protective order - rests GTC, so a closed session is the right time to place it rather than a reason to wait)",US,Midday Lull,102006.43,40608.57,0.009027656397094217,auto
2026-08-04T17:09:25+00:00,50e9851d356b4564a97112f7b5339514,AMD,,sell,7.0,,,pending_signoff,protective stop for an unprotected position,,,,,,auto
2026-08-04T17:09:26+00:00,50e9851d356b4564a97112f7b5339514,AMD,autonomous-executor,sell,7.0,,,rejected,"broker refused: {""available"":""0"",""code"":40310000,""existing_qty"":""7"",""held_for_orders"":""7"",""message"":""insufficient qty available for order (requested: 7, available: 0)"",""related_orders"":[""bfc414c9-9371-49fb-b0ff-151efc5329f4""],""symbol"":""AMD""}",,,,,,auto
2026-08-04T17:09:26+00:00,50e9851d356b4564a97112f7b5339514,AMD,"Advanced Micro Devices, Inc.",sell,7.0,,,blocked_by_oms,"gate allowed but OMS rejected at sign-off (resting protective order - rests GTC, so a closed session is the right time to place it rather than a reason to wait)",US,Midday Lull,102005.76,40608.57,0.009021028888124595,auto
2026-08-04T17:09:26+00:00,8470eaffe2084ea3aef28bfdf9b27ae4,GS,,sell,7.0,,,pending_signoff,protective stop for an unprotected position,,,,,,auto
2026-08-04T17:09:26+00:00,8470eaffe2084ea3aef28bfdf9b27ae4,GS,autonomous-executor,sell,7.0,,,rejected,"broker refused: {""available"":""0"",""code"":40310000,""existing_qty"":""7"",""held_for_orders"":""7"",""message"":""insufficient qty available for order (requested: 7, available: 0)"",""related_orders"":[""bb1e0d5b-23bd-4f11-8961-8931a9ccfc07""],""symbol"":""GS""}",,,,,,auto
2026-08-04T17:09:26+00:00,8470eaffe2084ea3aef28bfdf9b27ae4,GS,"The Goldman Sachs Group, Inc.",sell,7.0,,,blocked_by_oms,"gate allowed but OMS rejected at sign-off (resting protective order - rests GTC, so a closed session is the right time to place it rather than a reason to wait)",US,Midday Lull,102006.5,40608.57,0.009028348823404548,auto
2026-08-04T17:09:26+00:00,c24ea707587c4e4e96c54cfa2f1dcb3d,MS,,sell,82.0,,,pending_signoff,protective stop for an unprotected position,,,,,,auto
2026-08-04T17:09:27+00:00,c24ea707587c4e4e96c54cfa2f1dcb3d,MS,autonomous-executor,sell,82.0,,,rejected,"broker refused: {""available"":""0"",""code"":40310000,""existing_qty"":""82"",""held_for_orders"":""82"",""message"":""insufficient qty available for order (requested: 82, available: 0)"",""related_orders"":[""8fc541eb-e22a-44a2-9204-787212873940"",""14aa2dbb-4055-4208-865e-1fab75c0ccb4""],""symbol"":""MS""}",,,,,,auto
2026-08-04T17:09:27+00:00,c24ea707587c4e4e96c54cfa2f1dcb3d,MS,Morgan Stanley,sell,82.0,,,blocked_by_oms,"gate allowed but OMS rejected at sign-off (resting protective order - rests GTC, so a closed session is the right time to place it rather than a reason to wait)",US,Midday Lull,102002.81,40608.57,0.008991848065049338,auto
2026-08-04T17:14:27+00:00,9a66d8b245e840acbb78b9a0ab18e6b5,AMAT,,sell,7.0,,,pending_signoff,protective stop for an unprotected position,,,,,,auto
2026-08-04T17:14:28+00:00,9a66d8b245e840acbb78b9a0ab18e6b5,AMAT,autonomous-executor,sell,7.0,,,rejected,"broker refused: {""available"":""0"",""code"":40310000,""existing_qty"":""7"",""held_for_orders"":""7"",""message"":""insufficient qty available for order (requested: 7, available: 0)"",""related_orders"":[""699407f9-8332-4d16-a822-b50391031474""],""symbol"":""AMAT""}",,,,,,auto
2026-08-04T17:14:28+00:00,9a66d8b245e840acbb78b9a0ab18e6b5,AMAT,"Applied Materials, Inc.",sell,7.0,,,blocked_by_oms,"gate allowed but OMS rejected at sign-off (resting protective order - rests GTC, so a closed session is the right time to place it rather than a reason to wait)",US,Midday Lull,101985.64,40608.57,0.008822005782946766,auto
2026-08-04T17:14:28+00:00,41395dd84a6b4a328c7a3716c73bfbe7,AMD,,sell,7.0,,,pending_signoff,protective stop for an unprotected position,,,,,,auto
2026-08-04T17:14:28+00:00,41395dd84a6b4a328c7a3716c73bfbe7,AMD,autonomous-executor,sell,7.0,,,rejected,"broker refused: {""available"":""0"",""code"":40310000,""existing_qty"":""7"",""held_for_orders"":""7"",""message"":""insufficient qty available for order (requested: 7, available: 0)"",""related_orders"":[""bfc414c9-9371-49fb-b0ff-151efc5329f4""],""symbol"":""AMD""}",,,,,,auto
2026-08-04T17:14:28+00:00,41395dd84a6b4a328c7a3716c73bfbe7,AMD,"Advanced Micro Devices, Inc.",sell,7.0,,,blocked_by_oms,"gate allowed but OMS rejected at sign-off (resting protective order - rests GTC, so a closed session is the right time to place it rather than a reason to wait)",US,Midday Lull,101984.33,40608.57,0.008809047519140476,auto
2026-08-04T17:14:28+00:00,c3d6d95d145649d8ad247e12b3fb787c,GS,,sell,7.0,,,pending_signoff,protective stop for an unprotected position,,,,,,auto
2026-08-04T17:14:28+00:00,c3d6d95d145649d8ad247e12b3fb787c,GS,autonomous-executor,sell,7.0,,,rejected,"broker refused: {""available"":""0"",""code"":40310000,""existing_qty"":""7"",""held_for_orders"":""7"",""message"":""insufficient qty available for order (requested: 7, available: 0)"",""related_orders"":[""bb1e0d5b-23bd-4f11-8961-8931a9ccfc07""],""symbol"":""GS""}",,,,,,auto
2026-08-04T17:14:28+00:00,c3d6d95d145649d8ad247e12b3fb787c,GS,"The Goldman Sachs Group, Inc.",sell,7.0,,,blocked_by_oms,"gate allowed but OMS rejected at sign-off (resting protective order - rests GTC, so a closed session is the right time to place it rather than a reason to wait)",US,Midday Lull,101985.06,40608.57,0.008816268536376013,auto
2026-08-04T17:14:28+00:00,00ed0b106d364dcb84a162139e5ef438,MS,,sell,82.0,,,pending_signoff,protective stop for an unprotected position,,,,,,auto
2026-08-04T17:14:29+00:00,00ed0b106d364dcb84a162139e5ef438,MS,autonomous-executor,sell,82.0,,,rejected,"broker refused: {""available"":""0"",""code"":40310000,""existing_qty"":""82"",""held_for_orders"":""82"",""message"":""insufficient qty available for order (requested: 82, available: 0)"",""related_orders"":[""8fc541eb-e22a-44a2-9204-787212873940"",""14aa2dbb-4055-4208-865e-1fab75c0ccb4""],""symbol"":""MS""}",,,,,,auto
2026-08-04T17:14:29+00:00,00ed0b106d364dcb84a162139e5ef438,MS,Morgan Stanley,sell,82.0,,,blocked_by_oms,"gate allowed but OMS rejected at sign-off (resting protective order - rests GTC, so a closed session is the right time to place it rather than a reason to wait)",US,Midday Lull,101985.06,40608.57,0.008816268536376013,auto
2026-08-04T17:19:29+00:00,62acdee313ea47aaa194f7db4fcad5c7,AMAT,,sell,7.0,,,pending_signoff,protective stop for an unprotected position,,,,,,auto
2026-08-04T17:19:30+00:00,62acdee313ea47aaa194f7db4fcad5c7,AMAT,autonomous-executor,sell,7.0,,,rejected,"broker refused: {""available"":""0"",""code"":40310000,""existing_qty"":""7"",""held_for_orders"":""7"",""message"":""insufficient qty available for order (requested: 7, available: 0)"",""related_orders"":[""699407f9-8332-4d16-a822-b50391031474""],""symbol"":""AMAT""}",,,,,,auto
2026-08-04T17:19:30+00:00,62acdee313ea47aaa194f7db4fcad5c7,AMAT,"Applied Materials, Inc.",sell,7.0,,,blocked_by_oms,"gate allowed but OMS rejected at sign-off (resting protective order - rests GTC, so a closed session is the right time to place it rather than a reason to wait)",US,Midday Lull,101996.04,40608.57,0.008924880549042627,auto
2026-08-04T17:19:30+00:00,f55a4ccaf7b0405ab300312c584284a7,AMD,,sell,7.0,,,pending_signoff,protective stop for an unprotected position,,,,,,auto
2026-08-04T17:19:30+00:00,f55a4ccaf7b0405ab300312c584284a7,AMD,autonomous-executor,sell,7.0,,,rejected,"broker refused: {""available"":""0"",""code"":40310000,""existing_qty"":""7"",""held_for_orders"":""7"",""message"":""insufficient qty available for order (requested: 7, available: 0)"",""related_orders"":[""bfc414c9-9371-49fb-b0ff-151efc5329f4""],""symbol"":""AMD""}",,,,,,auto
2026-08-04T17:19:30+00:00,f55a4ccaf7b0405ab300312c584284a7,AMD,"Advanced Micro Devices, Inc.",sell,7.0,,,blocked_by_oms,"gate allowed but OMS rejected at sign-off (resting protective order - rests GTC, so a closed session is the right time to place it rather than a reason to wait)",US,Midday Lull,101996.04,40608.57,0.008924880549042627,auto
2026-08-04T17:19:30+00:00,53ca87d309794da098d44b4430925556,GS,,sell,7.0,,,pending_signoff,protective stop for an unprotected position,,,,,,auto
2026-08-04T17:19:31+00:00,53ca87d309794da098d44b4430925556,GS,autonomous-executor,sell,7.0,,,rejected,"broker refused: {""available"":""0"",""code"":40310000,""existing_qty"":""7"",""held_for_orders"":""7"",""message"":""insufficient qty available for order (requested: 7, available: 0)"",""related_orders"":[""bb1e0d5b-23bd-4f11-8961-8931a9ccfc07""],""symbol"":""GS""}",,,,,,auto
2026-08-04T17:19:31+00:00,53ca87d309794da098d44b4430925556,GS,"The Goldman Sachs Group, Inc.",sell,7.0,,,blocked_by_oms,"gate allowed but OMS rejected at sign-off (resting protective order - rests GTC, so a closed session is the right time to place it rather than a reason to wait)",US,Midday Lull,101994.62,40608.57,0.008910834186748779,auto
2026-08-04T17:19:31+00:00,0fff3913d4c84273b1c1a978ebb3b819,MS,,sell,82.0,,,pending_signoff,protective stop for an unprotected position,,,,,,auto
2026-08-04T17:19:31+00:00,0fff3913d4c84273b1c1a978ebb3b819,MS,autonomous-executor,sell,82.0,,,rejected,"broker refused: {""available"":""0"",""code"":40310000,""existing_qty"":""82"",""held_for_orders"":""82"",""message"":""insufficient qty available for order (requested: 82, available: 0)"",""related_orders"":[""8fc541eb-e22a-44a2-9204-787212873940"",""14aa2dbb-4055-4208-865e-1fab75c0ccb4""],""symbol"":""MS""}",,,,,,auto
2026-08-04T17:19:31+00:00,0fff3913d4c84273b1c1a978ebb3b819,MS,Morgan Stanley,sell,82.0,,,blocked_by_oms,"gate allowed but OMS rejected at sign-off (resting protective order - rests GTC, so a closed session is the right time to place it rather than a reason to wait)",US,Midday Lull,101994.81,40608.57,0.00891271362959094,auto
2026-08-04T17:24:32+00:00,a6bb5cf711a94cf6b9964b4a02ecf3e0,AMAT,,sell,7.0,,,pending_signoff,protective stop for an unprotected position,,,,,,auto
2026-08-04T17:24:32+00:00,a6bb5cf711a94cf6b9964b4a02ecf3e0,AMAT,autonomous-executor,sell,7.0,,,rejected,"broker refused: {""available"":""0"",""code"":40310000,""existing_qty"":""7"",""held_for_orders"":""7"",""message"":""insufficient qty available for order (requested: 7, available: 0)"",""related_orders"":[""699407f9-8332-4d16-a822-b50391031474""],""symbol"":""AMAT""}",,,,,,auto
2026-08-04T17:24:32+00:00,a6bb5cf711a94cf6b9964b4a02ecf3e0,AMAT,"Applied Materials, Inc.",sell,7.0,,,blocked_by_oms,"gate allowed but OMS rejected at sign-off (resting protective order - rests GTC, so a closed session is the right time to place it rather than a reason to wait)",US,Midday Lull,101942.34,40608.57,0.008393690651028149,auto
2026-08-04T17:24:32+00:00,f4e0fb8786e0489c9e6093203c948bd8,AMD,,sell,7.0,,,pending_signoff,protective stop for an unprotected position,,,,,,auto
2026-08-04T17:24:32+00:00,f4e0fb8786e0489c9e6093203c948bd8,AMD,autonomous-executor,sell,7.0,,,rejected,"broker refused: {""available"":""0"",""code"":40310000,""existing_qty"":""7"",""held_for_orders"":""7"",""message"":""insufficient qty available for order (requested: 7, available: 0)"",""related_orders"":[""bfc414c9-9371-49fb-b0ff-151efc5329f4""],""symbol"":""AMD""}",,,,,,auto
2026-08-04T17:24:32+00:00,f4e0fb8786e0489c9e6093203c948bd8,AMD,"Advanced Micro Devices, Inc.",sell,7.0,,,blocked_by_oms,"gate allowed but OMS rejected at sign-off (resting protective order - rests GTC, so a closed session is the right time to place it rather than a reason to wait)",US,Midday Lull,101942.62,40608.57,0.00839646035626918,auto
2026-08-04T17:24:32+00:00,14c2b51e10fe41999e1360d1ce211a76,GS,,sell,7.0,,,pending_signoff,protective stop for an unprotected position,,,,,,auto
2026-08-04T17:24:33+00:00,14c2b51e10fe41999e1360d1ce211a76,GS,autonomous-executor,sell,7.0,,,rejected,"broker refused: {""available"":""0"",""code"":40310000,""existing_qty"":""7"",""held_for_orders"":""7"",""message"":""insufficient qty available for order (requested: 7, available: 0)"",""related_orders"":[""bb1e0d5b-23bd-4f11-8961-8931a9ccfc07""],""symbol"":""GS""}",,,,,,auto
2026-08-04T17:24:33+00:00,14c2b51e10fe41999e1360d1ce211a76,GS,"The Goldman Sachs Group, Inc.",sell,7.0,,,blocked_by_oms,"gate allowed but OMS rejected at sign-off (resting protective order - rests GTC, so a closed session is the right time to place it rather than a reason to wait)",US,Midday Lull,101941.13,40608.57,0.008381721567665146,auto
2026-08-04T17:24:33+00:00,609b845363b044b7a46f3f7b0ad9c54e,MS,,sell,82.0,,,pending_signoff,protective stop for an unprotected position,,,,,,auto
2026-08-04T17:24:33+00:00,609b845363b044b7a46f3f7b0ad9c54e,MS,autonomous-executor,sell,82.0,,,rejected,"broker refused: {""available"":""0"",""code"":40310000,""existing_qty"":""82"",""held_for_orders"":""82"",""message"":""insufficient qty available for order (requested: 82, available: 0)"",""related_orders"":[""8fc541eb-e22a-44a2-9204-787212873940"",""14aa2dbb-4055-4208-865e-1fab75c0ccb4""],""symbol"":""MS""}",,,,,,auto
2026-08-04T17:24:33+00:00,609b845363b044b7a46f3f7b0ad9c54e,MS,Morgan Stanley,sell,82.0,,,blocked_by_oms,"gate allowed but OMS rejected at sign-off (resting protective order - rests GTC, so a closed session is the right time to place it rather than a reason to wait)",US,Midday Lull,101941.13,40608.57,0.008381721567665146,auto
2026-08-04T17:29:34+00:00,1fc97d192abf4c8eae2623796f7b4e00,AMAT,,sell,7.0,,,pending_signoff,protective stop for an unprotected position,,,,,,auto
2026-08-04T17:29:35+00:00,1fc97d192abf4c8eae2623796f7b4e00,AMAT,autonomous-executor,sell,7.0,,,rejected,"broker refused: {""available"":""0"",""code"":40310000,""existing_qty"":""7"",""held_for_orders"":""7"",""message"":""insufficient qty available for order (requested: 7, available: 0)"",""related_orders"":[""699407f9-8332-4d16-a822-b50391031474""],""symbol"":""AMAT""}",,,,,,auto
2026-08-04T17:29:35+00:00,1fc97d192abf4c8eae2623796f7b4e00,AMAT,"Applied Materials, Inc.",sell,7.0,,,blocked_by_oms,"gate allowed but OMS rejected at sign-off (resting protective order - rests GTC, so a closed session is the right time to place it rather than a reason to wait)",US,Midday Lull,101984.89,40608.57,0.00881458692962254,auto
2026-08-04T17:29:35+00:00,3185d868e22e47ec9db3d30a651c7cde,AMD,,sell,7.0,,,pending_signoff,protective stop for an unprotected position,,,,,,auto
2026-08-04T17:29:35+00:00,3185d868e22e47ec9db3d30a651c7cde,AMD,autonomous-executor,sell,7.0,,,rejected,"broker refused: {""available"":""0"",""code"":40310000,""existing_qty"":""7"",""held_for_orders"":""7"",""message"":""insufficient qty available for order (requested: 7, available: 0)"",""related_orders"":[""bfc414c9-9371-49fb-b0ff-151efc5329f4""],""symbol"":""AMD""}",,,,,,auto
2026-08-04T17:29:35+00:00,3185d868e22e47ec9db3d30a651c7cde,AMD,"Advanced Micro Devices, Inc.",sell,7.0,,,blocked_by_oms,"gate allowed but OMS rejected at sign-off (resting protective order - rests GTC, so a closed session is the right time to place it rather than a reason to wait)",US,Midday Lull,101984.89,40608.57,0.00881458692962254,auto
2026-08-04T17:29:35+00:00,3b689892ce9c41d2b4e02527979812a6,GS,,sell,7.0,,,pending_signoff,protective stop for an unprotected position,,,,,,auto
2026-08-04T17:29:36+00:00,3b689892ce9c41d2b4e02527979812a6,GS,autonomous-executor,sell,7.0,,,rejected,"broker refused: {""available"":""0"",""code"":40310000,""existing_qty"":""7"",""held_for_orders"":""7"",""message"":""insufficient qty available for order (requested: 7, available: 0)"",""related_orders"":[""bb1e0d5b-23bd-4f11-8961-8931a9ccfc07""],""symbol"":""GS""}",,,,,,auto
2026-08-04T17:29:36+00:00,3b689892ce9c41d2b4e02527979812a6,GS,"The Goldman Sachs Group, Inc.",sell,7.0,,,blocked_by_oms,"gate allowed but OMS rejected at sign-off (resting protective order - rests GTC, so a closed session is the right time to place it rather than a reason to wait)",US,Midday Lull,101984.89,40608.57,0.00881458692962254,auto
2026-08-04T17:29:36+00:00,455f838bda934def91256040f27027f9,MS,,sell,82.0,,,pending_signoff,protective stop for an unprotected position,,,,,,auto
2026-08-04T17:29:36+00:00,455f838bda934def91256040f27027f9,MS,autonomous-executor,sell,82.0,,,rejected,"broker refused: {""available"":""0"",""code"":40310000,""existing_qty"":""82"",""held_for_orders"":""82"",""message"":""insufficient qty available for order (requested: 82, available: 0)"",""related_orders"":[""8fc541eb-e22a-44a2-9204-787212873940"",""14aa2dbb-4055-4208-865e-1fab75c0ccb4""],""symbol"":""MS""}",,,,,,auto
2026-08-04T17:29:36+00:00,455f838bda934def91256040f27027f9,MS,Morgan Stanley,sell,82.0,,,blocked_by_oms,"gate allowed but OMS rejected at sign-off (resting protective order - rests GTC, so a closed session is the right time to place it rather than a reason to wait)",US,Midday Lull,101989.16,40608.57,0.008856824934548502,auto
2026-08-04T17:34:37+00:00,891d217150914743a0add9ec3a4325e5,AMAT,,sell,7.0,,,pending_signoff,protective stop for an unprotected position,,,,,,auto
2026-08-04T17:34:37+00:00,891d217150914743a0add9ec3a4325e5,AMAT,autonomous-executor,sell,7.0,,,rejected,"broker refused: {""available"":""0"",""code"":40310000,""existing_qty"":""7"",""held_for_orders"":""7"",""message"":""insufficient qty available for order (requested: 7, available: 0)"",""related_orders"":[""699407f9-8332-4d16-a822-b50391031474""],""symbol"":""AMAT""}",,,,,,auto
2026-08-04T17:34:37+00:00,891d217150914743a0add9ec3a4325e5,AMAT,"Applied Materials, Inc.",sell,7.0,,,blocked_by_oms,"gate allowed but OMS rejected at sign-off (resting protective order - rests GTC, so a closed session is the right time to place it rather than a reason to wait)",US,Midday Lull,101953.5,40608.57,0.008504083188492651,auto
2026-08-04T17:34:37+00:00,314d22f94ac54a5c9f07cc72853cbdc6,AMD,,sell,7.0,,,pending_signoff,protective stop for an unprotected position,,,,,,auto
2026-08-04T17:34:38+00:00,314d22f94ac54a5c9f07cc72853cbdc6,AMD,autonomous-executor,sell,7.0,,,rejected,"broker refused: {""available"":""0"",""code"":40310000,""existing_qty"":""7"",""held_for_orders"":""7"",""message"":""insufficient qty available for order (requested: 7, available: 0)"",""related_orders"":[""bfc414c9-9371-49fb-b0ff-151efc5329f4""],""symbol"":""AMD""}",,,,,,auto
2026-08-04T17:34:38+00:00,314d22f94ac54a5c9f07cc72853cbdc6,AMD,"Advanced Micro Devices, Inc.",sell,7.0,,,blocked_by_oms,"gate allowed but OMS rejected at sign-off (resting protective order - rests GTC, so a closed session is the right time to place it rather than a reason to wait)",US,Midday Lull,101952.12,40608.57,0.00849043249837603,auto
2026-08-04T17:34:38+00:00,92ce53d3e1814c9a8308fa8fecf0cfe4,GS,,sell,7.0,,,pending_signoff,protective stop for an unprotected position,,,,,,auto
2026-08-04T17:34:38+00:00,92ce53d3e1814c9a8308fa8fecf0cfe4,GS,autonomous-executor,sell,7.0,,,rejected,"broker refused: {""available"":""0"",""code"":40310000,""existing_qty"":""7"",""held_for_orders"":""7"",""message"":""insufficient qty available for order (requested: 7, available: 0)"",""related_orders"":[""bb1e0d5b-23bd-4f11-8961-8931a9ccfc07""],""symbol"":""GS""}",,,,,,auto
2026-08-04T17:34:38+00:00,92ce53d3e1814c9a8308fa8fecf0cfe4,GS,"The Goldman Sachs Group, Inc.",sell,7.0,,,blocked_by_oms,"gate allowed but OMS rejected at sign-off (resting protective order - rests GTC, so a closed session is the right time to place it rather than a reason to wait)",US,Midday Lull,101952.12,40608.57,0.00849043249837603,auto
2026-08-04T17:34:38+00:00,cea08ad59bda438da4ae3dbf5d5e3580,MS,,sell,82.0,,,pending_signoff,protective stop for an unprotected position,,,,,,auto
2026-08-04T17:34:39+00:00,cea08ad59bda438da4ae3dbf5d5e3580,MS,autonomous-executor,sell,82.0,,,rejected,"broker refused: {""available"":""0"",""code"":40310000,""existing_qty"":""82"",""held_for_orders"":""82"",""message"":""insufficient qty available for order (requested: 82, available: 0)"",""related_orders"":[""8fc541eb-e22a-44a2-9204-787212873940"",""14aa2dbb-4055-4208-865e-1fab75c0ccb4""],""symbol"":""MS""}",,,,,,auto
2026-08-04T17:34:39+00:00,cea08ad59bda438da4ae3dbf5d5e3580,MS,Morgan Stanley,sell,82.0,,,blocked_by_oms,"gate allowed but OMS rejected at sign-off (resting protective order - rests GTC, so a closed session is the right time to place it rather than a reason to wait)",US,Midday Lull,101953.49,40608.57,0.00850398427044838,auto
2026-08-04T17:39:39+00:00,de82760c98a14a5fb9f1cc43e1432f01,AMAT,,sell,7.0,,,pending_signoff,protective stop for an unprotected position,,,,,,auto
2026-08-04T17:39:39+00:00,de82760c98a14a5fb9f1cc43e1432f01,AMAT,autonomous-executor,sell,7.0,,,rejected,"broker refused: {""available"":""0"",""code"":40310000,""existing_qty"":""7"",""held_for_orders"":""7"",""message"":""insufficient qty available for order (requested: 7, available: 0)"",""related_orders"":[""699407f9-8332-4d16-a822-b50391031474""],""symbol"":""AMAT""}",,,,,,auto
2026-08-04T17:39:39+00:00,de82760c98a14a5fb9f1cc43e1432f01,AMAT,"Applied Materials, Inc.",sell,7.0,,,blocked_by_oms,"gate allowed but OMS rejected at sign-off (resting protective order - rests GTC, so a closed session is the right time to place it rather than a reason to wait)",US,Midday Lull,101997.6,40608.57,0.008940311763957137,auto
2026-08-04T17:39:39+00:00,0bed0e5094194a89a19f895c18643f69,AMD,,sell,7.0,,,pending_signoff,protective stop for an unprotected position,,,,,,auto
2026-08-04T17:39:40+00:00,0bed0e5094194a89a19f895c18643f69,AMD,autonomous-executor,sell,7.0,,,rejected,"broker refused: {""available"":""0"",""code"":40310000,""existing_qty"":""7"",""held_for_orders"":""7"",""message"":""insufficient qty available for order (requested: 7, available: 0)"",""related_orders"":[""bfc414c9-9371-49fb-b0ff-151efc5329f4""],""symbol"":""AMD""}",,,,,,auto
2026-08-04T17:39:40+00:00,0bed0e5094194a89a19f895c18643f69,AMD,"Advanced Micro Devices, Inc.",sell,7.0,,,blocked_by_oms,"gate allowed but OMS rejected at sign-off (resting protective order - rests GTC, so a closed session is the right time to place it rather than a reason to wait)",US,Midday Lull,101997.6,40608.57,0.008940311763957137,auto
2026-08-04T17:39:40+00:00,f731e3d0e53b43e28b14e00b2fe39b97,GS,,sell,7.0,,,pending_signoff,protective stop for an unprotected position,,,,,,auto
2026-08-04T17:39:40+00:00,f731e3d0e53b43e28b14e00b2fe39b97,GS,autonomous-executor,sell,7.0,,,rejected,"broker refused: {""available"":""0"",""code"":40310000,""existing_qty"":""7"",""held_for_orders"":""7"",""message"":""insufficient qty available for order (requested: 7, available: 0)"",""related_orders"":[""bb1e0d5b-23bd-4f11-8961-8931a9ccfc07""],""symbol"":""GS""}",,,,,,auto
2026-08-04T17:39:40+00:00,f731e3d0e53b43e28b14e00b2fe39b97,GS,"The Goldman Sachs Group, Inc.",sell,7.0,,,blocked_by_oms,"gate allowed but OMS rejected at sign-off (resting protective order - rests GTC, so a closed session is the right time to place it rather than a reason to wait)",US,Midday Lull,101996.51,40608.57,0.00892952969712582,auto
2026-08-04T17:39:40+00:00,2b91ed3cae4b455b8d1e8d6273c7f92e,MS,,sell,82.0,,,pending_signoff,protective stop for an unprotected position,,,,,,auto
2026-08-04T17:39:41+00:00,2b91ed3cae4b455b8d1e8d6273c7f92e,MS,autonomous-executor,sell,82.0,,,rejected,"broker refused: {""available"":""0"",""code"":40310000,""existing_qty"":""82"",""held_for_orders"":""82"",""message"":""insufficient qty available for order (requested: 82, available: 0)"",""related_orders"":[""8fc541eb-e22a-44a2-9204-787212873940"",""14aa2dbb-4055-4208-865e-1fab75c0ccb4""],""symbol"":""MS""}",,,,,,auto
2026-08-04T17:39:41+00:00,2b91ed3cae4b455b8d1e8d6273c7f92e,MS,Morgan Stanley,sell,82.0,,,blocked_by_oms,"gate allowed but OMS rejected at sign-off (resting protective order - rests GTC, so a closed session is the right time to place it rather than a reason to wait)",US,Midday Lull,101995.65,40608.57,0.008921022745314037,auto
2026-08-04T17:44:41+00:00,01f46563718e431a97a953e06f621062,AMAT,,sell,7.0,,,pending_signoff,protective stop for an unprotected position,,,,,,auto
2026-08-04T17:44:42+00:00,01f46563718e431a97a953e06f621062,AMAT,autonomous-executor,sell,7.0,,,rejected,"broker refused: {""available"":""0"",""code"":40310000,""existing_qty"":""7"",""held_for_orders"":""7"",""message"":""insufficient qty available for order (requested: 7, available: 0)"",""related_orders"":[""699407f9-8332-4d16-a822-b50391031474""],""symbol"":""AMAT""}",,,,,,auto
2026-08-04T17:44:42+00:00,01f46563718e431a97a953e06f621062,AMAT,"Applied Materials, Inc.",sell,7.0,,,blocked_by_oms,"gate allowed but OMS rejected at sign-off (resting protective order - rests GTC, so a closed session is the right time to place it rather than a reason to wait)",US,Midday Lull,102001.89,40608.57,0.00898274760497164,auto
2026-08-04T17:44:42+00:00,d0397b40ce2a4318bf6b22c691dd061b,AMD,,sell,7.0,,,pending_signoff,protective stop for an unprotected position,,,,,,auto
2026-08-04T17:44:42+00:00,d0397b40ce2a4318bf6b22c691dd061b,AMD,autonomous-executor,sell,7.0,,,rejected,"broker refused: {""available"":""0"",""code"":40310000,""existing_qty"":""7"",""held_for_orders"":""7"",""message"":""insufficient qty available for order (requested: 7, available: 0)"",""related_orders"":[""bfc414c9-9371-49fb-b0ff-151efc5329f4""],""symbol"":""AMD""}",,,,,,auto
2026-08-04T17:44:42+00:00,d0397b40ce2a4318bf6b22c691dd061b,AMD,"Advanced Micro Devices, Inc.",sell,7.0,,,blocked_by_oms,"gate allowed but OMS rejected at sign-off (resting protective order - rests GTC, so a closed session is the right time to place it rather than a reason to wait)",US,Midday Lull,102001.89,40608.57,0.00898274760497164,auto
2026-08-04T17:44:42+00:00,be5977c5431440f08ee06b324bdd6e9a,GS,,sell,7.0,,,pending_signoff,protective stop for an unprotected position,,,,,,auto
2026-08-04T17:44:43+00:00,be5977c5431440f08ee06b324bdd6e9a,GS,autonomous-executor,sell,7.0,,,rejected,"broker refused: {""available"":""0"",""code"":40310000,""existing_qty"":""7"",""held_for_orders"":""7"",""message"":""insufficient qty available for order (requested: 7, available: 0)"",""related_orders"":[""bb1e0d5b-23bd-4f11-8961-8931a9ccfc07""],""symbol"":""GS""}",,,,,,auto
2026-08-04T17:44:43+00:00,be5977c5431440f08ee06b324bdd6e9a,GS,"The Goldman Sachs Group, Inc.",sell,7.0,,,blocked_by_oms,"gate allowed but OMS rejected at sign-off (resting protective order - rests GTC, so a closed session is the right time to place it rather than a reason to wait)",US,Midday Lull,102001.49,40608.57,0.008978790883198777,auto
2026-08-04T17:44:43+00:00,f22ca9d03fc441b4a571e2dd3304b3e7,MS,,sell,82.0,,,pending_signoff,protective stop for an unprotected position,,,,,,auto
2026-08-04T17:44:43+00:00,f22ca9d03fc441b4a571e2dd3304b3e7,MS,autonomous-executor,sell,82.0,,,rejected,"broker refused: {""available"":""0"",""code"":40310000,""existing_qty"":""82"",""held_for_orders"":""82"",""message"":""insufficient qty available for order (requested: 82, available: 0)"",""related_orders"":[""8fc541eb-e22a-44a2-9204-787212873940"",""14aa2dbb-4055-4208-865e-1fab75c0ccb4""],""symbol"":""MS""}",,,,,,auto
2026-08-04T17:44:43+00:00,f22ca9d03fc441b4a571e2dd3304b3e7,MS,Morgan Stanley,sell,82.0,,,blocked_by_oms,"gate allowed but OMS rejected at sign-off (resting protective order - rests GTC, so a closed session is the right time to place it rather than a reason to wait)",US,Midday Lull,102000.77,40608.57,0.00897166878400751,auto
2026-08-04T17:46:00+00:00,0df65aefc4fd4c0f985ed4c5520e1e3b,MU,,buy,0.0,,swing,rejected,already at the 10-position limit (10 held or pending),,,,,,auto
2026-08-04T17:49:43+00:00,2f62898fe30d484fa8f807f7a104fe1f,AMAT,,sell,7.0,,,pending_signoff,protective stop for an unprotected position,,,,,,auto
2026-08-04T17:49:44+00:00,2f62898fe30d484fa8f807f7a104fe1f,AMAT,autonomous-executor,sell,7.0,,,rejected,"broker refused: {""available"":""0"",""code"":40310000,""existing_qty"":""7"",""held_for_orders"":""7"",""message"":""insufficient qty available for order (requested: 7, available: 0)"",""related_orders"":[""699407f9-8332-4d16-a822-b50391031474""],""symbol"":""AMAT""}",,,,,,auto
2026-08-04T17:49:44+00:00,2f62898fe30d484fa8f807f7a104fe1f,AMAT,"Applied Materials, Inc.",sell,7.0,,,blocked_by_oms,"gate allowed but OMS rejected at sign-off (resting protective order - rests GTC, so a closed session is the right time to place it rather than a reason to wait)",US,Midday Lull,102049.14,40608.57,0.009450135364397812,auto
2026-08-04T17:49:44+00:00,cb11caf58b934ce7bfb94af06687f378,AMD,,sell,7.0,,,pending_signoff,protective stop for an unprotected position,,,,,,auto
2026-08-04T17:49:44+00:00,cb11caf58b934ce7bfb94af06687f378,AMD,autonomous-executor,sell,7.0,,,rejected,"broker refused: {""available"":""0"",""code"":40310000,""existing_qty"":""7"",""held_for_orders"":""7"",""message"":""insufficient qty available for order (requested: 7, available: 0)"",""related_orders"":[""bfc414c9-9371-49fb-b0ff-151efc5329f4""],""symbol"":""AMD""}",,,,,,auto
2026-08-04T17:49:44+00:00,cb11caf58b934ce7bfb94af06687f378,AMD,"Advanced Micro Devices, Inc.",sell,7.0,,,blocked_by_oms,"gate allowed but OMS rejected at sign-off (resting protective order - rests GTC, so a closed session is the right time to place it rather than a reason to wait)",US,Midday Lull,102049.19,40608.57,0.009450629954619455,auto
2026-08-04T17:49:44+00:00,3787bcfb2dfb43a99cf90ff592d3e56c,GS,,sell,7.0,,,pending_signoff,protective stop for an unprotected position,,,,,,auto
2026-08-04T17:49:45+00:00,3787bcfb2dfb43a99cf90ff592d3e56c,GS,autonomous-executor,sell,7.0,,,rejected,"broker refused: {""available"":""0"",""code"":40310000,""existing_qty"":""7"",""held_for_orders"":""7"",""message"":""insufficient qty available for order (requested: 7, available: 0)"",""related_orders"":[""bb1e0d5b-23bd-4f11-8961-8931a9ccfc07""],""symbol"":""GS""}",,,,,,auto
2026-08-04T17:49:45+00:00,3787bcfb2dfb43a99cf90ff592d3e56c,GS,"The Goldman Sachs Group, Inc.",sell,7.0,,,blocked_by_oms,"gate allowed but OMS rejected at sign-off (resting protective order - rests GTC, so a closed session is the right time to place it rather than a reason to wait)",US,Midday Lull,102047.87,40608.57,0.00943757277276875,auto
2026-08-04T17:49:45+00:00,bef710928555430ca5a4256dec1077c2,MS,,sell,82.0,,,pending_signoff,protective stop for an unprotected position,,,,,,auto
2026-08-04T17:49:45+00:00,bef710928555430ca5a4256dec1077c2,MS,autonomous-executor,sell,82.0,,,rejected,"broker refused: {""available"":""0"",""code"":40310000,""existing_qty"":""82"",""held_for_orders"":""82"",""message"":""insufficient qty available for order (requested: 82, available: 0)"",""related_orders"":[""8fc541eb-e22a-44a2-9204-787212873940"",""14aa2dbb-4055-4208-865e-1fab75c0ccb4""],""symbol"":""MS""}",,,,,,auto
2026-08-04T17:49:45+00:00,bef710928555430ca5a4256dec1077c2,MS,Morgan Stanley,sell,82.0,,,blocked_by_oms,"gate allowed but OMS rejected at sign-off (resting protective order - rests GTC, so a closed session is the right time to place it rather than a reason to wait)",US,Midday Lull,102047.87,40608.57,0.00943757277276875,auto
2026-08-04T17:54:46+00:00,571f9e463fe5403c8c97df00d3d36f1f,AMAT,,sell,7.0,,,pending_signoff,protective stop for an unprotected position,,,,,,auto
2026-08-04T17:54:46+00:00,571f9e463fe5403c8c97df00d3d36f1f,AMAT,autonomous-executor,sell,7.0,,,rejected,"broker refused: {""available"":""0"",""code"":40310000,""existing_qty"":""7"",""held_for_orders"":""7"",""message"":""insufficient qty available for order (requested: 7, available: 0)"",""related_orders"":[""699407f9-8332-4d16-a822-b50391031474""],""symbol"":""AMAT""}",,,,,,auto
2026-08-04T17:54:46+00:00,571f9e463fe5403c8c97df00d3d36f1f,AMAT,"Applied Materials, Inc.",sell,7.0,,,blocked_by_oms,"gate allowed but OMS rejected at sign-off (resting protective order - rests GTC, so a closed session is the right time to place it rather than a reason to wait)",US,Midday Lull,101945.67,40608.57,0.008426630359787725,auto
2026-08-04T17:54:46+00:00,47f0adf4999140a686a4926b79915f73,AMD,,sell,7.0,,,pending_signoff,protective stop for an unprotected position,,,,,,auto
2026-08-04T17:54:47+00:00,47f0adf4999140a686a4926b79915f73,AMD,autonomous-executor,sell,7.0,,,rejected,"broker refused: {""available"":""0"",""code"":40310000,""existing_qty"":""7"",""held_for_orders"":""7"",""message"":""insufficient qty available for order (requested: 7, available: 0)"",""related_orders"":[""bfc414c9-9371-49fb-b0ff-151efc5329f4""],""symbol"":""AMD""}",,,,,,auto
2026-08-04T17:54:47+00:00,47f0adf4999140a686a4926b79915f73,AMD,"Advanced Micro Devices, Inc.",sell,7.0,,,blocked_by_oms,"gate allowed but OMS rejected at sign-off (resting protective order - rests GTC, so a closed session is the right time to place it rather than a reason to wait)",US,Midday Lull,101944.99,40608.57,0.00841990393277383,auto
2026-08-04T17:54:47+00:00,74430c11545f4e748469a124a8e22e5a,GS,,sell,7.0,,,pending_signoff,protective stop for an unprotected position,,,,,,auto
2026-08-04T17:54:47+00:00,74430c11545f4e748469a124a8e22e5a,GS,autonomous-executor,sell,7.0,,,rejected,"broker refused: {""available"":""0"",""code"":40310000,""existing_qty"":""7"",""held_for_orders"":""7"",""message"":""insufficient qty available for order (requested: 7, available: 0)"",""related_orders"":[""bb1e0d5b-23bd-4f11-8961-8931a9ccfc07""],""symbol"":""GS""}",,,,,,auto
2026-08-04T17:54:47+00:00,74430c11545f4e748469a124a8e22e5a,GS,"The Goldman Sachs Group, Inc.",sell,7.0,,,blocked_by_oms,"gate allowed but OMS rejected at sign-off (resting protective order - rests GTC, so a closed session is the right time to place it rather than a reason to wait)",US,Midday Lull,101944.99,40608.57,0.00841990393277383,auto
2026-08-04T17:54:47+00:00,3b3e113adffe49f594a145fa98cfd609,MS,,sell,82.0,,,pending_signoff,protective stop for an unprotected position,,,,,,auto
2026-08-04T17:54:48+00:00,3b3e113adffe49f594a145fa98cfd609,MS,autonomous-executor,sell,82.0,,,rejected,"broker refused: {""available"":""0"",""code"":40310000,""existing_qty"":""82"",""held_for_orders"":""82"",""message"":""insufficient qty available for order (requested: 82, available: 0)"",""related_orders"":[""8fc541eb-e22a-44a2-9204-787212873940"",""14aa2dbb-4055-4208-865e-1fab75c0ccb4""],""symbol"":""MS""}",,,,,,auto
2026-08-04T17:54:48+00:00,3b3e113adffe49f594a145fa98cfd609,MS,Morgan Stanley,sell,82.0,,,blocked_by_oms,"gate allowed but OMS rejected at sign-off (resting protective order - rests GTC, so a closed session is the right time to place it rather than a reason to wait)",US,Midday Lull,101943.99,40608.57,0.00841001212834153,auto
2026-08-04T17:59:48+00:00,8d82d98cd88a43d2a7af6a585c4114a9,AMAT,,sell,7.0,,,pending_signoff,protective stop for an unprotected position,,,,,,auto
2026-08-04T17:59:48+00:00,8d82d98cd88a43d2a7af6a585c4114a9,AMAT,autonomous-executor,sell,7.0,,,rejected,"broker refused: {""available"":""0"",""code"":40310000,""existing_qty"":""7"",""held_for_orders"":""7"",""message"":""insufficient qty available for order (requested: 7, available: 0)"",""related_orders"":[""699407f9-8332-4d16-a822-b50391031474""],""symbol"":""AMAT""}",,,,,,auto
2026-08-04T17:59:48+00:00,8d82d98cd88a43d2a7af6a585c4114a9,AMAT,"Applied Materials, Inc.",sell,7.0,,,blocked_by_oms,"gate allowed but OMS rejected at sign-off (resting protective order - rests GTC, so a closed session is the right time to place it rather than a reason to wait)",US,Afternoon,101960.08,40608.57,0.008569171261657202,auto
2026-08-04T17:59:48+00:00,d68fdd081d714096988ff8dc735c941d,AMD,,sell,7.0,,,pending_signoff,protective stop for an unprotected position,,,,,,auto
2026-08-04T17:59:49+00:00,d68fdd081d714096988ff8dc735c941d,AMD,autonomous-executor,sell,7.0,,,rejected,"broker refused: {""available"":""0"",""code"":40310000,""existing_qty"":""7"",""held_for_orders"":""7"",""message"":""insufficient qty available for order (requested: 7, available: 0)"",""related_orders"":[""bfc414c9-9371-49fb-b0ff-151efc5329f4""],""symbol"":""AMD""}",,,,,,auto
2026-08-04T17:59:49+00:00,d68fdd081d714096988ff8dc735c941d,AMD,"Advanced Micro Devices, Inc.",sell,7.0,,,blocked_by_oms,"gate allowed but OMS rejected at sign-off (resting protective order - rests GTC, so a closed session is the right time to place it rather than a reason to wait)",US,Afternoon,101959.95,40608.57,0.008567885327080957,auto
2026-08-04T17:59:49+00:00,345e594ef37e4e7a9f920b29ba6b667c,GS,,sell,7.0,,,pending_signoff,protective stop for an unprotected position,,,,,,auto
2026-08-04T17:59:49+00:00,345e594ef37e4e7a9f920b29ba6b667c,GS,autonomous-executor,sell,7.0,,,rejected,"broker refused: {""available"":""0"",""code"":40310000,""existing_qty"":""7"",""held_for_orders"":""7"",""message"":""insufficient qty available for order (requested: 7, available: 0)"",""related_orders"":[""bb1e0d5b-23bd-4f11-8961-8931a9ccfc07""],""symbol"":""GS""}",,,,,,auto
2026-08-04T17:59:49+00:00,345e594ef37e4e7a9f920b29ba6b667c,GS,"The Goldman Sachs Group, Inc.",sell,7.0,,,blocked_by_oms,"gate allowed but OMS rejected at sign-off (resting protective order - rests GTC, so a closed session is the right time to place it rather than a reason to wait)",US,Afternoon,101959.87,40608.57,0.008567093982726355,auto
2026-08-04T17:59:49+00:00,46d4e6af313c4b2692a17a243949c5a5,MS,,sell,82.0,,,pending_signoff,protective stop for an unprotected position,,,,,,auto
2026-08-04T17:59:50+00:00,46d4e6af313c4b2692a17a243949c5a5,MS,autonomous-executor,sell,82.0,,,rejected,"broker refused: {""available"":""0"",""code"":40310000,""existing_qty"":""82"",""held_for_orders"":""82"",""message"":""insufficient qty available for order (requested: 82, available: 0)"",""related_orders"":[""8fc541eb-e22a-44a2-9204-787212873940"",""14aa2dbb-4055-4208-865e-1fab75c0ccb4""],""symbol"":""MS""}",,,,,,auto
2026-08-04T17:59:50+00:00,46d4e6af313c4b2692a17a243949c5a5,MS,Morgan Stanley,sell,82.0,,,blocked_by_oms,"gate allowed but OMS rejected at sign-off (resting protective order - rests GTC, so a closed session is the right time to place it rather than a reason to wait)",US,Afternoon,101959.87,40608.57,0.008567093982726355,auto
2026-08-04T18:04:50+00:00,27a99c7c74184e5a941099392ef0af72,AMAT,,sell,7.0,,,pending_signoff,protective stop for an unprotected position,,,,,,auto
2026-08-04T18:04:51+00:00,27a99c7c74184e5a941099392ef0af72,AMAT,autonomous-executor,sell,7.0,,,rejected,"broker refused: {""available"":""0"",""code"":40310000,""existing_qty"":""7"",""held_for_orders"":""7"",""message"":""insufficient qty available for order (requested: 7, available: 0)"",""related_orders"":[""699407f9-8332-4d16-a822-b50391031474""],""symbol"":""AMAT""}",,,,,,auto
2026-08-04T18:04:51+00:00,27a99c7c74184e5a941099392ef0af72,AMAT,"Applied Materials, Inc.",sell,7.0,,,blocked_by_oms,"gate allowed but OMS rejected at sign-off (resting protective order - rests GTC, so a closed session is the right time to place it rather than a reason to wait)",US,Afternoon,101879.74,40608.57,0.007774463693566259,auto
2026-08-04T18:04:51+00:00,66ef4f1ac0e2415c97702a558e1ebf87,AMD,,sell,7.0,,,pending_signoff,protective stop for an unprotected position,,,,,,auto
2026-08-04T18:04:51+00:00,66ef4f1ac0e2415c97702a558e1ebf87,AMD,autonomous-executor,sell,7.0,,,rejected,"broker refused: {""available"":""0"",""code"":40310000,""existing_qty"":""7"",""held_for_orders"":""7"",""message"":""insufficient qty available for order (requested: 7, available: 0)"",""related_orders"":[""bfc414c9-9371-49fb-b0ff-151efc5329f4""],""symbol"":""AMD""}",,,,,,auto
2026-08-04T18:04:51+00:00,66ef4f1ac0e2415c97702a558e1ebf87,AMD,"Advanced Micro Devices, Inc.",sell,7.0,,,blocked_by_oms,"gate allowed but OMS rejected at sign-off (resting protective order - rests GTC, so a closed session is the right time to place it rather than a reason to wait)",US,Afternoon,101877.42,40608.57,0.007751514707283254,auto
2026-08-04T18:04:51+00:00,05e5c73a543042b490c8634b09c9dbdd,GS,,sell,7.0,,,pending_signoff,protective stop for an unprotected position,,,,,,auto
2026-08-04T18:04:52+00:00,05e5c73a543042b490c8634b09c9dbdd,GS,autonomous-executor,sell,7.0,,,rejected,"broker refused: {""available"":""0"",""code"":40310000,""existing_qty"":""7"",""held_for_orders"":""7"",""message"":""insufficient qty available for order (requested: 7, available: 0)"",""related_orders"":[""bb1e0d5b-23bd-4f11-8961-8931a9ccfc07""],""symbol"":""GS""}",,,,,,auto
2026-08-04T18:04:52+00:00,05e5c73a543042b490c8634b09c9dbdd,GS,"The Goldman Sachs Group, Inc.",sell,7.0,,,blocked_by_oms,"gate allowed but OMS rejected at sign-off (resting protective order - rests GTC, so a closed session is the right time to place it rather than a reason to wait)",US,Afternoon,101876.82,40608.57,0.00774557962462396,auto
2026-08-04T18:04:52+00:00,a1498272b3984dbd80d55d618fd79c30,MS,,sell,82.0,,,pending_signoff,protective stop for an unprotected position,,,,,,auto
2026-08-04T18:04:52+00:00,a1498272b3984dbd80d55d618fd79c30,MS,autonomous-executor,sell,82.0,,,rejected,"broker refused: {""available"":""0"",""code"":40310000,""existing_qty"":""82"",""held_for_orders"":""82"",""message"":""insufficient qty available for order (requested: 82, available: 0)"",""related_orders"":[""8fc541eb-e22a-44a2-9204-787212873940"",""14aa2dbb-4055-4208-865e-1fab75c0ccb4""],""symbol"":""MS""}",,,,,,auto
2026-08-04T18:04:52+00:00,a1498272b3984dbd80d55d618fd79c30,MS,Morgan Stanley,sell,82.0,,,blocked_by_oms,"gate allowed but OMS rejected at sign-off (resting protective order - rests GTC, so a closed session is the right time to place it rather than a reason to wait)",US,Afternoon,101878.11,40608.57,0.007758340052341563,auto
2026-08-04T18:09:52+00:00,b223d4e393ca4e4089746f86005c5af3,AMAT,,sell,7.0,,,pending_signoff,protective stop for an unprotected position,,,,,,auto
2026-08-04T18:09:53+00:00,b223d4e393ca4e4089746f86005c5af3,AMAT,autonomous-executor,sell,7.0,,,rejected,"broker refused: {""available"":""0"",""code"":40310000,""existing_qty"":""7"",""held_for_orders"":""7"",""message"":""insufficient qty available for order (requested: 7, available: 0)"",""related_orders"":[""699407f9-8332-4d16-a822-b50391031474""],""symbol"":""AMAT""}",,,,,,auto
2026-08-04T18:09:53+00:00,b223d4e393ca4e4089746f86005c5af3,AMAT,"Applied Materials, Inc.",sell,7.0,,,blocked_by_oms,"gate allowed but OMS rejected at sign-off (resting protective order - rests GTC, so a closed session is the right time to place it rather than a reason to wait)",US,Afternoon,101928.53,40608.57,0.008257084831818109,auto
2026-08-04T18:09:53+00:00,dc48d4c6b13f4c8fa1f58a191bae456d,AMD,,sell,7.0,,,pending_signoff,protective stop for an unprotected position,,,,,,auto
2026-08-04T18:09:53+00:00,dc48d4c6b13f4c8fa1f58a191bae456d,AMD,autonomous-executor,sell,7.0,,,rejected,"broker refused: {""available"":""0"",""code"":40310000,""existing_qty"":""7"",""held_for_orders"":""7"",""message"":""insufficient qty available for order (requested: 7, available: 0)"",""related_orders"":[""bfc414c9-9371-49fb-b0ff-151efc5329f4""],""symbol"":""AMD""}",,,,,,auto
2026-08-04T18:09:53+00:00,dc48d4c6b13f4c8fa1f58a191bae456d,AMD,"Advanced Micro Devices, Inc.",sell,7.0,,,blocked_by_oms,"gate allowed but OMS rejected at sign-off (resting protective order - rests GTC, so a closed session is the right time to place it rather than a reason to wait)",US,Afternoon,101928.88,40608.57,0.008260546963369472,auto
2026-08-04T18:09:53+00:00,6e391ee1d87f4d82a907ffd94b293e1c,GS,,sell,7.0,,,pending_signoff,protective stop for an unprotected position,,,,,,auto
2026-08-04T18:09:54+00:00,6e391ee1d87f4d82a907ffd94b293e1c,GS,autonomous-executor,sell,7.0,,,rejected,"broker refused: {""available"":""0"",""code"":40310000,""existing_qty"":""7"",""held_for_orders"":""7"",""message"":""insufficient qty available for order (requested: 7, available: 0)"",""related_orders"":[""bb1e0d5b-23bd-4f11-8961-8931a9ccfc07""],""symbol"":""GS""}",,,,,,auto
2026-08-04T18:09:54+00:00,6e391ee1d87f4d82a907ffd94b293e1c,GS,"The Goldman Sachs Group, Inc.",sell,7.0,,,blocked_by_oms,"gate allowed but OMS rejected at sign-off (resting protective order - rests GTC, so a closed session is the right time to place it rather than a reason to wait)",US,Afternoon,101928.37,40608.57,0.008255502143108906,auto
2026-08-04T18:09:54+00:00,be20b37b59dd4737b09ff58d4ac14eb5,MS,,sell,82.0,,,pending_signoff,protective stop for an unprotected position,,,,,,auto
2026-08-04T18:09:54+00:00,be20b37b59dd4737b09ff58d4ac14eb5,MS,autonomous-executor,sell,82.0,,,rejected,"broker refused: {""available"":""0"",""code"":40310000,""existing_qty"":""82"",""held_for_orders"":""82"",""message"":""insufficient qty available for order (requested: 82, available: 0)"",""related_orders"":[""8fc541eb-e22a-44a2-9204-787212873940"",""14aa2dbb-4055-4208-865e-1fab75c0ccb4""],""symbol"":""MS""}",,,,,,auto
2026-08-04T18:09:54+00:00,be20b37b59dd4737b09ff58d4ac14eb5,MS,Morgan Stanley,sell,82.0,,,blocked_by_oms,"gate allowed but OMS rejected at sign-off (resting protective order - rests GTC, so a closed session is the right time to place it rather than a reason to wait)",US,Afternoon,101928.8,40608.57,0.008259755619014871,auto
2026-08-04T18:14:55+00:00,5490bd0d2d1140a7a1f20d0d21a39f17,AMAT,,sell,7.0,,,pending_signoff,protective stop for an unprotected position,,,,,,auto
2026-08-04T18:14:55+00:00,5490bd0d2d1140a7a1f20d0d21a39f17,AMAT,autonomous-executor,sell,7.0,,,rejected,"broker refused: {""available"":""0"",""code"":40310000,""existing_qty"":""7"",""held_for_orders"":""7"",""message"":""insufficient qty available for order (requested: 7, available: 0)"",""related_orders"":[""699407f9-8332-4d16-a822-b50391031474""],""symbol"":""AMAT""}",,,,,,auto
2026-08-04T18:14:55+00:00,5490bd0d2d1140a7a1f20d0d21a39f17,AMAT,"Applied Materials, Inc.",sell,7.0,,,blocked_by_oms,"gate allowed but OMS rejected at sign-off (resting protective order - rests GTC, so a closed session is the right time to place it rather than a reason to wait)",US,Afternoon,101942.12,40608.57,0.00839151445405303,auto
2026-08-04T18:14:55+00:00,f7e35c953e254f9bbfd320d6c4899478,AMD,,sell,7.0,,,pending_signoff,protective stop for an unprotected position,,,,,,auto
2026-08-04T18:14:56+00:00,f7e35c953e254f9bbfd320d6c4899478,AMD,autonomous-executor,sell,7.0,,,rejected,"broker refused: {""available"":""0"",""code"":40310000,""existing_qty"":""7"",""held_for_orders"":""7"",""message"":""insufficient qty available for order (requested: 7, available: 0)"",""related_orders"":[""bfc414c9-9371-49fb-b0ff-151efc5329f4""],""symbol"":""AMD""}",,,,,,auto
2026-08-04T18:14:56+00:00,f7e35c953e254f9bbfd320d6c4899478,AMD,"Advanced Micro Devices, Inc.",sell,7.0,,,blocked_by_oms,"gate allowed but OMS rejected at sign-off (resting protective order - rests GTC, so a closed session is the right time to place it rather than a reason to wait)",US,Afternoon,101942.44,40608.57,0.008394679831471437,auto
2026-08-04T18:14:56+00:00,e2ee12ca4e6f437bbe74368bf47e2d3f,GS,,sell,7.0,,,pending_signoff,protective stop for an unprotected position,,,,,,auto
2026-08-04T18:14:56+00:00,e2ee12ca4e6f437bbe74368bf47e2d3f,GS,autonomous-executor,sell,7.0,,,rejected,"broker refused: {""available"":""0"",""code"":40310000,""existing_qty"":""7"",""held_for_orders"":""7"",""message"":""insufficient qty available for order (requested: 7, available: 0)"",""related_orders"":[""bb1e0d5b-23bd-4f11-8961-8931a9ccfc07""],""symbol"":""GS""}",,,,,,auto
2026-08-04T18:14:56+00:00,e2ee12ca4e6f437bbe74368bf47e2d3f,GS,"The Goldman Sachs Group, Inc.",sell,7.0,,,blocked_by_oms,"gate allowed but OMS rejected at sign-off (resting protective order - rests GTC, so a closed session is the right time to place it rather than a reason to wait)",US,Afternoon,101944.49,40608.57,0.00841495803055768,auto
2026-08-04T18:14:56+00:00,40d307a2d9f940c79ee0699e6ee5e409,MS,,sell,82.0,,,pending_signoff,protective stop for an unprotected position,,,,,,auto
2026-08-04T18:14:56+00:00,40d307a2d9f940c79ee0699e6ee5e409,MS,autonomous-executor,sell,82.0,,,rejected,"broker refused: {""available"":""0"",""code"":40310000,""existing_qty"":""82"",""held_for_orders"":""82"",""message"":""insufficient qty available for order (requested: 82, available: 0)"",""related_orders"":[""8fc541eb-e22a-44a2-9204-787212873940"",""14aa2dbb-4055-4208-865e-1fab75c0ccb4""],""symbol"":""MS""}",,,,,,auto
2026-08-04T18:14:56+00:00,40d307a2d9f940c79ee0699e6ee5e409,MS,Morgan Stanley,sell,82.0,,,blocked_by_oms,"gate allowed but OMS rejected at sign-off (resting protective order - rests GTC, so a closed session is the right time to place it rather than a reason to wait)",US,Afternoon,101944.02,40608.57,0.008410308882474488,auto
2026-08-04T18:19:57+00:00,302506e9067c47c3ab8c496be12465fd,AMAT,,sell,7.0,,,pending_signoff,protective stop for an unprotected position,,,,,,auto
2026-08-04T18:19:57+00:00,302506e9067c47c3ab8c496be12465fd,AMAT,autonomous-executor,sell,7.0,,,rejected,"broker refused: {""available"":""0"",""code"":40310000,""existing_qty"":""7"",""held_for_orders"":""7"",""message"":""insufficient qty available for order (requested: 7, available: 0)"",""related_orders"":[""699407f9-8332-4d16-a822-b50391031474""],""symbol"":""AMAT""}",,,,,,auto
2026-08-04T18:19:57+00:00,302506e9067c47c3ab8c496be12465fd,AMAT,"Applied Materials, Inc.",sell,7.0,,,blocked_by_oms,"gate allowed but OMS rejected at sign-off (resting protective order - rests GTC, so a closed session is the right time to place it rather than a reason to wait)",US,Afternoon,101946.81,40608.57,0.00843790701684054,auto
2026-08-04T18:19:57+00:00,b1e2ee0e040a4d6f977914a7b65e18ea,AMD,,sell,7.0,,,pending_signoff,protective stop for an unprotected position,,,,,,auto
2026-08-04T18:19:58+00:00,b1e2ee0e040a4d6f977914a7b65e18ea,AMD,autonomous-executor,sell,7.0,,,rejected,"broker refused: {""available"":""0"",""code"":40310000,""existing_qty"":""7"",""held_for_orders"":""7"",""message"":""insufficient qty available for order (requested: 7, available: 0)"",""related_orders"":[""bfc414c9-9371-49fb-b0ff-151efc5329f4""],""symbol"":""AMD""}",,,,,,auto
2026-08-04T18:19:58+00:00,b1e2ee0e040a4d6f977914a7b65e18ea,AMD,"Advanced Micro Devices, Inc.",sell,7.0,,,blocked_by_oms,"gate allowed but OMS rejected at sign-off (resting protective order - rests GTC, so a closed session is the right time to place it rather than a reason to wait)",US,Afternoon,101946.65,40608.57,0.008436324328131338,auto
2026-08-04T18:19:58+00:00,9f27545c78c04b388960d422cd9267ee,GS,,sell,7.0,,,pending_signoff,protective stop for an unprotected position,,,,,,auto
2026-08-04T18:19:58+00:00,9f27545c78c04b388960d422cd9267ee,GS,autonomous-executor,sell,7.0,,,rejected,"broker refused: {""available"":""0"",""code"":40310000,""existing_qty"":""7"",""held_for_orders"":""7"",""message"":""insufficient qty available for order (requested: 7, available: 0)"",""related_orders"":[""bb1e0d5b-23bd-4f11-8961-8931a9ccfc07""],""symbol"":""GS""}",,,,,,auto
2026-08-04T18:19:58+00:00,9f27545c78c04b388960d422cd9267ee,GS,"The Goldman Sachs Group, Inc.",sell,7.0,,,blocked_by_oms,"gate allowed but OMS rejected at sign-off (resting protective order - rests GTC, so a closed session is the right time to place it rather than a reason to wait)",US,Afternoon,101945.41,40608.57,0.00842405849063538,auto
2026-08-04T18:19:58+00:00,65b04ade29134fbca242b6716b288679,MS,,sell,82.0,,,pending_signoff,protective stop for an unprotected position,,,,,,auto
2026-08-04T18:19:59+00:00,65b04ade29134fbca242b6716b288679,MS,autonomous-executor,sell,82.0,,,rejected,"broker refused: {""available"":""0"",""code"":40310000,""existing_qty"":""82"",""held_for_orders"":""82"",""message"":""insufficient qty available for order (requested: 82, available: 0)"",""related_orders"":[""8fc541eb-e22a-44a2-9204-787212873940"",""14aa2dbb-4055-4208-865e-1fab75c0ccb4""],""symbol"":""MS""}",,,,,,auto
2026-08-04T18:19:59+00:00,65b04ade29134fbca242b6716b288679,MS,Morgan Stanley,sell,82.0,,,blocked_by_oms,"gate allowed but OMS rejected at sign-off (resting protective order - rests GTC, so a closed session is the right time to place it rather than a reason to wait)",US,Afternoon,101944.21,40608.57,0.008412188325316648,auto
2026-08-04T18:24:59+00:00,5420f89c555b4958aadd673070dbc230,AMAT,,sell,7.0,,,pending_signoff,protective stop for an unprotected position,,,,,,auto
2026-08-04T18:25:00+00:00,5420f89c555b4958aadd673070dbc230,AMAT,autonomous-executor,sell,7.0,,,rejected,"broker refused: {""available"":""0"",""code"":40310000,""existing_qty"":""7"",""held_for_orders"":""7"",""message"":""insufficient qty available for order (requested: 7, available: 0)"",""related_orders"":[""699407f9-8332-4d16-a822-b50391031474""],""symbol"":""AMAT""}",,,,,,auto
2026-08-04T18:25:00+00:00,5420f89c555b4958aadd673070dbc230,AMAT,"Applied Materials, Inc.",sell,7.0,,,blocked_by_oms,"gate allowed but OMS rejected at sign-off (resting protective order - rests GTC, so a closed session is the right time to place it rather than a reason to wait)",US,Afternoon,101957.5,40608.57,0.008543650406221851,auto
2026-08-04T18:25:00+00:00,564493c64c6a4cd897b4035c77192981,AMD,,sell,7.0,,,pending_signoff,protective stop for an unprotected position,,,,,,auto
2026-08-04T18:25:00+00:00,564493c64c6a4cd897b4035c77192981,AMD,autonomous-executor,sell,7.0,,,rejected,"broker refused: {""available"":""0"",""code"":40310000,""existing_qty"":""7"",""held_for_orders"":""7"",""message"":""insufficient qty available for order (requested: 7, available: 0)"",""related_orders"":[""bfc414c9-9371-49fb-b0ff-151efc5329f4""],""symbol"":""AMD""}",,,,,,auto
2026-08-04T18:25:00+00:00,564493c64c6a4cd897b4035c77192981,AMD,"Advanced Micro Devices, Inc.",sell,7.0,,,blocked_by_oms,"gate allowed but OMS rejected at sign-off (resting protective order - rests GTC, so a closed session is the right time to place it rather than a reason to wait)",US,Afternoon,101956.9,40608.57,0.008537715323562413,auto
2026-08-04T18:25:00+00:00,8d06672bfeb7413d81d261e060a59c45,GS,,sell,7.0,,,pending_signoff,protective stop for an unprotected position,,,,,,auto
2026-08-04T18:25:01+00:00,8d06672bfeb7413d81d261e060a59c45,GS,autonomous-executor,sell,7.0,,,rejected,"broker refused: {""available"":""0"",""code"":40310000,""existing_qty"":""7"",""held_for_orders"":""7"",""message"":""insufficient qty available for order (requested: 7, available: 0)"",""related_orders"":[""bb1e0d5b-23bd-4f11-8961-8931a9ccfc07""],""symbol"":""GS""}",,,,,,auto
2026-08-04T18:25:01+00:00,8d06672bfeb7413d81d261e060a59c45,GS,"The Goldman Sachs Group, Inc.",sell,7.0,,,blocked_by_oms,"gate allowed but OMS rejected at sign-off (resting protective order - rests GTC, so a closed session is the right time to place it rather than a reason to wait)",US,Afternoon,101957.46,40608.57,0.008543254734044622,auto
2026-08-04T18:25:01+00:00,bf87da155ce84349a1f1e4cd3031ec4e,MS,,sell,82.0,,,pending_signoff,protective stop for an unprotected position,,,,,,auto
2026-08-04T18:25:01+00:00,bf87da155ce84349a1f1e4cd3031ec4e,MS,autonomous-executor,sell,82.0,,,rejected,"broker refused: {""available"":""0"",""code"":40310000,""existing_qty"":""82"",""held_for_orders"":""82"",""message"":""insufficient qty available for order (requested: 82, available: 0)"",""related_orders"":[""8fc541eb-e22a-44a2-9204-787212873940"",""14aa2dbb-4055-4208-865e-1fab75c0ccb4""],""symbol"":""MS""}",,,,,,auto
2026-08-04T18:25:01+00:00,bf87da155ce84349a1f1e4cd3031ec4e,MS,Morgan Stanley,sell,82.0,,,blocked_by_oms,"gate allowed but OMS rejected at sign-off (resting protective order - rests GTC, so a closed session is the right time to place it rather than a reason to wait)",US,Afternoon,101955.75,40608.57,0.008526339748465325,auto
2026-08-04T18:30:01+00:00,8749200bb53f4cedac0394db1a4408cb,AMAT,,sell,7.0,,,pending_signoff,protective stop for an unprotected position,,,,,,auto
2026-08-04T18:30:02+00:00,8749200bb53f4cedac0394db1a4408cb,AMAT,autonomous-executor,sell,7.0,,,rejected,"broker refused: {""available"":""0"",""code"":40310000,""existing_qty"":""7"",""held_for_orders"":""7"",""message"":""insufficient qty available for order (requested: 7, available: 0)"",""related_orders"":[""699407f9-8332-4d16-a822-b50391031474""],""symbol"":""AMAT""}",,,,,,auto
2026-08-04T18:30:02+00:00,8749200bb53f4cedac0394db1a4408cb,AMAT,"Applied Materials, Inc.",sell,7.0,,,blocked_by_oms,"gate allowed but OMS rejected at sign-off (resting protective order - rests GTC, so a closed session is the right time to place it rather than a reason to wait)",US,Afternoon,101985.05,40608.57,0.008816169618331742,auto
2026-08-04T18:30:02+00:00,d95745b6d6b84d839757d0c6a0af0658,AMD,,sell,7.0,,,pending_signoff,protective stop for an unprotected position,,,,,,auto
2026-08-04T18:30:02+00:00,d95745b6d6b84d839757d0c6a0af0658,AMD,autonomous-executor,sell,7.0,,,rejected,"broker refused: {""available"":""0"",""code"":40310000,""existing_qty"":""7"",""held_for_orders"":""7"",""message"":""insufficient qty available for order (requested: 7, available: 0)"",""related_orders"":[""bfc414c9-9371-49fb-b0ff-151efc5329f4""],""symbol"":""AMD""}",,,,,,auto
2026-08-04T18:30:02+00:00,d95745b6d6b84d839757d0c6a0af0658,AMD,"Advanced Micro Devices, Inc.",sell,7.0,,,blocked_by_oms,"gate allowed but OMS rejected at sign-off (resting protective order - rests GTC, so a closed session is the right time to place it rather than a reason to wait)",US,Afternoon,101984.63,40608.57,0.008812015060470194,auto
2026-08-04T18:30:02+00:00,595fbeca55a8453886a0a7a0f31ade2e,GS,,sell,7.0,,,pending_signoff,protective stop for an unprotected position,,,,,,auto
2026-08-04T18:30:03+00:00,595fbeca55a8453886a0a7a0f31ade2e,GS,autonomous-executor,sell,7.0,,,rejected,"broker refused: {""available"":""0"",""code"":40310000,""existing_qty"":""7"",""held_for_orders"":""7"",""message"":""insufficient qty available for order (requested: 7, available: 0)"",""related_orders"":[""bb1e0d5b-23bd-4f11-8961-8931a9ccfc07""],""symbol"":""GS""}",,,,,,auto
2026-08-04T18:30:03+00:00,595fbeca55a8453886a0a7a0f31ade2e,GS,"The Goldman Sachs Group, Inc.",sell,7.0,,,blocked_by_oms,"gate allowed but OMS rejected at sign-off (resting protective order - rests GTC, so a closed session is the right time to place it rather than a reason to wait)",US,Afternoon,101982.41,40608.57,0.008790055254630476,auto
2026-08-04T18:30:03+00:00,732f49bbb0564f4e98d5fc2afd21385f,MS,,sell,82.0,,,pending_signoff,protective stop for an unprotected position,,,,,,auto
2026-08-04T18:30:03+00:00,732f49bbb0564f4e98d5fc2afd21385f,MS,autonomous-executor,sell,82.0,,,rejected,"broker refused: {""available"":""0"",""code"":40310000,""existing_qty"":""82"",""held_for_orders"":""82"",""message"":""insufficient qty available for order (requested: 82, available: 0)"",""related_orders"":[""8fc541eb-e22a-44a2-9204-787212873940"",""14aa2dbb-4055-4208-865e-1fab75c0ccb4""],""symbol"":""MS""}",,,,,,auto
2026-08-04T18:30:03+00:00,732f49bbb0564f4e98d5fc2afd21385f,MS,Morgan Stanley,sell,82.0,,,blocked_by_oms,"gate allowed but OMS rejected at sign-off (resting protective order - rests GTC, so a closed session is the right time to place it rather than a reason to wait)",US,Afternoon,101982.41,40608.57,0.008790055254630476,auto
2026-08-04T18:35:04+00:00,4e7a4f8b225b43e196ec1e86ccb1f692,AMAT,,sell,7.0,,,pending_signoff,protective stop for an unprotected position,,,,,,auto
2026-08-04T18:35:04+00:00,4e7a4f8b225b43e196ec1e86ccb1f692,AMAT,autonomous-executor,sell,7.0,,,rejected,"broker refused: {""available"":""0"",""code"":40310000,""existing_qty"":""7"",""held_for_orders"":""7"",""message"":""insufficient qty available for order (requested: 7, available: 0)"",""related_orders"":[""699407f9-8332-4d16-a822-b50391031474""],""symbol"":""AMAT""}",,,,,,auto
2026-08-04T18:35:04+00:00,4e7a4f8b225b43e196ec1e86ccb1f692,AMAT,"Applied Materials, Inc.",sell,7.0,,,blocked_by_oms,"gate allowed but OMS rejected at sign-off (resting protective order - rests GTC, so a closed session is the right time to place it rather than a reason to wait)",US,Afternoon,101972.95,40608.57,0.008696478784700855,auto
2026-08-04T18:35:04+00:00,5a7dd5947aa84b879a397dfcd7249b87,AMD,,sell,7.0,,,pending_signoff,protective stop for an unprotected position,,,,,,auto
2026-08-04T18:35:05+00:00,5a7dd5947aa84b879a397dfcd7249b87,AMD,autonomous-executor,sell,7.0,,,rejected,"broker refused: {""available"":""0"",""code"":40310000,""existing_qty"":""7"",""held_for_orders"":""7"",""message"":""insufficient qty available for order (requested: 7, available: 0)"",""related_orders"":[""bfc414c9-9371-49fb-b0ff-151efc5329f4""],""symbol"":""AMD""}",,,,,,auto
2026-08-04T18:35:05+00:00,5a7dd5947aa84b879a397dfcd7249b87,AMD,"Advanced Micro Devices, Inc.",sell,7.0,,,blocked_by_oms,"gate allowed but OMS rejected at sign-off (resting protective order - rests GTC, so a closed session is the right time to place it rather than a reason to wait)",US,Afternoon,101970.98,40608.57,0.008676991929969213,auto
2026-08-04T18:35:05+00:00,f27d576c687c48b7abff5ec55b0b6d75,GS,,sell,7.0,,,pending_signoff,protective stop for an unprotected position,,,,,,auto
2026-08-04T18:35:06+00:00,f27d576c687c48b7abff5ec55b0b6d75,GS,autonomous-executor,sell,7.0,,,rejected,"broker refused: {""available"":""0"",""code"":40310000,""existing_qty"":""7"",""held_for_orders"":""7"",""message"":""insufficient qty available for order (requested: 7, available: 0)"",""related_orders"":[""bb1e0d5b-23bd-4f11-8961-8931a9ccfc07""],""symbol"":""GS""}",,,,,,auto
2026-08-04T18:35:06+00:00,f27d576c687c48b7abff5ec55b0b6d75,GS,"The Goldman Sachs Group, Inc.",sell,7.0,,,blocked_by_oms,"gate allowed but OMS rejected at sign-off (resting protective order - rests GTC, so a closed session is the right time to place it rather than a reason to wait)",US,Afternoon,101965.71,40608.57,0.008624862120611096,auto
2026-08-04T18:35:06+00:00,27acc95826914e3eb4ea46f82181a93e,MS,,sell,82.0,,,pending_signoff,protective stop for an unprotected position,,,,,,auto
2026-08-04T18:35:06+00:00,27acc95826914e3eb4ea46f82181a93e,MS,autonomous-executor,sell,82.0,,,rejected,"broker refused: {""available"":""0"",""code"":40310000,""existing_qty"":""82"",""held_for_orders"":""82"",""message"":""insufficient qty available for order (requested: 82, available: 0)"",""related_orders"":[""8fc541eb-e22a-44a2-9204-787212873940"",""14aa2dbb-4055-4208-865e-1fab75c0ccb4""],""symbol"":""MS""}",,,,,,auto
2026-08-04T18:35:06+00:00,27acc95826914e3eb4ea46f82181a93e,MS,Morgan Stanley,sell,82.0,,,blocked_by_oms,"gate allowed but OMS rejected at sign-off (resting protective order - rests GTC, so a closed session is the right time to place it rather than a reason to wait)",US,Afternoon,101965.43,40608.57,0.00862209241536992,auto
2026-08-04T18:40:07+00:00,646176b955d24020bdd25e808a75cd9c,AMAT,,sell,7.0,,,pending_signoff,protective stop for an unprotected position,,,,,,auto
2026-08-04T18:40:07+00:00,646176b955d24020bdd25e808a75cd9c,AMAT,autonomous-executor,sell,7.0,,,rejected,"broker refused: {""available"":""0"",""code"":40310000,""existing_qty"":""7"",""held_for_orders"":""7"",""message"":""insufficient qty available for order (requested: 7, available: 0)"",""related_orders"":[""699407f9-8332-4d16-a822-b50391031474""],""symbol"":""AMAT""}",,,,,,auto
2026-08-04T18:40:07+00:00,646176b955d24020bdd25e808a75cd9c,AMAT,"Applied Materials, Inc.",sell,7.0,,,blocked_by_oms,"gate allowed but OMS rejected at sign-off (resting protective order - rests GTC, so a closed session is the right time to place it rather than a reason to wait)",US,Afternoon,101947.74,40608.57,0.008447106394962656,auto
2026-08-04T18:40:07+00:00,0f6f9510500c4b75883e83820f7dd150,AMD,,sell,7.0,,,pending_signoff,protective stop for an unprotected position,,,,,,auto
2026-08-04T18:40:08+00:00,0f6f9510500c4b75883e83820f7dd150,AMD,autonomous-executor,sell,7.0,,,rejected,"broker refused: {""available"":""0"",""code"":40310000,""existing_qty"":""7"",""held_for_orders"":""7"",""message"":""insufficient qty available for order (requested: 7, available: 0)"",""related_orders"":[""bfc414c9-9371-49fb-b0ff-151efc5329f4""],""symbol"":""AMD""}",,,,,,auto
2026-08-04T18:40:08+00:00,0f6f9510500c4b75883e83820f7dd150,AMD,"Advanced Micro Devices, Inc.",sell,7.0,,,blocked_by_oms,"gate allowed but OMS rejected at sign-off (resting protective order - rests GTC, so a closed session is the right time to place it rather than a reason to wait)",US,Afternoon,101948.22,40608.57,0.00845185446109012,auto
2026-08-04T18:40:08+00:00,b249ce497824471d8f45874ab52e3f18,GS,,sell,7.0,,,pending_signoff,protective stop for an unprotected position,,,,,,auto
2026-08-04T18:40:08+00:00,b249ce497824471d8f45874ab52e3f18,GS,autonomous-executor,sell,7.0,,,rejected,"broker refused: {""available"":""0"",""code"":40310000,""existing_qty"":""7"",""held_for_orders"":""7"",""message"":""insufficient qty available for order (requested: 7, available: 0)"",""related_orders"":[""bb1e0d5b-23bd-4f11-8961-8931a9ccfc07""],""symbol"":""GS""}",,,,,,auto
2026-08-04T18:40:08+00:00,b249ce497824471d8f45874ab52e3f18,GS,"The Goldman Sachs Group, Inc.",sell,7.0,,,blocked_by_oms,"gate allowed but OMS rejected at sign-off (resting protective order - rests GTC, so a closed session is the right time to place it rather than a reason to wait)",US,Afternoon,101949.24,40608.57,0.008461944101611106,auto
2026-08-04T18:40:08+00:00,0d1483bd3f8f4cbc89440e9325b8286f,MS,,sell,82.0,,,pending_signoff,protective stop for an unprotected position,,,,,,auto
2026-08-04T18:40:08+00:00,0d1483bd3f8f4cbc89440e9325b8286f,MS,autonomous-executor,sell,82.0,,,rejected,"broker refused: {""available"":""0"",""code"":40310000,""existing_qty"":""82"",""held_for_orders"":""82"",""message"":""insufficient qty available for order (requested: 82, available: 0)"",""related_orders"":[""8fc541eb-e22a-44a2-9204-787212873940"",""14aa2dbb-4055-4208-865e-1fab75c0ccb4""],""symbol"":""MS""}",,,,,,auto
2026-08-04T18:40:08+00:00,0d1483bd3f8f4cbc89440e9325b8286f,MS,Morgan Stanley,sell,82.0,,,blocked_by_oms,"gate allowed but OMS rejected at sign-off (resting protective order - rests GTC, so a closed session is the right time to place it rather than a reason to wait)",US,Afternoon,101951.91,40608.57,0.008488355219445328,auto
2026-08-04T18:45:09+00:00,cf3d20563be94fb282f681e87553d6e2,AMAT,,sell,7.0,,,pending_signoff,protective stop for an unprotected position,,,,,,auto
2026-08-04T18:45:09+00:00,cf3d20563be94fb282f681e87553d6e2,AMAT,autonomous-executor,sell,7.0,,,rejected,"broker refused: {""available"":""0"",""code"":40310000,""existing_qty"":""7"",""held_for_orders"":""7"",""message"":""insufficient qty available for order (requested: 7, available: 0)"",""related_orders"":[""699407f9-8332-4d16-a822-b50391031474""],""symbol"":""AMAT""}",,,,,,auto
2026-08-04T18:45:09+00:00,cf3d20563be94fb282f681e87553d6e2,AMAT,"Applied Materials, Inc.",sell,7.0,,,blocked_by_oms,"gate allowed but OMS rejected at sign-off (resting protective order - rests GTC, so a closed session is the right time to place it rather than a reason to wait)",US,Afternoon,101958.09,40608.57,0.008549486570836873,auto
2026-08-04T18:45:09+00:00,b12f24e053384d74b553cb5bde3debbc,AMD,,sell,7.0,,,pending_signoff,protective stop for an unprotected position,,,,,,auto
2026-08-04T18:45:10+00:00,b12f24e053384d74b553cb5bde3debbc,AMD,autonomous-executor,sell,7.0,,,rejected,"broker refused: {""available"":""0"",""code"":40310000,""existing_qty"":""7"",""held_for_orders"":""7"",""message"":""insufficient qty available for order (requested: 7, available: 0)"",""related_orders"":[""bfc414c9-9371-49fb-b0ff-151efc5329f4""],""symbol"":""AMD""}",,,,,,auto
2026-08-04T18:45:10+00:00,b12f24e053384d74b553cb5bde3debbc,AMD,"Advanced Micro Devices, Inc.",sell,7.0,,,blocked_by_oms,"gate allowed but OMS rejected at sign-off (resting protective order - rests GTC, so a closed session is the right time to place it rather than a reason to wait)",US,Afternoon,101958.18,40608.57,0.008550376833235746,auto
2026-08-04T18:45:10+00:00,8d2b89fe218641cfbb3af829edcd10a1,GS,,sell,7.0,,,pending_signoff,protective stop for an unprotected position,,,,,,auto
2026-08-04T18:45:10+00:00,8d2b89fe218641cfbb3af829edcd10a1,GS,autonomous-executor,sell,7.0,,,rejected,"broker refused: {""available"":""0"",""code"":40310000,""existing_qty"":""7"",""held_for_orders"":""7"",""message"":""insufficient qty available for order (requested: 7, available: 0)"",""related_orders"":[""bb1e0d5b-23bd-4f11-8961-8931a9ccfc07""],""symbol"":""GS""}",,,,,,auto
2026-08-04T18:45:10+00:00,8d2b89fe218641cfbb3af829edcd10a1,GS,"The Goldman Sachs Group, Inc.",sell,7.0,,,blocked_by_oms,"gate allowed but OMS rejected at sign-off (resting protective order - rests GTC, so a closed session is the right time to place it rather than a reason to wait)",US,Afternoon,101957.87,40608.57,0.008547310373861755,auto
2026-08-04T18:45:10+00:00,c8ef680dacf54e2d8b564df6d0a1f189,MS,,sell,82.0,,,pending_signoff,protective stop for an unprotected position,,,,,,auto
2026-08-04T18:45:11+00:00,c8ef680dacf54e2d8b564df6d0a1f189,MS,autonomous-executor,sell,82.0,,,rejected,"broker refused: {""available"":""0"",""code"":40310000,""existing_qty"":""82"",""held_for_orders"":""82"",""message"":""insufficient qty available for order (requested: 82, available: 0)"",""related_orders"":[""8fc541eb-e22a-44a2-9204-787212873940"",""14aa2dbb-4055-4208-865e-1fab75c0ccb4""],""symbol"":""MS""}",,,,,,auto
2026-08-04T18:45:11+00:00,c8ef680dacf54e2d8b564df6d0a1f189,MS,Morgan Stanley,sell,82.0,,,blocked_by_oms,"gate allowed but OMS rejected at sign-off (resting protective order - rests GTC, so a closed session is the right time to place it rather than a reason to wait)",US,Afternoon,101956.92,40608.57,0.008537913159651099,auto
2026-08-04T18:50:11+00:00,a3195f468bac4ec092c73896be50f3a8,AMAT,,sell,7.0,,,pending_signoff,protective stop for an unprotected position,,,,,,auto
2026-08-04T18:50:12+00:00,a3195f468bac4ec092c73896be50f3a8,AMAT,autonomous-executor,sell,7.0,,,rejected,"broker refused: {""available"":""0"",""code"":40310000,""existing_qty"":""7"",""held_for_orders"":""7"",""message"":""insufficient qty available for order (requested: 7, available: 0)"",""related_orders"":[""699407f9-8332-4d16-a822-b50391031474""],""symbol"":""AMAT""}",,,,,,auto
2026-08-04T18:50:12+00:00,a3195f468bac4ec092c73896be50f3a8,AMAT,"Applied Materials, Inc.",sell,7.0,,,blocked_by_oms,"gate allowed but OMS rejected at sign-off (resting protective order - rests GTC, so a closed session is the right time to place it rather than a reason to wait)",US,Afternoon,101982.9,40608.57,0.008794902238802211,auto
2026-08-04T18:50:12+00:00,a6d87a902fe644b5a206432748a14f3f,AMD,,sell,7.0,,,pending_signoff,protective stop for an unprotected position,,,,,,auto
2026-08-04T18:50:12+00:00,a6d87a902fe644b5a206432748a14f3f,AMD,autonomous-executor,sell,7.0,,,rejected,"broker refused: {""available"":""0"",""code"":40310000,""existing_qty"":""7"",""held_for_orders"":""7"",""message"":""insufficient qty available for order (requested: 7, available: 0)"",""related_orders"":[""bfc414c9-9371-49fb-b0ff-151efc5329f4""],""symbol"":""AMD""}",,,,,,auto
2026-08-04T18:50:12+00:00,a6d87a902fe644b5a206432748a14f3f,AMD,"Advanced Micro Devices, Inc.",sell,7.0,,,blocked_by_oms,"gate allowed but OMS rejected at sign-off (resting protective order - rests GTC, so a closed session is the right time to place it rather than a reason to wait)",US,Afternoon,101983.64,40608.57,0.008802222174082166,auto
2026-08-04T18:50:12+00:00,9a182d87fc62421196c5fac0e07c3abb,GS,,sell,7.0,,,pending_signoff,protective stop for an unprotected position,,,,,,auto
2026-08-04T18:50:12+00:00,9a182d87fc62421196c5fac0e07c3abb,GS,autonomous-executor,sell,7.0,,,rejected,"broker refused: {""available"":""0"",""code"":40310000,""existing_qty"":""7"",""held_for_orders"":""7"",""message"":""insufficient qty available for order (requested: 7, available: 0)"",""related_orders"":[""bb1e0d5b-23bd-4f11-8961-8931a9ccfc07""],""symbol"":""GS""}",,,,,,auto
2026-08-04T18:50:12+00:00,9a182d87fc62421196c5fac0e07c3abb,GS,"The Goldman Sachs Group, Inc.",sell,7.0,,,blocked_by_oms,"gate allowed but OMS rejected at sign-off (resting protective order - rests GTC, so a closed session is the right time to place it rather than a reason to wait)",US,Afternoon,101983.64,40608.57,0.008802222174082166,auto
2026-08-04T18:50:12+00:00,03b178f2f6ff4762a8027a14aa8a25df,MS,,sell,82.0,,,pending_signoff,protective stop for an unprotected position,,,,,,auto
2026-08-04T18:50:13+00:00,03b178f2f6ff4762a8027a14aa8a25df,MS,autonomous-executor,sell,82.0,,,rejected,"broker refused: {""available"":""0"",""code"":40310000,""existing_qty"":""82"",""held_for_orders"":""82"",""message"":""insufficient qty available for order (requested: 82, available: 0)"",""related_orders"":[""8fc541eb-e22a-44a2-9204-787212873940"",""14aa2dbb-4055-4208-865e-1fab75c0ccb4""],""symbol"":""MS""}",,,,,,auto
2026-08-04T18:50:13+00:00,03b178f2f6ff4762a8027a14aa8a25df,MS,Morgan Stanley,sell,82.0,,,blocked_by_oms,"gate allowed but OMS rejected at sign-off (resting protective order - rests GTC, so a closed session is the right time to place it rather than a reason to wait)",US,Afternoon,101984.2,40608.57,0.008807761584564231,auto
2026-08-04T18:55:14+00:00,c9aad416f0c540579ad843e4721da6b5,AMAT,,sell,7.0,,,pending_signoff,protective stop for an unprotected position,,,,,,auto
2026-08-04T18:55:14+00:00,c9aad416f0c540579ad843e4721da6b5,AMAT,autonomous-executor,sell,7.0,,,rejected,"broker refused: {""available"":""0"",""code"":40310000,""existing_qty"":""7"",""held_for_orders"":""7"",""message"":""insufficient qty available for order (requested: 7, available: 0)"",""related_orders"":[""699407f9-8332-4d16-a822-b50391031474""],""symbol"":""AMAT""}",,,,,,auto
2026-08-04T18:55:14+00:00,c9aad416f0c540579ad843e4721da6b5,AMAT,"Applied Materials, Inc.",sell,7.0,,,blocked_by_oms,"gate allowed but OMS rejected at sign-off (resting protective order - rests GTC, so a closed session is the right time to place it rather than a reason to wait)",US,Afternoon,101988.75,40608.57,0.008852769294731224,auto
2026-08-04T18:55:14+00:00,d1fe6fb75c9c4e5f888945588c1b5b54,AMD,,sell,7.0,,,pending_signoff,protective stop for an unprotected position,,,,,,auto
2026-08-04T18:55:15+00:00,d1fe6fb75c9c4e5f888945588c1b5b54,AMD,autonomous-executor,sell,7.0,,,rejected,"broker refused: {""available"":""0"",""code"":40310000,""existing_qty"":""7"",""held_for_orders"":""7"",""message"":""insufficient qty available for order (requested: 7, available: 0)"",""related_orders"":[""bfc414c9-9371-49fb-b0ff-151efc5329f4""],""symbol"":""AMD""}",,,,,,auto
2026-08-04T18:55:15+00:00,d1fe6fb75c9c4e5f888945588c1b5b54,AMD,"Advanced Micro Devices, Inc.",sell,7.0,,,blocked_by_oms,"gate allowed but OMS rejected at sign-off (resting protective order - rests GTC, so a closed session is the right time to place it rather than a reason to wait)",US,Afternoon,101988.22,40608.57,0.008847526638382116,auto
2026-08-04T18:55:15+00:00,09ec0ef9d0244982ab8ed6b9ce21bb04,GS,,sell,7.0,,,pending_signoff,protective stop for an unprotected position,,,,,,auto
2026-08-04T18:55:15+00:00,09ec0ef9d0244982ab8ed6b9ce21bb04,GS,autonomous-executor,sell,7.0,,,rejected,"broker refused: {""available"":""0"",""code"":40310000,""existing_qty"":""7"",""held_for_orders"":""7"",""message"":""insufficient qty available for order (requested: 7, available: 0)"",""related_orders"":[""bb1e0d5b-23bd-4f11-8961-8931a9ccfc07""],""symbol"":""GS""}",,,,,,auto
2026-08-04T18:55:15+00:00,09ec0ef9d0244982ab8ed6b9ce21bb04,GS,"The Goldman Sachs Group, Inc.",sell,7.0,,,blocked_by_oms,"gate allowed but OMS rejected at sign-off (resting protective order - rests GTC, so a closed session is the right time to place it rather than a reason to wait)",US,Afternoon,101988.0,40608.57,0.008845350441407,auto
2026-08-04T18:55:15+00:00,9ef6be5034c7463798b05fa4e30a0d71,MS,,sell,82.0,,,pending_signoff,protective stop for an unprotected position,,,,,,auto
2026-08-04T18:55:16+00:00,9ef6be5034c7463798b05fa4e30a0d71,MS,autonomous-executor,sell,82.0,,,rejected,"broker refused: {""available"":""0"",""code"":40310000,""existing_qty"":""82"",""held_for_orders"":""82"",""message"":""insufficient qty available for order (requested: 82, available: 0)"",""related_orders"":[""8fc541eb-e22a-44a2-9204-787212873940"",""14aa2dbb-4055-4208-865e-1fab75c0ccb4""],""symbol"":""MS""}",,,,,,auto
2026-08-04T18:55:16+00:00,9ef6be5034c7463798b05fa4e30a0d71,MS,Morgan Stanley,sell,82.0,,,blocked_by_oms,"gate allowed but OMS rejected at sign-off (resting protective order - rests GTC, so a closed session is the right time to place it rather than a reason to wait)",US,Afternoon,101989.11,40608.57,0.008856330344326858,auto
2026-08-04T19:00:16+00:00,3ded1c04d59f411eaa7b9d4f8bb2821c,AMAT,,sell,7.0,,,pending_signoff,protective stop for an unprotected position,,,,,,auto
2026-08-04T19:00:17+00:00,3ded1c04d59f411eaa7b9d4f8bb2821c,AMAT,autonomous-executor,sell,7.0,,,rejected,"broker refused: {""available"":""0"",""code"":40310000,""existing_qty"":""7"",""held_for_orders"":""7"",""message"":""insufficient qty available for order (requested: 7, available: 0)"",""related_orders"":[""699407f9-8332-4d16-a822-b50391031474""],""symbol"":""AMAT""}",,,,,,auto
2026-08-04T19:00:17+00:00,3ded1c04d59f411eaa7b9d4f8bb2821c,AMAT,"Applied Materials, Inc.",sell,7.0,,,blocked_by_oms,"gate allowed but OMS rejected at sign-off (resting protective order - rests GTC, so a closed session is the right time to place it rather than a reason to wait)",US,Afternoon,102028.27,40608.57,0.009243693405895759,auto
2026-08-04T19:00:17+00:00,1a35bc2833914ab7be898c0d3546c1f7,AMD,,sell,7.0,,,pending_signoff,protective stop for an unprotected position,,,,,,auto
2026-08-04T19:00:17+00:00,1a35bc2833914ab7be898c0d3546c1f7,AMD,autonomous-executor,sell,7.0,,,rejected,"broker refused: {""available"":""0"",""code"":40310000,""existing_qty"":""7"",""held_for_orders"":""7"",""message"":""insufficient qty available for order (requested: 7, available: 0)"",""related_orders"":[""bfc414c9-9371-49fb-b0ff-151efc5329f4""],""symbol"":""AMD""}",,,,,,auto
2026-08-04T19:00:17+00:00,1a35bc2833914ab7be898c0d3546c1f7,AMD,"Advanced Micro Devices, Inc.",sell,7.0,,,blocked_by_oms,"gate allowed but OMS rejected at sign-off (resting protective order - rests GTC, so a closed session is the right time to place it rather than a reason to wait)",US,Afternoon,102023.78,40608.57,0.00919927920399468,auto
2026-08-04T19:00:17+00:00,80b2b76268ca478b8e5f28897cfdc70c,GS,,sell,7.0,,,pending_signoff,protective stop for an unprotected position,,,,,,auto
2026-08-04T19:00:18+00:00,80b2b76268ca478b8e5f28897cfdc70c,GS,autonomous-executor,sell,7.0,,,rejected,"broker refused: {""available"":""0"",""code"":40310000,""existing_qty"":""7"",""held_for_orders"":""7"",""message"":""insufficient qty available for order (requested: 7, available: 0)"",""related_orders"":[""bb1e0d5b-23bd-4f11-8961-8931a9ccfc07""],""symbol"":""GS""}",,,,,,auto
2026-08-04T19:00:18+00:00,80b2b76268ca478b8e5f28897cfdc70c,GS,"The Goldman Sachs Group, Inc.",sell,7.0,,,blocked_by_oms,"gate allowed but OMS rejected at sign-off (resting protective order - rests GTC, so a closed session is the right time to place it rather than a reason to wait)",US,Afternoon,102030.43,40608.57,0.009265059703469417,auto
2026-08-04T19:00:18+00:00,334c49c4b081456ea426830523c7c441,MS,,sell,82.0,,,pending_signoff,protective stop for an unprotected position,,,,,,auto
2026-08-04T19:00:18+00:00,334c49c4b081456ea426830523c7c441,MS,autonomous-executor,sell,82.0,,,rejected,"broker refused: {""available"":""0"",""code"":40310000,""existing_qty"":""82"",""held_for_orders"":""82"",""message"":""insufficient qty available for order (requested: 82, available: 0)"",""related_orders"":[""8fc541eb-e22a-44a2-9204-787212873940"",""14aa2dbb-4055-4208-865e-1fab75c0ccb4""],""symbol"":""MS""}",,,,,,auto
2026-08-04T19:00:18+00:00,334c49c4b081456ea426830523c7c441,MS,Morgan Stanley,sell,82.0,,,blocked_by_oms,"gate allowed but OMS rejected at sign-off (resting protective order - rests GTC, so a closed session is the right time to place it rather than a reason to wait)",US,Afternoon,102030.43,40608.57,0.009265059703469417,auto
2026-08-04T19:05:19+00:00,23831f78c80347a29ff2eb5f05161850,AMAT,,sell,7.0,,,pending_signoff,protective stop for an unprotected position,,,,,,auto
2026-08-04T19:05:19+00:00,23831f78c80347a29ff2eb5f05161850,AMAT,autonomous-executor,sell,7.0,,,rejected,"broker refused: {""available"":""0"",""code"":40310000,""existing_qty"":""7"",""held_for_orders"":""7"",""message"":""insufficient qty available for order (requested: 7, available: 0)"",""related_orders"":[""699407f9-8332-4d16-a822-b50391031474""],""symbol"":""AMAT""}",,,,,,auto
2026-08-04T19:05:19+00:00,23831f78c80347a29ff2eb5f05161850,AMAT,"Applied Materials, Inc.",sell,7.0,,,blocked_by_oms,"gate allowed but OMS rejected at sign-off (resting protective order - rests GTC, so a closed session is the right time to place it rather than a reason to wait)",US,Afternoon,102081.28,40608.57,0.009768057958851927,auto
2026-08-04T19:05:19+00:00,20cd1401b5d244e5912b896653af526b,AMD,,sell,7.0,,,pending_signoff,protective stop for an unprotected position,,,,,,auto
2026-08-04T19:05:19+00:00,20cd1401b5d244e5912b896653af526b,AMD,autonomous-executor,sell,7.0,,,rejected,"broker refused: {""available"":""0"",""code"":40310000,""existing_qty"":""7"",""held_for_orders"":""7"",""message"":""insufficient qty available for order (requested: 7, available: 0)"",""related_orders"":[""bfc414c9-9371-49fb-b0ff-151efc5329f4""],""symbol"":""AMD""}",,,,,,auto
2026-08-04T19:05:19+00:00,20cd1401b5d244e5912b896653af526b,AMD,"Advanced Micro Devices, Inc.",sell,7.0,,,blocked_by_oms,"gate allowed but OMS rejected at sign-off (resting protective order - rests GTC, so a closed session is the right time to place it rather than a reason to wait)",US,Afternoon,102081.14,40608.57,0.00976667310623141,auto
2026-08-04T19:05:19+00:00,599b06c7f9004536978ad95db7beeda0,GS,,sell,7.0,,,pending_signoff,protective stop for an unprotected position,,,,,,auto
2026-08-04T19:05:20+00:00,599b06c7f9004536978ad95db7beeda0,GS,autonomous-executor,sell,7.0,,,rejected,"broker refused: {""available"":""0"",""code"":40310000,""existing_qty"":""7"",""held_for_orders"":""7"",""message"":""insufficient qty available for order (requested: 7, available: 0)"",""related_orders"":[""bb1e0d5b-23bd-4f11-8961-8931a9ccfc07""],""symbol"":""GS""}",,,,,,auto
2026-08-04T19:05:20+00:00,599b06c7f9004536978ad95db7beeda0,GS,"The Goldman Sachs Group, Inc.",sell,7.0,,,blocked_by_oms,"gate allowed but OMS rejected at sign-off (resting protective order - rests GTC, so a closed session is the right time to place it rather than a reason to wait)",US,Afternoon,102081.38,40608.57,0.009769047139295214,auto
2026-08-04T19:05:20+00:00,424736e6d20b456a815548972b9265b1,MS,,sell,82.0,,,pending_signoff,protective stop for an unprotected position,,,,,,auto
2026-08-04T19:05:20+00:00,424736e6d20b456a815548972b9265b1,MS,autonomous-executor,sell,82.0,,,rejected,"broker refused: {""available"":""0"",""code"":40310000,""existing_qty"":""82"",""held_for_orders"":""82"",""message"":""insufficient qty available for order (requested: 82, available: 0)"",""related_orders"":[""8fc541eb-e22a-44a2-9204-787212873940"",""14aa2dbb-4055-4208-865e-1fab75c0ccb4""],""symbol"":""MS""}",,,,,,auto
2026-08-04T19:05:20+00:00,424736e6d20b456a815548972b9265b1,MS,Morgan Stanley,sell,82.0,,,blocked_by_oms,"gate allowed but OMS rejected at sign-off (resting protective order - rests GTC, so a closed session is the right time to place it rather than a reason to wait)",US,Afternoon,102081.85,40608.57,0.009773696287378406,auto
2026-08-04T19:10:21+00:00,4bb7c4c99c9849298aa01052bf48fcd7,AMAT,,sell,7.0,,,pending_signoff,protective stop for an unprotected position,,,,,,auto
2026-08-04T19:10:21+00:00,4bb7c4c99c9849298aa01052bf48fcd7,AMAT,autonomous-executor,sell,7.0,,,rejected,"broker refused: {""available"":""0"",""code"":40310000,""existing_qty"":""7"",""held_for_orders"":""7"",""message"":""insufficient qty available for order (requested: 7, available: 0)"",""related_orders"":[""699407f9-8332-4d16-a822-b50391031474""],""symbol"":""AMAT""}",,,,,,auto
2026-08-04T19:10:21+00:00,4bb7c4c99c9849298aa01052bf48fcd7,AMAT,"Applied Materials, Inc.",sell,7.0,,,blocked_by_oms,"gate allowed but OMS rejected at sign-off (resting protective order - rests GTC, so a closed session is the right time to place it rather than a reason to wait)",US,Afternoon,102073.85,40608.57,0.009694561851920008,auto
2026-08-04T19:10:21+00:00,644666cccc3f4d1a82fa1bd393bc4f50,AMD,,sell,7.0,,,pending_signoff,protective stop for an unprotected position,,,,,,auto
2026-08-04T19:10:22+00:00,644666cccc3f4d1a82fa1bd393bc4f50,AMD,autonomous-executor,sell,7.0,,,rejected,"broker refused: {""available"":""0"",""code"":40310000,""existing_qty"":""7"",""held_for_orders"":""7"",""message"":""insufficient qty available for order (requested: 7, available: 0)"",""related_orders"":[""bfc414c9-9371-49fb-b0ff-151efc5329f4""],""symbol"":""AMD""}",,,,,,auto
2026-08-04T19:10:22+00:00,644666cccc3f4d1a82fa1bd393bc4f50,AMD,"Advanced Micro Devices, Inc.",sell,7.0,,,blocked_by_oms,"gate allowed but OMS rejected at sign-off (resting protective order - rests GTC, so a closed session is the right time to place it rather than a reason to wait)",US,Afternoon,102072.11,40608.57,0.009677350112207753,auto
2026-08-04T19:10:22+00:00,38679a391f894d7093c1e3480a8c90e9,GS,,sell,7.0,,,pending_signoff,protective stop for an unprotected position,,,,,,auto
2026-08-04T19:10:22+00:00,38679a391f894d7093c1e3480a8c90e9,GS,autonomous-executor,sell,7.0,,,rejected,"broker refused: {""available"":""0"",""code"":40310000,""existing_qty"":""7"",""held_for_orders"":""7"",""message"":""insufficient qty available for order (requested: 7, available: 0)"",""related_orders"":[""bb1e0d5b-23bd-4f11-8961-8931a9ccfc07""],""symbol"":""GS""}",,,,,,auto
2026-08-04T19:10:22+00:00,38679a391f894d7093c1e3480a8c90e9,GS,"The Goldman Sachs Group, Inc.",sell,7.0,,,blocked_by_oms,"gate allowed but OMS rejected at sign-off (resting protective order - rests GTC, so a closed session is the right time to place it rather than a reason to wait)",US,Afternoon,102072.67,40608.57,0.009682889522689819,auto
2026-08-04T19:10:22+00:00,28672c68fade4e88b1b29801d0fd1981,MS,,sell,82.0,,,pending_signoff,protective stop for an unprotected position,,,,,,auto
2026-08-04T19:10:23+00:00,28672c68fade4e88b1b29801d0fd1981,MS,autonomous-executor,sell,82.0,,,rejected,"broker refused: {""available"":""0"",""code"":40310000,""existing_qty"":""82"",""held_for_orders"":""82"",""message"":""insufficient qty available for order (requested: 82, available: 0)"",""related_orders"":[""8fc541eb-e22a-44a2-9204-787212873940"",""14aa2dbb-4055-4208-865e-1fab75c0ccb4""],""symbol"":""MS""}",,,,,,auto
2026-08-04T19:10:23+00:00,28672c68fade4e88b1b29801d0fd1981,MS,Morgan Stanley,sell,82.0,,,blocked_by_oms,"gate allowed but OMS rejected at sign-off (resting protective order - rests GTC, so a closed session is the right time to place it rather than a reason to wait)",US,Afternoon,102072.67,40608.57,0.009682889522689819,auto
2026-08-04T19:15:23+00:00,57ad861f3d2e4d71ac8e19f5511a0c8c,AMAT,,sell,7.0,,,pending_signoff,protective stop for an unprotected position,,,,,,auto
2026-08-04T19:15:24+00:00,57ad861f3d2e4d71ac8e19f5511a0c8c,AMAT,autonomous-executor,sell,7.0,,,rejected,"broker refused: {""available"":""0"",""code"":40310000,""existing_qty"":""7"",""held_for_orders"":""7"",""message"":""insufficient qty available for order (requested: 7, available: 0)"",""related_orders"":[""699407f9-8332-4d16-a822-b50391031474""],""symbol"":""AMAT""}",,,,,,auto
2026-08-04T19:15:24+00:00,57ad861f3d2e4d71ac8e19f5511a0c8c,AMAT,"Applied Materials, Inc.",sell,7.0,,,blocked_by_oms,"gate allowed but OMS rejected at sign-off (resting protective order - rests GTC, so a closed session is the right time to place it rather than a reason to wait)",US,Closing Session,102067.29,40608.57,0.009629671614843998,auto
2026-08-04T19:15:24+00:00,88846cd120db4daf815721f041757a81,AMD,,sell,7.0,,,pending_signoff,protective stop for an unprotected position,,,,,,auto
2026-08-04T19:15:24+00:00,88846cd120db4daf815721f041757a81,AMD,autonomous-executor,sell,7.0,,,rejected,"broker refused: {""available"":""0"",""code"":40310000,""existing_qty"":""7"",""held_for_orders"":""7"",""message"":""insufficient qty available for order (requested: 7, available: 0)"",""related_orders"":[""bfc414c9-9371-49fb-b0ff-151efc5329f4""],""symbol"":""AMD""}",,,,,,auto
2026-08-04T19:15:24+00:00,88846cd120db4daf815721f041757a81,AMD,"Advanced Micro Devices, Inc.",sell,7.0,,,blocked_by_oms,"gate allowed but OMS rejected at sign-off (resting protective order - rests GTC, so a closed session is the right time to place it rather than a reason to wait)",US,Closing Session,102065.09,40608.57,0.009607909645092968,auto
2026-08-04T19:15:24+00:00,1338af457f3945e68874e9042b11197b,GS,,sell,7.0,,,pending_signoff,protective stop for an unprotected position,,,,,,auto
2026-08-04T19:15:24+00:00,1338af457f3945e68874e9042b11197b,GS,autonomous-executor,sell,7.0,,,rejected,"broker refused: {""available"":""0"",""code"":40310000,""existing_qty"":""7"",""held_for_orders"":""7"",""message"":""insufficient qty available for order (requested: 7, available: 0)"",""related_orders"":[""bb1e0d5b-23bd-4f11-8961-8931a9ccfc07""],""symbol"":""GS""}",,,,,,auto
2026-08-04T19:15:24+00:00,1338af457f3945e68874e9042b11197b,GS,"The Goldman Sachs Group, Inc.",sell,7.0,,,blocked_by_oms,"gate allowed but OMS rejected at sign-off (resting protective order - rests GTC, so a closed session is the right time to place it rather than a reason to wait)",US,Closing Session,102064.2,40608.57,0.009599105939148226,auto
2026-08-04T19:15:24+00:00,0b9bba0b4769443a84dc84d0a9ee296b,MS,,sell,82.0,,,pending_signoff,protective stop for an unprotected position,,,,,,auto
2026-08-04T19:15:25+00:00,0b9bba0b4769443a84dc84d0a9ee296b,MS,autonomous-executor,sell,82.0,,,rejected,"broker refused: {""available"":""0"",""code"":40310000,""existing_qty"":""82"",""held_for_orders"":""82"",""message"":""insufficient qty available for order (requested: 82, available: 0)"",""related_orders"":[""8fc541eb-e22a-44a2-9204-787212873940"",""14aa2dbb-4055-4208-865e-1fab75c0ccb4""],""symbol"":""MS""}",,,,,,auto
2026-08-04T19:15:25+00:00,0b9bba0b4769443a84dc84d0a9ee296b,MS,Morgan Stanley,sell,82.0,,,blocked_by_oms,"gate allowed but OMS rejected at sign-off (resting protective order - rests GTC, so a closed session is the right time to place it rather than a reason to wait)",US,Closing Session,102059.74,40608.57,0.00955498849138025,auto
2026-08-04T19:20:25+00:00,3867b0e756c342f6befb271f114e154d,AMAT,,sell,7.0,,,pending_signoff,protective stop for an unprotected position,,,,,,auto
2026-08-04T19:20:26+00:00,3867b0e756c342f6befb271f114e154d,AMAT,autonomous-executor,sell,7.0,,,rejected,"broker refused: {""available"":""0"",""code"":40310000,""existing_qty"":""7"",""held_for_orders"":""7"",""message"":""insufficient qty available for order (requested: 7, available: 0)"",""related_orders"":[""699407f9-8332-4d16-a822-b50391031474""],""symbol"":""AMAT""}",,,,,,auto
2026-08-04T19:20:26+00:00,3867b0e756c342f6befb271f114e154d,AMAT,"Applied Materials, Inc.",sell,7.0,,,blocked_by_oms,"gate allowed but OMS rejected at sign-off (resting protective order - rests GTC, so a closed session is the right time to place it rather than a reason to wait)",US,Closing Session,102020.61,40608.57,0.009167922183944306,auto
2026-08-04T19:20:26+00:00,0f94432173d04701b677e6694ca43c9e,AMD,,sell,7.0,,,pending_signoff,protective stop for an unprotected position,,,,,,auto
2026-08-04T19:20:26+00:00,0f94432173d04701b677e6694ca43c9e,AMD,autonomous-executor,sell,7.0,,,rejected,"broker refused: {""available"":""0"",""code"":40310000,""existing_qty"":""7"",""held_for_orders"":""7"",""message"":""insufficient qty available for order (requested: 7, available: 0)"",""related_orders"":[""bfc414c9-9371-49fb-b0ff-151efc5329f4""],""symbol"":""AMD""}",,,,,,auto
2026-08-04T19:20:26+00:00,0f94432173d04701b677e6694ca43c9e,AMD,"Advanced Micro Devices, Inc.",sell,7.0,,,blocked_by_oms,"gate allowed but OMS rejected at sign-off (resting protective order - rests GTC, so a closed session is the right time to place it rather than a reason to wait)",US,Closing Session,102020.44,40608.57,0.009166240577190832,auto
2026-08-04T19:20:26+00:00,c464548d192a49a1ae04169718ecd495,GS,,sell,7.0,,,pending_signoff,protective stop for an unprotected position,,,,,,auto
2026-08-04T19:20:27+00:00,c464548d192a49a1ae04169718ecd495,GS,autonomous-executor,sell,7.0,,,rejected,"broker refused: {""available"":""0"",""code"":40310000,""existing_qty"":""7"",""held_for_orders"":""7"",""message"":""insufficient qty available for order (requested: 7, available: 0)"",""related_orders"":[""bb1e0d5b-23bd-4f11-8961-8931a9ccfc07""],""symbol"":""GS""}",,,,,,auto
2026-08-04T19:20:27+00:00,c464548d192a49a1ae04169718ecd495,GS,"The Goldman Sachs Group, Inc.",sell,7.0,,,blocked_by_oms,"gate allowed but OMS rejected at sign-off (resting protective order - rests GTC, so a closed session is the right time to place it rather than a reason to wait)",US,Closing Session,102021.01,40608.57,0.009171878905717168,auto
2026-08-04T19:20:27+00:00,0a9c90a8ac164b01988a41e8867f3296,MS,,sell,82.0,,,pending_signoff,protective stop for an unprotected position,,,,,,auto
2026-08-04T19:20:27+00:00,0a9c90a8ac164b01988a41e8867f3296,MS,autonomous-executor,sell,82.0,,,rejected,"broker refused: {""available"":""0"",""code"":40310000,""existing_qty"":""82"",""held_for_orders"":""82"",""message"":""insufficient qty available for order (requested: 82, available: 0)"",""related_orders"":[""8fc541eb-e22a-44a2-9204-787212873940"",""14aa2dbb-4055-4208-865e-1fab75c0ccb4""],""symbol"":""MS""}",,,,,,auto
2026-08-04T19:20:27+00:00,0a9c90a8ac164b01988a41e8867f3296,MS,Morgan Stanley,sell,82.0,,,blocked_by_oms,"gate allowed but OMS rejected at sign-off (resting protective order - rests GTC, so a closed session is the right time to place it rather than a reason to wait)",US,Closing Session,102018.45,40608.57,0.009146555886370504,auto
2026-08-04T19:25:28+00:00,4f36da0d567a41c28299bb1e60fe0ccb,AMAT,,sell,7.0,,,pending_signoff,protective stop for an unprotected position,,,,,,auto
2026-08-04T19:25:28+00:00,4f36da0d567a41c28299bb1e60fe0ccb,AMAT,autonomous-executor,sell,7.0,,,rejected,"broker refused: {""available"":""0"",""code"":40310000,""existing_qty"":""7"",""held_for_orders"":""7"",""message"":""insufficient qty available for order (requested: 7, available: 0)"",""related_orders"":[""699407f9-8332-4d16-a822-b50391031474""],""symbol"":""AMAT""}",,,,,,auto
2026-08-04T19:25:28+00:00,4f36da0d567a41c28299bb1e60fe0ccb,AMAT,"Applied Materials, Inc.",sell,7.0,,,blocked_by_oms,"gate allowed but OMS rejected at sign-off (resting protective order - rests GTC, so a closed session is the right time to place it rather than a reason to wait)",US,Closing Session,102003.28,40608.57,0.00899649721313253,auto
2026-08-04T19:25:28+00:00,8dd6651503bb4946942d458b3517e640,AMD,,sell,7.0,,,pending_signoff,protective stop for an unprotected position,,,,,,auto
2026-08-04T19:25:29+00:00,8dd6651503bb4946942d458b3517e640,AMD,autonomous-executor,sell,7.0,,,rejected,"broker refused: {""available"":""0"",""code"":40310000,""existing_qty"":""7"",""held_for_orders"":""7"",""message"":""insufficient qty available for order (requested: 7, available: 0)"",""related_orders"":[""bfc414c9-9371-49fb-b0ff-151efc5329f4""],""symbol"":""AMD""}",,,,,,auto
2026-08-04T19:25:29+00:00,8dd6651503bb4946942d458b3517e640,AMD,"Advanced Micro Devices, Inc.",sell,7.0,,,blocked_by_oms,"gate allowed but OMS rejected at sign-off (resting protective order - rests GTC, so a closed session is the right time to place it rather than a reason to wait)",US,Closing Session,102003.28,40608.57,0.00899649721313253,auto
2026-08-04T19:25:29+00:00,81bc9373d43c45c981cb6f0051331fab,GS,,sell,7.0,,,pending_signoff,protective stop for an unprotected position,,,,,,auto
2026-08-04T19:25:29+00:00,81bc9373d43c45c981cb6f0051331fab,GS,autonomous-executor,sell,7.0,,,rejected,"broker refused: {""available"":""0"",""code"":40310000,""existing_qty"":""7"",""held_for_orders"":""7"",""message"":""insufficient qty available for order (requested: 7, available: 0)"",""related_orders"":[""bb1e0d5b-23bd-4f11-8961-8931a9ccfc07""],""symbol"":""GS""}",,,,,,auto
2026-08-04T19:25:29+00:00,81bc9373d43c45c981cb6f0051331fab,GS,"The Goldman Sachs Group, Inc.",sell,7.0,,,blocked_by_oms,"gate allowed but OMS rejected at sign-off (resting protective order - rests GTC, so a closed session is the right time to place it rather than a reason to wait)",US,Closing Session,102001.93,40608.57,0.008983143277148869,auto
2026-08-04T19:25:29+00:00,f3f2962bd5024dca8c5aea401073d293,MS,,sell,82.0,,,pending_signoff,protective stop for an unprotected position,,,,,,auto
2026-08-04T19:25:29+00:00,f3f2962bd5024dca8c5aea401073d293,MS,autonomous-executor,sell,82.0,,,rejected,"broker refused: {""available"":""0"",""code"":40310000,""existing_qty"":""82"",""held_for_orders"":""82"",""message"":""insufficient qty available for order (requested: 82, available: 0)"",""related_orders"":[""8fc541eb-e22a-44a2-9204-787212873940"",""14aa2dbb-4055-4208-865e-1fab75c0ccb4""],""symbol"":""MS""}",,,,,,auto
2026-08-04T19:25:29+00:00,f3f2962bd5024dca8c5aea401073d293,MS,Morgan Stanley,sell,82.0,,,blocked_by_oms,"gate allowed but OMS rejected at sign-off (resting protective order - rests GTC, so a closed session is the right time to place it rather than a reason to wait)",US,Closing Session,101997.05,40608.57,0.008934871271519342,auto
2026-08-04T19:30:30+00:00,77b2b7a54a274dd1ad7f2f3f3b49cb99,AMAT,,sell,7.0,,,pending_signoff,protective stop for an unprotected position,,,,,,auto
2026-08-04T19:30:30+00:00,77b2b7a54a274dd1ad7f2f3f3b49cb99,AMAT,autonomous-executor,sell,7.0,,,rejected,"broker refused: {""available"":""0"",""code"":40310000,""existing_qty"":""7"",""held_for_orders"":""7"",""message"":""insufficient qty available for order (requested: 7, available: 0)"",""related_orders"":[""699407f9-8332-4d16-a822-b50391031474""],""symbol"":""AMAT""}",,,,,,auto
2026-08-04T19:30:30+00:00,77b2b7a54a274dd1ad7f2f3f3b49cb99,AMAT,"Applied Materials, Inc.",sell,7.0,,,blocked_by_oms,"gate allowed but OMS rejected at sign-off (resting protective order - rests GTC, so a closed session is the right time to place it rather than a reason to wait)",US,Closing Session,101949.69,40608.57,0.008466395413605611,auto
2026-08-04T19:30:30+00:00,5c131d3b90364b98bd15e1d35c03b101,AMD,,sell,7.0,,,pending_signoff,protective stop for an unprotected position,,,,,,auto
2026-08-04T19:30:31+00:00,5c131d3b90364b98bd15e1d35c03b101,AMD,autonomous-executor,sell,7.0,,,rejected,"broker refused: {""available"":""0"",""code"":40310000,""existing_qty"":""7"",""held_for_orders"":""7"",""message"":""insufficient qty available for order (requested: 7, available: 0)"",""related_orders"":[""bfc414c9-9371-49fb-b0ff-151efc5329f4""],""symbol"":""AMD""}",,,,,,auto
2026-08-04T19:30:31+00:00,5c131d3b90364b98bd15e1d35c03b101,AMD,"Advanced Micro Devices, Inc.",sell,7.0,,,blocked_by_oms,"gate allowed but OMS rejected at sign-off (resting protective order - rests GTC, so a closed session is the right time to place it rather than a reason to wait)",US,Closing Session,101950.02,40608.57,0.008469659709068288,auto
2026-08-04T19:30:31+00:00,4b0ef6e4d8ed41c38203aeec5398f66b,GS,,sell,7.0,,,pending_signoff,protective stop for an unprotected position,,,,,,auto
2026-08-04T19:30:31+00:00,4b0ef6e4d8ed41c38203aeec5398f66b,GS,autonomous-executor,sell,7.0,,,rejected,"broker refused: {""available"":""0"",""code"":40310000,""existing_qty"":""7"",""held_for_orders"":""7"",""message"":""insufficient qty available for order (requested: 7, available: 0)"",""related_orders"":[""bb1e0d5b-23bd-4f11-8961-8931a9ccfc07""],""symbol"":""GS""}",,,,,,auto
2026-08-04T19:30:31+00:00,4b0ef6e4d8ed41c38203aeec5398f66b,GS,"The Goldman Sachs Group, Inc.",sell,7.0,,,blocked_by_oms,"gate allowed but OMS rejected at sign-off (resting protective order - rests GTC, so a closed session is the right time to place it rather than a reason to wait)",US,Closing Session,101950.41,40608.57,0.008473517512796878,auto
2026-08-04T19:30:31+00:00,2c319d14bcb3452a922c6df2e6b33f56,MS,,sell,82.0,,,pending_signoff,protective stop for an unprotected position,,,,,,auto
2026-08-04T19:30:32+00:00,2c319d14bcb3452a922c6df2e6b33f56,MS,autonomous-executor,sell,82.0,,,rejected,"broker refused: {""available"":""0"",""code"":40310000,""existing_qty"":""82"",""held_for_orders"":""82"",""message"":""insufficient qty available for order (requested: 82, available: 0)"",""related_orders"":[""8fc541eb-e22a-44a2-9204-787212873940"",""14aa2dbb-4055-4208-865e-1fab75c0ccb4""],""symbol"":""MS""}",,,,,,auto
2026-08-04T19:30:32+00:00,2c319d14bcb3452a922c6df2e6b33f56,MS,Morgan Stanley,sell,82.0,,,blocked_by_oms,"gate allowed but OMS rejected at sign-off (resting protective order - rests GTC, so a closed session is the right time to place it rather than a reason to wait)",US,Closing Session,101951.76,40608.57,0.008486871448780397,auto
2026-08-04T19:35:32+00:00,f5b453ae6e8f48ac92ab16e941ae37f2,AMAT,,sell,7.0,,,pending_signoff,protective stop for an unprotected position,,,,,,auto
2026-08-04T19:35:33+00:00,f5b453ae6e8f48ac92ab16e941ae37f2,AMAT,autonomous-executor,sell,7.0,,,rejected,"broker refused: {""available"":""0"",""code"":40310000,""existing_qty"":""7"",""held_for_orders"":""7"",""message"":""insufficient qty available for order (requested: 7, available: 0)"",""related_orders"":[""699407f9-8332-4d16-a822-b50391031474""],""symbol"":""AMAT""}",,,,,,auto
2026-08-04T19:35:33+00:00,f5b453ae6e8f48ac92ab16e941ae37f2,AMAT,"Applied Materials, Inc.",sell,7.0,,,blocked_by_oms,"gate allowed but OMS rejected at sign-off (resting protective order - rests GTC, so a closed session is the right time to place it rather than a reason to wait)",US,Closing Session,101915.41,40608.57,0.008127304357666381,auto
2026-08-04T19:35:33+00:00,64edf86677a94c4685e5d1b012f8933f,AMD,,sell,7.0,,,pending_signoff,protective stop for an unprotected position,,,,,,auto
2026-08-04T19:35:33+00:00,64edf86677a94c4685e5d1b012f8933f,AMD,autonomous-executor,sell,7.0,,,rejected,"broker refused: {""available"":""0"",""code"":40310000,""existing_qty"":""7"",""held_for_orders"":""7"",""message"":""insufficient qty available for order (requested: 7, available: 0)"",""related_orders"":[""bfc414c9-9371-49fb-b0ff-151efc5329f4""],""symbol"":""AMD""}",,,,,,auto
2026-08-04T19:35:33+00:00,64edf86677a94c4685e5d1b012f8933f,AMD,"Advanced Micro Devices, Inc.",sell,7.0,,,blocked_by_oms,"gate allowed but OMS rejected at sign-off (resting protective order - rests GTC, so a closed session is the right time to place it rather than a reason to wait)",US,Closing Session,101913.15,40608.57,0.00810494887964929,auto
2026-08-04T19:35:33+00:00,400db2bf49104ffc9548266bcbc5fd63,GS,,sell,7.0,,,pending_signoff,protective stop for an unprotected position,,,,,,auto
2026-08-04T19:35:34+00:00,400db2bf49104ffc9548266bcbc5fd63,GS,autonomous-executor,sell,7.0,,,rejected,"broker refused: {""available"":""0"",""code"":40310000,""existing_qty"":""7"",""held_for_orders"":""7"",""message"":""insufficient qty available for order (requested: 7, available: 0)"",""related_orders"":[""bb1e0d5b-23bd-4f11-8961-8931a9ccfc07""],""symbol"":""GS""}",,,,,,auto
2026-08-04T19:35:34+00:00,400db2bf49104ffc9548266bcbc5fd63,GS,"The Goldman Sachs Group, Inc.",sell,7.0,,,blocked_by_oms,"gate allowed but OMS rejected at sign-off (resting protective order - rests GTC, so a closed session is the right time to place it rather than a reason to wait)",US,Closing Session,101908.77,40608.57,0.008061622776235915,auto
2026-08-04T19:35:34+00:00,d356f585b2634f27842c23e7db4d1587,MS,,sell,82.0,,,pending_signoff,protective stop for an unprotected position,,,,,,auto
2026-08-04T19:35:34+00:00,d356f585b2634f27842c23e7db4d1587,MS,autonomous-executor,sell,82.0,,,rejected,"broker refused: {""available"":""0"",""code"":40310000,""existing_qty"":""82"",""held_for_orders"":""82"",""message"":""insufficient qty available for order (requested: 82, available: 0)"",""related_orders"":[""8fc541eb-e22a-44a2-9204-787212873940"",""14aa2dbb-4055-4208-865e-1fab75c0ccb4""],""symbol"":""MS""}",,,,,,auto
2026-08-04T19:35:34+00:00,d356f585b2634f27842c23e7db4d1587,MS,Morgan Stanley,sell,82.0,,,blocked_by_oms,"gate allowed but OMS rejected at sign-off (resting protective order - rests GTC, so a closed session is the right time to place it rather than a reason to wait)",US,Closing Session,101909.53,40608.57,0.00806914054760441,auto
2026-08-04T19:40:35+00:00,2f6402b60ee8480482f6767d591915e6,AMAT,,sell,7.0,,,pending_signoff,protective stop for an unprotected position,,,,,,auto
2026-08-04T19:40:36+00:00,2f6402b60ee8480482f6767d591915e6,AMAT,autonomous-executor,sell,7.0,,,rejected,"broker refused: {""available"":""0"",""code"":40310000,""existing_qty"":""7"",""held_for_orders"":""7"",""message"":""insufficient qty available for order (requested: 7, available: 0)"",""related_orders"":[""699407f9-8332-4d16-a822-b50391031474""],""symbol"":""AMAT""}",,,,,,auto
2026-08-04T19:40:36+00:00,2f6402b60ee8480482f6767d591915e6,AMAT,"Applied Materials, Inc.",sell,7.0,,,blocked_by_oms,"gate allowed but OMS rejected at sign-off (resting protective order - rests GTC, so a closed session is the right time to place it rather than a reason to wait)",US,Closing Session,101987.46,40608.57,0.00884000886701362,auto
2026-08-04T19:40:36+00:00,0e145ead53aa493db3e7210384e8b571,AMD,,sell,7.0,,,pending_signoff,protective stop for an unprotected position,,,,,,auto
2026-08-04T19:40:36+00:00,0e145ead53aa493db3e7210384e8b571,AMD,autonomous-executor,sell,7.0,,,rejected,"broker refused: {""available"":""0"",""code"":40310000,""existing_qty"":""7"",""held_for_orders"":""7"",""message"":""insufficient qty available for order (requested: 7, available: 0)"",""related_orders"":[""bfc414c9-9371-49fb-b0ff-151efc5329f4""],""symbol"":""AMD""}",,,,,,auto
2026-08-04T19:40:36+00:00,0e145ead53aa493db3e7210384e8b571,AMD,"Advanced Micro Devices, Inc.",sell,7.0,,,blocked_by_oms,"gate allowed but OMS rejected at sign-off (resting protective order - rests GTC, so a closed session is the right time to place it rather than a reason to wait)",US,Closing Session,101987.98,40608.57,0.008845152605318313,auto
2026-08-04T19:40:36+00:00,2e0e0beb29944d8b898ce2a9cc2c4f85,GS,,sell,7.0,,,pending_signoff,protective stop for an unprotected position,,,,,,auto
2026-08-04T19:40:37+00:00,2e0e0beb29944d8b898ce2a9cc2c4f85,GS,autonomous-executor,sell,7.0,,,rejected,"broker refused: {""available"":""0"",""code"":40310000,""existing_qty"":""7"",""held_for_orders"":""7"",""message"":""insufficient qty available for order (requested: 7, available: 0)"",""related_orders"":[""bb1e0d5b-23bd-4f11-8961-8931a9ccfc07""],""symbol"":""GS""}",,,,,,auto
2026-08-04T19:40:37+00:00,2e0e0beb29944d8b898ce2a9cc2c4f85,GS,"The Goldman Sachs Group, Inc.",sell,7.0,,,blocked_by_oms,"gate allowed but OMS rejected at sign-off (resting protective order - rests GTC, so a closed session is the right time to place it rather than a reason to wait)",US,Closing Session,101987.67,40608.57,0.008842086145944323,auto
2026-08-04T19:40:37+00:00,4941fb53ee89406c9246594a2a84a456,MS,,sell,82.0,,,pending_signoff,protective stop for an unprotected position,,,,,,auto
2026-08-04T19:40:37+00:00,4941fb53ee89406c9246594a2a84a456,MS,autonomous-executor,sell,82.0,,,rejected,"broker refused: {""available"":""0"",""code"":40310000,""existing_qty"":""82"",""held_for_orders"":""82"",""message"":""insufficient qty available for order (requested: 82, available: 0)"",""related_orders"":[""8fc541eb-e22a-44a2-9204-787212873940"",""14aa2dbb-4055-4208-865e-1fab75c0ccb4""],""symbol"":""MS""}",,,,,,auto
2026-08-04T19:40:37+00:00,4941fb53ee89406c9246594a2a84a456,MS,Morgan Stanley,sell,82.0,,,blocked_by_oms,"gate allowed but OMS rejected at sign-off (resting protective order - rests GTC, so a closed session is the right time to place it rather than a reason to wait)",US,Closing Session,101986.98,40608.57,0.008835260800886013,auto
2026-08-04T19:45:37+00:00,52f53e3a037440f6b99f87299ff16b1c,AMAT,,sell,7.0,,,pending_signoff,protective stop for an unprotected position,,,,,,auto
2026-08-04T19:45:38+00:00,52f53e3a037440f6b99f87299ff16b1c,AMAT,autonomous-executor,sell,7.0,,,rejected,"broker refused: {""available"":""0"",""code"":40310000,""existing_qty"":""7"",""held_for_orders"":""7"",""message"":""insufficient qty available for order (requested: 7, available: 0)"",""related_orders"":[""699407f9-8332-4d16-a822-b50391031474""],""symbol"":""AMAT""}",,,,,,auto
2026-08-04T19:45:38+00:00,52f53e3a037440f6b99f87299ff16b1c,AMAT,"Applied Materials, Inc.",sell,7.0,,,blocked_by_oms,"gate allowed but OMS rejected at sign-off (resting protective order - rests GTC, so a closed session is the right time to place it rather than a reason to wait)",US,Closing Session,101984.42,40608.57,0.008809937781539347,auto
2026-08-04T19:45:38+00:00,6d147458aa3f4ce58073ef081af683ab,AMD,,sell,7.0,,,pending_signoff,protective stop for an unprotected position,,,,,,auto
2026-08-04T19:45:38+00:00,6d147458aa3f4ce58073ef081af683ab,AMD,autonomous-executor,sell,7.0,,,rejected,"broker refused: {""available"":""0"",""code"":40310000,""existing_qty"":""7"",""held_for_orders"":""7"",""message"":""insufficient qty available for order (requested: 7, available: 0)"",""related_orders"":[""bfc414c9-9371-49fb-b0ff-151efc5329f4""],""symbol"":""AMD""}",,,,,,auto
2026-08-04T19:45:38+00:00,6d147458aa3f4ce58073ef081af683ab,AMD,"Advanced Micro Devices, Inc.",sell,7.0,,,blocked_by_oms,"gate allowed but OMS rejected at sign-off (resting protective order - rests GTC, so a closed session is the right time to place it rather than a reason to wait)",US,Closing Session,101985.22,40608.57,0.008817851225085216,auto
2026-08-04T19:45:38+00:00,350ca49615604739a4c7df2603fcf68a,GS,,sell,7.0,,,pending_signoff,protective stop for an unprotected position,,,,,,auto
2026-08-04T19:45:39+00:00,350ca49615604739a4c7df2603fcf68a,GS,autonomous-executor,sell,7.0,,,rejected,"broker refused: {""available"":""0"",""code"":40310000,""existing_qty"":""7"",""held_for_orders"":""7"",""message"":""insufficient qty available for order (requested: 7, available: 0)"",""related_orders"":[""bb1e0d5b-23bd-4f11-8961-8931a9ccfc07""],""symbol"":""GS""}",,,,,,auto
2026-08-04T19:45:39+00:00,350ca49615604739a4c7df2603fcf68a,GS,"The Goldman Sachs Group, Inc.",sell,7.0,,,blocked_by_oms,"gate allowed but OMS rejected at sign-off (resting protective order - rests GTC, so a closed session is the right time to place it rather than a reason to wait)",US,Closing Session,101985.22,40608.57,0.008817851225085216,auto
2026-08-04T19:45:39+00:00,e8ff0b113e144ec6bd57af73983a1296,MS,,sell,82.0,,,pending_signoff,protective stop for an unprotected position,,,,,,auto
2026-08-04T19:45:39+00:00,e8ff0b113e144ec6bd57af73983a1296,MS,autonomous-executor,sell,82.0,,,rejected,"broker refused: {""available"":""0"",""code"":40310000,""existing_qty"":""82"",""held_for_orders"":""82"",""message"":""insufficient qty available for order (requested: 82, available: 0)"",""related_orders"":[""8fc541eb-e22a-44a2-9204-787212873940"",""14aa2dbb-4055-4208-865e-1fab75c0ccb4""],""symbol"":""MS""}",,,,,,auto
2026-08-04T19:45:39+00:00,e8ff0b113e144ec6bd57af73983a1296,MS,Morgan Stanley,sell,82.0,,,blocked_by_oms,"gate allowed but OMS rejected at sign-off (resting protective order - rests GTC, so a closed session is the right time to place it rather than a reason to wait)",US,Closing Session,101984.18,40608.57,0.008807563748475545,auto
2026-08-04T19:50:40+00:00,5edfbf8189ac4f15b8e06b06f7dceafb,AMAT,,sell,7.0,,,pending_signoff,protective stop for an unprotected position,,,,,,auto
2026-08-04T19:50:40+00:00,5edfbf8189ac4f15b8e06b06f7dceafb,AMAT,autonomous-executor,sell,7.0,,,rejected,"broker refused: {""available"":""0"",""code"":40310000,""existing_qty"":""7"",""held_for_orders"":""7"",""message"":""insufficient qty available for order (requested: 7, available: 0)"",""related_orders"":[""699407f9-8332-4d16-a822-b50391031474""],""symbol"":""AMAT""}",,,,,,auto
2026-08-04T19:50:40+00:00,5edfbf8189ac4f15b8e06b06f7dceafb,AMAT,"Applied Materials, Inc.",sell,7.0,,,blocked_by_oms,"gate allowed but OMS rejected at sign-off (resting protective order - rests GTC, so a closed session is the right time to place it rather than a reason to wait)",US,Closing Session,101983.7,40608.57,0.008802815682348081,auto
2026-08-04T19:50:40+00:00,43669f14aec343de985046a07d29a54b,AMD,,sell,7.0,,,pending_signoff,protective stop for an unprotected position,,,,,,auto
2026-08-04T19:50:41+00:00,43669f14aec343de985046a07d29a54b,AMD,autonomous-executor,sell,7.0,,,rejected,"broker refused: {""available"":""0"",""code"":40310000,""existing_qty"":""7"",""held_for_orders"":""7"",""message"":""insufficient qty available for order (requested: 7, available: 0)"",""related_orders"":[""bfc414c9-9371-49fb-b0ff-151efc5329f4""],""symbol"":""AMD""}",,,,,,auto
2026-08-04T19:50:41+00:00,43669f14aec343de985046a07d29a54b,AMD,"Advanced Micro Devices, Inc.",sell,7.0,,,blocked_by_oms,"gate allowed but OMS rejected at sign-off (resting protective order - rests GTC, so a closed session is the right time to place it rather than a reason to wait)",US,Closing Session,101982.8,40608.57,0.008793913058359068,auto
2026-08-04T19:50:41+00:00,745e111b6f6f4b0e9d0f3e6444cab349,GS,,sell,7.0,,,pending_signoff,protective stop for an unprotected position,,,,,,auto
2026-08-04T19:50:41+00:00,745e111b6f6f4b0e9d0f3e6444cab349,GS,autonomous-executor,sell,7.0,,,rejected,"broker refused: {""available"":""0"",""code"":40310000,""existing_qty"":""7"",""held_for_orders"":""7"",""message"":""insufficient qty available for order (requested: 7, available: 0)"",""related_orders"":[""bb1e0d5b-23bd-4f11-8961-8931a9ccfc07""],""symbol"":""GS""}",,,,,,auto
2026-08-04T19:50:41+00:00,745e111b6f6f4b0e9d0f3e6444cab349,GS,"The Goldman Sachs Group, Inc.",sell,7.0,,,blocked_by_oms,"gate allowed but OMS rejected at sign-off (resting protective order - rests GTC, so a closed session is the right time to place it rather than a reason to wait)",US,Closing Session,101982.51,40608.57,0.00879104443507362,auto
2026-08-04T19:50:41+00:00,f9fbc9424125469a8781dcec6abfe84f,MS,,sell,82.0,,,pending_signoff,protective stop for an unprotected position,,,,,,auto
2026-08-04T19:50:41+00:00,f9fbc9424125469a8781dcec6abfe84f,MS,autonomous-executor,sell,82.0,,,rejected,"broker refused: {""available"":""0"",""code"":40310000,""existing_qty"":""82"",""held_for_orders"":""82"",""message"":""insufficient qty available for order (requested: 82, available: 0)"",""related_orders"":[""8fc541eb-e22a-44a2-9204-787212873940"",""14aa2dbb-4055-4208-865e-1fab75c0ccb4""],""symbol"":""MS""}",,,,,,auto
2026-08-04T19:50:41+00:00,f9fbc9424125469a8781dcec6abfe84f,MS,Morgan Stanley,sell,82.0,,,blocked_by_oms,"gate allowed but OMS rejected at sign-off (resting protective order - rests GTC, so a closed session is the right time to place it rather than a reason to wait)",US,Closing Session,101987.22,40608.57,0.008837634833949816,auto
2026-08-04T19:55:42+00:00,3fa2fb07ead3488294eb46203b8361a0,AMAT,,sell,7.0,,,pending_signoff,protective stop for an unprotected position,,,,,,auto
2026-08-04T19:55:42+00:00,3fa2fb07ead3488294eb46203b8361a0,AMAT,autonomous-executor,sell,7.0,,,rejected,"broker refused: {""available"":""0"",""code"":40310000,""existing_qty"":""7"",""held_for_orders"":""7"",""message"":""insufficient qty available for order (requested: 7, available: 0)"",""related_orders"":[""699407f9-8332-4d16-a822-b50391031474""],""symbol"":""AMAT""}",,,,,,auto
2026-08-04T19:55:42+00:00,3fa2fb07ead3488294eb46203b8361a0,AMAT,"Applied Materials, Inc.",sell,7.0,,,blocked_by_oms,"gate allowed but OMS rejected at sign-off (resting protective order - rests GTC, so a closed session is the right time to place it rather than a reason to wait)",US,Closing Session,101939.93,40608.57,0.008369851402346272,auto
2026-08-04T19:55:42+00:00,0c8a126f9d2f44979635827772a868e6,AMD,,sell,7.0,,,pending_signoff,protective stop for an unprotected position,,,,,,auto
2026-08-04T19:55:43+00:00,0c8a126f9d2f44979635827772a868e6,AMD,autonomous-executor,sell,7.0,,,rejected,"broker refused: {""available"":""0"",""code"":40310000,""existing_qty"":""7"",""held_for_orders"":""7"",""message"":""insufficient qty available for order (requested: 7, available: 0)"",""related_orders"":[""bfc414c9-9371-49fb-b0ff-151efc5329f4""],""symbol"":""AMD""}",,,,,,auto
2026-08-04T19:55:43+00:00,0c8a126f9d2f44979635827772a868e6,AMD,"Advanced Micro Devices, Inc.",sell,7.0,,,blocked_by_oms,"gate allowed but OMS rejected at sign-off (resting protective order - rests GTC, so a closed session is the right time to place it rather than a reason to wait)",US,Closing Session,101937.13,40608.57,0.008342154349935947,auto
2026-08-04T19:55:43+00:00,1808e5c036b9498787a8ef8ac33e1bde,GS,,sell,7.0,,,pending_signoff,protective stop for an unprotected position,,,,,,auto
2026-08-04T19:55:43+00:00,1808e5c036b9498787a8ef8ac33e1bde,GS,autonomous-executor,sell,7.0,,,rejected,"broker refused: {""available"":""0"",""code"":40310000,""existing_qty"":""7"",""held_for_orders"":""7"",""message"":""insufficient qty available for order (requested: 7, available: 0)"",""related_orders"":[""bb1e0d5b-23bd-4f11-8961-8931a9ccfc07""],""symbol"":""GS""}",,,,,,auto
2026-08-04T19:55:43+00:00,1808e5c036b9498787a8ef8ac33e1bde,GS,"The Goldman Sachs Group, Inc.",sell,7.0,,,blocked_by_oms,"gate allowed but OMS rejected at sign-off (resting protective order - rests GTC, so a closed session is the right time to place it rather than a reason to wait)",US,Closing Session,101935.45,40608.57,0.008325536118489608,auto
2026-08-04T19:55:43+00:00,50362cdbaba448239970d44d18cba4de,MS,,sell,82.0,,,pending_signoff,protective stop for an unprotected position,,,,,,auto
2026-08-04T19:55:44+00:00,50362cdbaba448239970d44d18cba4de,MS,autonomous-executor,sell,82.0,,,rejected,"broker refused: {""available"":""0"",""code"":40310000,""existing_qty"":""82"",""held_for_orders"":""82"",""message"":""insufficient qty available for order (requested: 82, available: 0)"",""related_orders"":[""8fc541eb-e22a-44a2-9204-787212873940"",""14aa2dbb-4055-4208-865e-1fab75c0ccb4""],""symbol"":""MS""}",,,,,,auto
2026-08-04T19:55:44+00:00,50362cdbaba448239970d44d18cba4de,MS,Morgan Stanley,sell,82.0,,,blocked_by_oms,"gate allowed but OMS rejected at sign-off (resting protective order - rests GTC, so a closed session is the right time to place it rather than a reason to wait)",US,Closing Session,101935.73,40608.57,0.00832830582373064,auto
2026-08-04T20:00:44+00:00,0218233300a9421aa01693aa0e687935,AMAT,,sell,7.0,,,pending_signoff,protective stop for an unprotected position,,,,,,auto
2026-08-04T20:00:45+00:00,0218233300a9421aa01693aa0e687935,AMAT,autonomous-executor,sell,7.0,,,rejected,"broker refused: {""available"":""0"",""code"":40310000,""existing_qty"":""7"",""held_for_orders"":""7"",""message"":""insufficient qty available for order (requested: 7, available: 0)"",""related_orders"":[""699407f9-8332-4d16-a822-b50391031474""],""symbol"":""AMAT""}",,,,,,auto
2026-08-04T20:00:45+00:00,0218233300a9421aa01693aa0e687935,AMAT,"Applied Materials, Inc.",sell,7.0,,,blocked_by_oms,"gate allowed but OMS rejected at sign-off (resting protective order - rests GTC, so a closed session is the right time to place it rather than a reason to wait)",US,,101925.29,40608.57,0.008225035385457406,auto
2026-08-04T20:00:45+00:00,667a1338d71647aa93a774a8b049c079,AMD,,sell,7.0,,,pending_signoff,protective stop for an unprotected position,,,,,,auto
2026-08-04T20:00:45+00:00,667a1338d71647aa93a774a8b049c079,AMD,autonomous-executor,sell,7.0,,,rejected,"broker refused: {""available"":""0"",""code"":40310000,""existing_qty"":""7"",""held_for_orders"":""7"",""message"":""insufficient qty available for order (requested: 7, available: 0)"",""related_orders"":[""bfc414c9-9371-49fb-b0ff-151efc5329f4""],""symbol"":""AMD""}",,,,,,auto
2026-08-04T20:00:45+00:00,667a1338d71647aa93a774a8b049c079,AMD,"Advanced Micro Devices, Inc.",sell,7.0,,,blocked_by_oms,"gate allowed but OMS rejected at sign-off (resting protective order - rests GTC, so a closed session is the right time to place it rather than a reason to wait)",US,,101925.29,40608.57,0.008225035385457406,auto
2026-08-04T20:00:45+00:00,7e7bb4413410437e8a86fc16afb5252a,GS,,sell,7.0,,,pending_signoff,protective stop for an unprotected position,,,,,,auto
2026-08-04T20:00:46+00:00,7e7bb4413410437e8a86fc16afb5252a,GS,autonomous-executor,sell,7.0,,,rejected,"broker refused: {""available"":""0"",""code"":40310000,""existing_qty"":""7"",""held_for_orders"":""7"",""message"":""insufficient qty available for order (requested: 7, available: 0)"",""related_orders"":[""bb1e0d5b-23bd-4f11-8961-8931a9ccfc07""],""symbol"":""GS""}",,,,,,auto
2026-08-04T20:00:46+00:00,7e7bb4413410437e8a86fc16afb5252a,GS,"The Goldman Sachs Group, Inc.",sell,7.0,,,blocked_by_oms,"gate allowed but OMS rejected at sign-off (resting protective order - rests GTC, so a closed session is the right time to place it rather than a reason to wait)",US,,101925.29,40608.57,0.008225035385457406,auto
2026-08-04T20:00:46+00:00,a49119b857af4a88a768ad958f32e23c,MS,,sell,82.0,,,pending_signoff,protective stop for an unprotected position,,,,,,auto
2026-08-04T20:00:46+00:00,a49119b857af4a88a768ad958f32e23c,MS,autonomous-executor,sell,82.0,,,rejected,"broker refused: {""available"":""0"",""code"":40310000,""existing_qty"":""82"",""held_for_orders"":""82"",""message"":""insufficient qty available for order (requested: 82, available: 0)"",""related_orders"":[""8fc541eb-e22a-44a2-9204-787212873940"",""14aa2dbb-4055-4208-865e-1fab75c0ccb4""],""symbol"":""MS""}",,,,,,auto
2026-08-04T20:00:46+00:00,a49119b857af4a88a768ad958f32e23c,MS,Morgan Stanley,sell,82.0,,,blocked_by_oms,"gate allowed but OMS rejected at sign-off (resting protective order - rests GTC, so a closed session is the right time to place it rather than a reason to wait)",US,,101917.5,40608.57,0.008147978228929853,auto
2026-08-04T20:05:47+00:00,85298ad171074f668220399d2c95fdb4,AMAT,,sell,7.0,,,pending_signoff,protective stop for an unprotected position,,,,,,auto
2026-08-04T20:05:47+00:00,85298ad171074f668220399d2c95fdb4,AMAT,autonomous-executor,sell,7.0,,,rejected,"broker refused: {""available"":""0"",""code"":40310000,""existing_qty"":""7"",""held_for_orders"":""7"",""message"":""insufficient qty available for order (requested: 7, available: 0)"",""related_orders"":[""699407f9-8332-4d16-a822-b50391031474""],""symbol"":""AMAT""}",,,,,,auto
2026-08-04T20:05:47+00:00,85298ad171074f668220399d2c95fdb4,AMAT,"Applied Materials, Inc.",sell,7.0,,,blocked_by_oms,"gate allowed but OMS rejected at sign-off (resting protective order - rests GTC, so a closed session is the right time to place it rather than a reason to wait)",US,,101994.13,40608.57,0.008905987202577044,auto
2026-08-04T20:05:47+00:00,b2a2a451089c43d088a2d31ffe36b538,AMD,,sell,7.0,,,pending_signoff,protective stop for an unprotected position,,,,,,auto
2026-08-04T20:05:48+00:00,b2a2a451089c43d088a2d31ffe36b538,AMD,autonomous-executor,sell,7.0,,,rejected,"broker refused: {""available"":""0"",""code"":40310000,""existing_qty"":""7"",""held_for_orders"":""7"",""message"":""insufficient qty available for order (requested: 7, available: 0)"",""related_orders"":[""bfc414c9-9371-49fb-b0ff-151efc5329f4""],""symbol"":""AMD""}",,,,,,auto
2026-08-04T20:05:48+00:00,b2a2a451089c43d088a2d31ffe36b538,AMD,"Advanced Micro Devices, Inc.",sell,7.0,,,blocked_by_oms,"gate allowed but OMS rejected at sign-off (resting protective order - rests GTC, so a closed session is the right time to place it rather than a reason to wait)",US,,101997.56,40608.57,0.008939916091779763,auto
2026-08-04T20:05:48+00:00,2ab3f8d3773243fcbb409fba3d4acb12,GS,,sell,7.0,,,pending_signoff,protective stop for an unprotected position,,,,,,auto
2026-08-04T20:05:48+00:00,2ab3f8d3773243fcbb409fba3d4acb12,GS,autonomous-executor,sell,7.0,,,rejected,"broker refused: {""available"":""0"",""code"":40310000,""existing_qty"":""7"",""held_for_orders"":""7"",""message"":""insufficient qty available for order (requested: 7, available: 0)"",""related_orders"":[""bb1e0d5b-23bd-4f11-8961-8931a9ccfc07""],""symbol"":""GS""}",,,,,,auto
2026-08-04T20:05:48+00:00,2ab3f8d3773243fcbb409fba3d4acb12,GS,"The Goldman Sachs Group, Inc.",sell,7.0,,,blocked_by_oms,"gate allowed but OMS rejected at sign-off (resting protective order - rests GTC, so a closed session is the right time to place it rather than a reason to wait)",US,,102002.69,40608.57,0.008990661048517508,auto
2026-08-04T20:05:48+00:00,d9cda79ec0744104964f8e309fc576f8,MS,,sell,82.0,,,pending_signoff,protective stop for an unprotected position,,,,,,auto
2026-08-04T20:05:49+00:00,d9cda79ec0744104964f8e309fc576f8,MS,autonomous-executor,sell,82.0,,,rejected,"broker refused: {""available"":""0"",""code"":40310000,""existing_qty"":""82"",""held_for_orders"":""82"",""message"":""insufficient qty available for order (requested: 82, available: 0)"",""related_orders"":[""8fc541eb-e22a-44a2-9204-787212873940"",""14aa2dbb-4055-4208-865e-1fab75c0ccb4""],""symbol"":""MS""}",,,,,,auto
2026-08-04T20:05:49+00:00,d9cda79ec0744104964f8e309fc576f8,MS,Morgan Stanley,sell,82.0,,,blocked_by_oms,"gate allowed but OMS rejected at sign-off (resting protective order - rests GTC, so a closed session is the right time to place it rather than a reason to wait)",US,,102002.69,40608.57,0.008990661048517508,auto
2026-08-04T20:10:49+00:00,26f2c48024cb4285a60b3c4be8085db6,AMAT,,sell,7.0,,,pending_signoff,protective stop for an unprotected position,,,,,,auto
2026-08-04T20:10:50+00:00,26f2c48024cb4285a60b3c4be8085db6,AMAT,autonomous-executor,sell,7.0,,,rejected,"broker refused: {""available"":""0"",""code"":40310000,""existing_qty"":""7"",""held_for_orders"":""7"",""message"":""insufficient qty available for order (requested: 7, available: 0)"",""related_orders"":[""699407f9-8332-4d16-a822-b50391031474""],""symbol"":""AMAT""}",,,,,,auto
2026-08-04T20:10:50+00:00,26f2c48024cb4285a60b3c4be8085db6,AMAT,"Applied Materials, Inc.",sell,7.0,,,blocked_by_oms,"gate allowed but OMS rejected at sign-off (resting protective order - rests GTC, so a closed session is the right time to place it rather than a reason to wait)",US,,101975.23,40608.57,0.008719032098806489,auto
2026-08-04T20:10:50+00:00,5d4abbb6a98741658bf4b7fef9a23c83,AMD,,sell,7.0,,,pending_signoff,protective stop for an unprotected position,,,,,,auto
2026-08-04T20:10:50+00:00,5d4abbb6a98741658bf4b7fef9a23c83,AMD,autonomous-executor,sell,7.0,,,rejected,"broker refused: {""available"":""0"",""code"":40310000,""existing_qty"":""7"",""held_for_orders"":""7"",""message"":""insufficient qty available for order (requested: 7, available: 0)"",""related_orders"":[""bfc414c9-9371-49fb-b0ff-151efc5329f4""],""symbol"":""AMD""}",,,,,,auto
2026-08-04T20:10:50+00:00,5d4abbb6a98741658bf4b7fef9a23c83,AMD,"Advanced Micro Devices, Inc.",sell,7.0,,,blocked_by_oms,"gate allowed but OMS rejected at sign-off (resting protective order - rests GTC, so a closed session is the right time to place it rather than a reason to wait)",US,,101975.23,40608.57,0.008719032098806489,auto
2026-08-04T20:10:50+00:00,1823b72c7b4b4cb0807e91e3701ec694,GS,,sell,7.0,,,pending_signoff,protective stop for an unprotected position,,,,,,auto
2026-08-04T20:10:51+00:00,1823b72c7b4b4cb0807e91e3701ec694,GS,autonomous-executor,sell,7.0,,,rejected,"broker refused: {""available"":""0"",""code"":40310000,""existing_qty"":""7"",""held_for_orders"":""7"",""message"":""insufficient qty available for order (requested: 7, available: 0)"",""related_orders"":[""bb1e0d5b-23bd-4f11-8961-8931a9ccfc07""],""symbol"":""GS""}",,,,,,auto
2026-08-04T20:10:51+00:00,1823b72c7b4b4cb0807e91e3701ec694,GS,"The Goldman Sachs Group, Inc.",sell,7.0,,,blocked_by_oms,"gate allowed but OMS rejected at sign-off (resting protective order - rests GTC, so a closed session is the right time to place it rather than a reason to wait)",US,,101975.23,40608.57,0.008719032098806489,auto
2026-08-04T20:10:51+00:00,4678b466991c4965882094930bdebae8,MS,,sell,82.0,,,pending_signoff,protective stop for an unprotected position,,,,,,auto
2026-08-04T20:10:51+00:00,4678b466991c4965882094930bdebae8,MS,autonomous-executor,sell,82.0,,,rejected,"broker refused: {""available"":""0"",""code"":40310000,""existing_qty"":""82"",""held_for_orders"":""82"",""message"":""insufficient qty available for order (requested: 82, available: 0)"",""related_orders"":[""8fc541eb-e22a-44a2-9204-787212873940"",""14aa2dbb-4055-4208-865e-1fab75c0ccb4""],""symbol"":""MS""}",,,,,,auto
2026-08-04T20:10:51+00:00,4678b466991c4965882094930bdebae8,MS,Morgan Stanley,sell,82.0,,,blocked_by_oms,"gate allowed but OMS rejected at sign-off (resting protective order - rests GTC, so a closed session is the right time to place it rather than a reason to wait)",US,,101975.44,40608.57,0.008721109377737334,auto
2026-08-04T20:15:52+00:00,2105f60491d14d7191ccb394c2ac49f0,AMAT,,sell,7.0,,,pending_signoff,protective stop for an unprotected position,,,,,,auto
2026-08-04T20:15:52+00:00,2105f60491d14d7191ccb394c2ac49f0,AMAT,autonomous-executor,sell,7.0,,,rejected,"broker refused: {""available"":""0"",""code"":40310000,""existing_qty"":""7"",""held_for_orders"":""7"",""message"":""insufficient qty available for order (requested: 7, available: 0)"",""related_orders"":[""699407f9-8332-4d16-a822-b50391031474""],""symbol"":""AMAT""}",,,,,,auto
2026-08-04T20:15:52+00:00,2105f60491d14d7191ccb394c2ac49f0,AMAT,"Applied Materials, Inc.",sell,7.0,,,blocked_by_oms,"gate allowed but OMS rejected at sign-off (resting protective order - rests GTC, so a closed session is the right time to place it rather than a reason to wait)",US,,101753.86,40608.57,0.006529283351628295,auto
2026-08-04T20:15:52+00:00,5956e66b50a3456c980e4b8c85320083,AMD,,sell,7.0,,,pending_signoff,protective stop for an unprotected position,,,,,,auto
2026-08-04T20:15:52+00:00,5956e66b50a3456c980e4b8c85320083,AMD,autonomous-executor,sell,7.0,,,rejected,"broker refused: {""available"":""0"",""code"":40310000,""existing_qty"":""7"",""held_for_orders"":""7"",""message"":""insufficient qty available for order (requested: 7, available: 0)"",""related_orders"":[""bfc414c9-9371-49fb-b0ff-151efc5329f4""],""symbol"":""AMD""}",,,,,,auto
2026-08-04T20:15:52+00:00,5956e66b50a3456c980e4b8c85320083,AMD,"Advanced Micro Devices, Inc.",sell,7.0,,,blocked_by_oms,"gate allowed but OMS rejected at sign-off (resting protective order - rests GTC, so a closed session is the right time to place it rather than a reason to wait)",US,,101731.43,40608.57,0.006307410178211732,auto
2026-08-04T20:15:52+00:00,cfb95b97a6eb47bdb31e5a46ebd36d5d,GS,,sell,7.0,,,pending_signoff,protective stop for an unprotected position,,,,,,auto
2026-08-04T20:15:53+00:00,cfb95b97a6eb47bdb31e5a46ebd36d5d,GS,autonomous-executor,sell,7.0,,,rejected,"broker refused: {""available"":""0"",""code"":40310000,""existing_qty"":""7"",""held_for_orders"":""7"",""message"":""insufficient qty available for order (requested: 7, available: 0)"",""related_orders"":[""bb1e0d5b-23bd-4f11-8961-8931a9ccfc07""],""symbol"":""GS""}",,,,,,auto
2026-08-04T20:15:53+00:00,cfb95b97a6eb47bdb31e5a46ebd36d5d,GS,"The Goldman Sachs Group, Inc.",sell,7.0,,,blocked_by_oms,"gate allowed but OMS rejected at sign-off (resting protective order - rests GTC, so a closed session is the right time to place it rather than a reason to wait)",US,,101753.71,40608.57,0.006527799580963508,auto
2026-08-04T20:15:53+00:00,c4ba4805e2ba4323b48627d2d0d72b48,MS,,sell,82.0,,,pending_signoff,protective stop for an unprotected position,,,,,,auto
2026-08-04T20:15:53+00:00,c4ba4805e2ba4323b48627d2d0d72b48,MS,autonomous-executor,sell,82.0,,,rejected,"broker refused: {""available"":""0"",""code"":40310000,""existing_qty"":""82"",""held_for_orders"":""82"",""message"":""insufficient qty available for order (requested: 82, available: 0)"",""related_orders"":[""8fc541eb-e22a-44a2-9204-787212873940"",""14aa2dbb-4055-4208-865e-1fab75c0ccb4""],""symbol"":""MS""}",,,,,,auto
2026-08-04T20:15:53+00:00,c4ba4805e2ba4323b48627d2d0d72b48,MS,Morgan Stanley,sell,82.0,,,blocked_by_oms,"gate allowed but OMS rejected at sign-off (resting protective order - rests GTC, so a closed session is the right time to place it rather than a reason to wait)",US,,101747.39,40608.57,0.006465283376951303,auto
2026-08-04T20:20:54+00:00,bed27d867cf04c96ae30c1e92824ddc8,AMAT,,sell,7.0,,,pending_signoff,protective stop for an unprotected position,,,,,,auto
2026-08-04T20:20:54+00:00,bed27d867cf04c96ae30c1e92824ddc8,AMAT,autonomous-executor,sell,7.0,,,rejected,"broker refused: {""available"":""0"",""code"":40310000,""existing_qty"":""7"",""held_for_orders"":""7"",""message"":""insufficient qty available for order (requested: 7, available: 0)"",""related_orders"":[""699407f9-8332-4d16-a822-b50391031474""],""symbol"":""AMAT""}",,,,,,auto
2026-08-04T20:20:54+00:00,bed27d867cf04c96ae30c1e92824ddc8,AMAT,"Applied Materials, Inc.",sell,7.0,,,blocked_by_oms,"gate allowed but OMS rejected at sign-off (resting protective order - rests GTC, so a closed session is the right time to place it rather than a reason to wait)",US,,101707.68,40608.57,0.006072479822944609,auto
2026-08-04T20:20:54+00:00,763941beb9fe4a72a17cef834d390342,AMD,,sell,7.0,,,pending_signoff,protective stop for an unprotected position,,,,,,auto
2026-08-04T20:20:55+00:00,763941beb9fe4a72a17cef834d390342,AMD,autonomous-executor,sell,7.0,,,rejected,"broker refused: {""available"":""0"",""code"":40310000,""existing_qty"":""7"",""held_for_orders"":""7"",""message"":""insufficient qty available for order (requested: 7, available: 0)"",""related_orders"":[""bfc414c9-9371-49fb-b0ff-151efc5329f4""],""symbol"":""AMD""}",,,,,,auto
2026-08-04T20:20:55+00:00,763941beb9fe4a72a17cef834d390342,AMD,"Advanced Micro Devices, Inc.",sell,7.0,,,blocked_by_oms,"gate allowed but OMS rejected at sign-off (resting protective order - rests GTC, so a closed session is the right time to place it rather than a reason to wait)",US,,101716.29,40608.57,0.006157648259106717,auto
2026-08-04T20:20:55+00:00,4338ffd00b86445dbee26ab5803b327a,GS,,sell,7.0,,,pending_signoff,protective stop for an unprotected position,,,,,,auto
2026-08-04T20:20:55+00:00,4338ffd00b86445dbee26ab5803b327a,GS,autonomous-executor,sell,7.0,,,rejected,"broker refused: {""available"":""0"",""code"":40310000,""existing_qty"":""7"",""held_for_orders"":""7"",""message"":""insufficient qty available for order (requested: 7, available: 0)"",""related_orders"":[""bb1e0d5b-23bd-4f11-8961-8931a9ccfc07""],""symbol"":""GS""}",,,,,,auto
2026-08-04T20:20:55+00:00,4338ffd00b86445dbee26ab5803b327a,GS,"The Goldman Sachs Group, Inc.",sell,7.0,,,blocked_by_oms,"gate allowed but OMS rejected at sign-off (resting protective order - rests GTC, so a closed session is the right time to place it rather than a reason to wait)",US,,101716.29,40608.57,0.006157648259106717,auto
2026-08-04T20:20:55+00:00,71e61eca6bac490597475f2644f2c78e,MS,,sell,82.0,,,pending_signoff,protective stop for an unprotected position,,,,,,auto
2026-08-04T20:20:56+00:00,71e61eca6bac490597475f2644f2c78e,MS,autonomous-executor,sell,82.0,,,rejected,"broker refused: {""available"":""0"",""code"":40310000,""existing_qty"":""82"",""held_for_orders"":""82"",""message"":""insufficient qty available for order (requested: 82, available: 0)"",""related_orders"":[""8fc541eb-e22a-44a2-9204-787212873940"",""14aa2dbb-4055-4208-865e-1fab75c0ccb4""],""symbol"":""MS""}",,,,,,auto
2026-08-04T20:20:56+00:00,71e61eca6bac490597475f2644f2c78e,MS,Morgan Stanley,sell,82.0,,,blocked_by_oms,"gate allowed but OMS rejected at sign-off (resting protective order - rests GTC, so a closed session is the right time to place it rather than a reason to wait)",US,,101734.03,40608.57,0.00633312886973577,auto
2026-08-04T20:25:56+00:00,febd01effd45438d88edac1d6e4447af,AMAT,,sell,7.0,,,pending_signoff,protective stop for an unprotected position,,,,,,auto
2026-08-04T20:25:56+00:00,febd01effd45438d88edac1d6e4447af,AMAT,autonomous-executor,sell,7.0,,,rejected,"broker refused: {""available"":""0"",""code"":40310000,""existing_qty"":""7"",""held_for_orders"":""7"",""message"":""insufficient qty available for order (requested: 7, available: 0)"",""related_orders"":[""699407f9-8332-4d16-a822-b50391031474""],""symbol"":""AMAT""}",,,,,,auto
2026-08-04T20:25:56+00:00,febd01effd45438d88edac1d6e4447af,AMAT,"Applied Materials, Inc.",sell,7.0,,,blocked_by_oms,"gate allowed but OMS rejected at sign-off (resting protective order - rests GTC, so a closed session is the right time to place it rather than a reason to wait)",US,,101766.21,40608.57,0.006651447136367257,auto
2026-08-04T20:25:56+00:00,c7080d5b10734a99a8579690a9ede687,AMD,,sell,7.0,,,pending_signoff,protective stop for an unprotected position,,,,,,auto
2026-08-04T20:25:57+00:00,c7080d5b10734a99a8579690a9ede687,AMD,autonomous-executor,sell,7.0,,,rejected,"broker refused: {""available"":""0"",""code"":40310000,""existing_qty"":""7"",""held_for_orders"":""7"",""message"":""insufficient qty available for order (requested: 7, available: 0)"",""related_orders"":[""bfc414c9-9371-49fb-b0ff-151efc5329f4""],""symbol"":""AMD""}",,,,,,auto
2026-08-04T20:25:57+00:00,c7080d5b10734a99a8579690a9ede687,AMD,"Advanced Micro Devices, Inc.",sell,7.0,,,blocked_by_oms,"gate allowed but OMS rejected at sign-off (resting protective order - rests GTC, so a closed session is the right time to place it rather than a reason to wait)",US,,101766.43,40608.57,0.0066536233333422306,auto
2026-08-04T20:25:57+00:00,8b14875e20ae4c8a9e8f2d7c4e929a85,GS,,sell,7.0,,,pending_signoff,protective stop for an unprotected position,,,,,,auto
2026-08-04T20:25:57+00:00,8b14875e20ae4c8a9e8f2d7c4e929a85,GS,autonomous-executor,sell,7.0,,,rejected,"broker refused: {""available"":""0"",""code"":40310000,""existing_qty"":""7"",""held_for_orders"":""7"",""message"":""insufficient qty available for order (requested: 7, available: 0)"",""related_orders"":[""bb1e0d5b-23bd-4f11-8961-8931a9ccfc07""],""symbol"":""GS""}",,,,,,auto
2026-08-04T20:25:57+00:00,8b14875e20ae4c8a9e8f2d7c4e929a85,GS,"The Goldman Sachs Group, Inc.",sell,7.0,,,blocked_by_oms,"gate allowed but OMS rejected at sign-off (resting protective order - rests GTC, so a closed session is the right time to place it rather than a reason to wait)",US,,101766.43,40608.57,0.0066536233333422306,auto
2026-08-04T20:25:57+00:00,2f5afe4abdfb43889f1ec85e009b4408,MS,,sell,82.0,,,pending_signoff,protective stop for an unprotected position,,,,,,auto
2026-08-04T20:25:58+00:00,2f5afe4abdfb43889f1ec85e009b4408,MS,autonomous-executor,sell,82.0,,,rejected,"broker refused: {""available"":""0"",""code"":40310000,""existing_qty"":""82"",""held_for_orders"":""82"",""message"":""insufficient qty available for order (requested: 82, available: 0)"",""related_orders"":[""8fc541eb-e22a-44a2-9204-787212873940"",""14aa2dbb-4055-4208-865e-1fab75c0ccb4""],""symbol"":""MS""}",,,,,,auto
2026-08-04T20:25:58+00:00,2f5afe4abdfb43889f1ec85e009b4408,MS,Morgan Stanley,sell,82.0,,,blocked_by_oms,"gate allowed but OMS rejected at sign-off (resting protective order - rests GTC, so a closed session is the right time to place it rather than a reason to wait)",US,,101766.43,40608.57,0.0066536233333422306,auto
2026-08-04T20:30:58+00:00,a07ec5f1884a4d9bad908bc403c93c26,AMAT,,sell,7.0,,,pending_signoff,protective stop for an unprotected position,,,,,,auto
2026-08-04T20:30:59+00:00,a07ec5f1884a4d9bad908bc403c93c26,AMAT,autonomous-executor,sell,7.0,,,rejected,"broker refused: {""available"":""0"",""code"":40310000,""existing_qty"":""7"",""held_for_orders"":""7"",""message"":""insufficient qty available for order (requested: 7, available: 0)"",""related_orders"":[""699407f9-8332-4d16-a822-b50391031474""],""symbol"":""AMAT""}",,,,,,auto
2026-08-04T20:30:59+00:00,a07ec5f1884a4d9bad908bc403c93c26,AMAT,"Applied Materials, Inc.",sell,7.0,,,blocked_by_oms,"gate allowed but OMS rejected at sign-off (resting protective order - rests GTC, so a closed session is the right time to place it rather than a reason to wait)",US,,101771.2,40608.57,0.006700807240484342,auto
2026-08-04T20:30:59+00:00,68e6d9b66dac47658b963105733d82bc,AMD,,sell,7.0,,,pending_signoff,protective stop for an unprotected position,,,,,,auto
2026-08-04T20:30:59+00:00,68e6d9b66dac47658b963105733d82bc,AMD,autonomous-executor,sell,7.0,,,rejected,"broker refused: {""available"":""0"",""code"":40310000,""existing_qty"":""7"",""held_for_orders"":""7"",""message"":""insufficient qty available for order (requested: 7, available: 0)"",""related_orders"":[""bfc414c9-9371-49fb-b0ff-151efc5329f4""],""symbol"":""AMD""}",,,,,,auto
2026-08-04T20:30:59+00:00,68e6d9b66dac47658b963105733d82bc,AMD,"Advanced Micro Devices, Inc.",sell,7.0,,,blocked_by_oms,"gate allowed but OMS rejected at sign-off (resting protective order - rests GTC, so a closed session is the right time to place it rather than a reason to wait)",US,,101767.23,40608.57,0.006661536776888099,auto
2026-08-04T20:30:59+00:00,5ab0a4da365a44dc93c85b5da261726c,GS,,sell,7.0,,,pending_signoff,protective stop for an unprotected position,,,,,,auto
2026-08-04T20:31:00+00:00,5ab0a4da365a44dc93c85b5da261726c,GS,autonomous-executor,sell,7.0,,,rejected,"broker refused: {""available"":""0"",""code"":40310000,""existing_qty"":""7"",""held_for_orders"":""7"",""message"":""insufficient qty available for order (requested: 7, available: 0)"",""related_orders"":[""bb1e0d5b-23bd-4f11-8961-8931a9ccfc07""],""symbol"":""GS""}",,,,,,auto
2026-08-04T20:31:00+00:00,5ab0a4da365a44dc93c85b5da261726c,GS,"The Goldman Sachs Group, Inc.",sell,7.0,,,blocked_by_oms,"gate allowed but OMS rejected at sign-off (resting protective order - rests GTC, so a closed session is the right time to place it rather than a reason to wait)",US,,101767.23,40608.57,0.006661536776888099,auto
2026-08-04T20:31:00+00:00,837827b43c7c4c508ecb6d6b6ffa86d2,MS,,sell,82.0,,,pending_signoff,protective stop for an unprotected position,,,,,,auto
2026-08-04T20:31:00+00:00,837827b43c7c4c508ecb6d6b6ffa86d2,MS,autonomous-executor,sell,82.0,,,rejected,"broker refused: {""available"":""0"",""code"":40310000,""existing_qty"":""82"",""held_for_orders"":""82"",""message"":""insufficient qty available for order (requested: 82, available: 0)"",""related_orders"":[""8fc541eb-e22a-44a2-9204-787212873940"",""14aa2dbb-4055-4208-865e-1fab75c0ccb4""],""symbol"":""MS""}",,,,,,auto
2026-08-04T20:31:00+00:00,837827b43c7c4c508ecb6d6b6ffa86d2,MS,Morgan Stanley,sell,82.0,,,blocked_by_oms,"gate allowed but OMS rejected at sign-off (resting protective order - rests GTC, so a closed session is the right time to place it rather than a reason to wait)",US,,101766.72,40608.57,0.006656491956627679,auto
2026-08-04T20:36:00+00:00,743133b323e3496aae3d915050a5de3b,AMAT,,sell,7.0,,,pending_signoff,protective stop for an unprotected position,,,,,,auto
2026-08-04T20:36:01+00:00,743133b323e3496aae3d915050a5de3b,AMAT,autonomous-executor,sell,7.0,,,rejected,"broker refused: {""available"":""0"",""code"":40310000,""existing_qty"":""7"",""held_for_orders"":""7"",""message"":""insufficient qty available for order (requested: 7, available: 0)"",""related_orders"":[""699407f9-8332-4d16-a822-b50391031474""],""symbol"":""AMAT""}",,,,,,auto
2026-08-04T20:36:01+00:00,743133b323e3496aae3d915050a5de3b,AMAT,"Applied Materials, Inc.",sell,7.0,,,blocked_by_oms,"gate allowed but OMS rejected at sign-off (resting protective order - rests GTC, so a closed session is the right time to place it rather than a reason to wait)",US,,101755.54,40608.57,0.0065459015830744895,auto
2026-08-04T20:36:01+00:00,0e80ac53a7b5417e9d9bff81460b197a,AMD,,sell,7.0,,,pending_signoff,protective stop for an unprotected position,,,,,,auto
2026-08-04T20:36:01+00:00,0e80ac53a7b5417e9d9bff81460b197a,AMD,autonomous-executor,sell,7.0,,,rejected,"broker refused: {""available"":""0"",""code"":40310000,""existing_qty"":""7"",""held_for_orders"":""7"",""message"":""insufficient qty available for order (requested: 7, available: 0)"",""related_orders"":[""bfc414c9-9371-49fb-b0ff-151efc5329f4""],""symbol"":""AMD""}",,,,,,auto
2026-08-04T20:36:01+00:00,0e80ac53a7b5417e9d9bff81460b197a,AMD,"Advanced Micro Devices, Inc.",sell,7.0,,,blocked_by_oms,"gate allowed but OMS rejected at sign-off (resting protective order - rests GTC, so a closed session is the right time to place it rather than a reason to wait)",US,,101760.37,40608.57,0.006593678998482516,auto
2026-08-04T20:36:01+00:00,e95e8d5f0e1341ecb33b4c85ff27cbcd,GS,,sell,7.0,,,pending_signoff,protective stop for an unprotected position,,,,,,auto
2026-08-04T20:36:02+00:00,e95e8d5f0e1341ecb33b4c85ff27cbcd,GS,autonomous-executor,sell,7.0,,,rejected,"broker refused: {""available"":""0"",""code"":40310000,""existing_qty"":""7"",""held_for_orders"":""7"",""message"":""insufficient qty available for order (requested: 7, available: 0)"",""related_orders"":[""bb1e0d5b-23bd-4f11-8961-8931a9ccfc07""],""symbol"":""GS""}",,,,,,auto
2026-08-04T20:36:02+00:00,e95e8d5f0e1341ecb33b4c85ff27cbcd,GS,"The Goldman Sachs Group, Inc.",sell,7.0,,,blocked_by_oms,"gate allowed but OMS rejected at sign-off (resting protective order - rests GTC, so a closed session is the right time to place it rather than a reason to wait)",US,,101760.51,40608.57,0.006595063851103033,auto
2026-08-04T20:36:02+00:00,5118082a9b40404f956b0f15be1d8df8,MS,,sell,82.0,,,pending_signoff,protective stop for an unprotected position,,,,,,auto
2026-08-04T20:36:02+00:00,5118082a9b40404f956b0f15be1d8df8,MS,autonomous-executor,sell,82.0,,,rejected,"broker refused: {""available"":""0"",""code"":40310000,""existing_qty"":""82"",""held_for_orders"":""82"",""message"":""insufficient qty available for order (requested: 82, available: 0)"",""related_orders"":[""8fc541eb-e22a-44a2-9204-787212873940"",""14aa2dbb-4055-4208-865e-1fab75c0ccb4""],""symbol"":""MS""}",,,,,,auto
2026-08-04T20:36:02+00:00,5118082a9b40404f956b0f15be1d8df8,MS,Morgan Stanley,sell,82.0,,,blocked_by_oms,"gate allowed but OMS rejected at sign-off (resting protective order - rests GTC, so a closed session is the right time to place it rather than a reason to wait)",US,,101759.8,40608.57,0.00658804066995618,auto
2026-08-04T20:41:03+00:00,992bc4a509f642f3afb55570387904c8,AMAT,,sell,7.0,,,pending_signoff,protective stop for an unprotected position,,,,,,auto
2026-08-04T20:41:03+00:00,992bc4a509f642f3afb55570387904c8,AMAT,autonomous-executor,sell,7.0,,,rejected,"broker refused: {""available"":""0"",""code"":40310000,""existing_qty"":""7"",""held_for_orders"":""7"",""message"":""insufficient qty available for order (requested: 7, available: 0)"",""related_orders"":[""699407f9-8332-4d16-a822-b50391031474""],""symbol"":""AMAT""}",,,,,,auto
2026-08-04T20:41:03+00:00,992bc4a509f642f3afb55570387904c8,AMAT,"Applied Materials, Inc.",sell,7.0,,,blocked_by_oms,"gate allowed but OMS rejected at sign-off (resting protective order - rests GTC, so a closed session is the right time to place it rather than a reason to wait)",US,,101767.82,40608.57,0.0066673729415032655,auto
2026-08-04T20:41:03+00:00,e3c8b29f09fc4d2488bfc69150f2f6e5,AMD,,sell,7.0,,,pending_signoff,protective stop for an unprotected position,,,,,,auto
2026-08-04T20:41:04+00:00,e3c8b29f09fc4d2488bfc69150f2f6e5,AMD,autonomous-executor,sell,7.0,,,rejected,"broker refused: {""available"":""0"",""code"":40310000,""existing_qty"":""7"",""held_for_orders"":""7"",""message"":""insufficient qty available for order (requested: 7, available: 0)"",""related_orders"":[""bfc414c9-9371-49fb-b0ff-151efc5329f4""],""symbol"":""AMD""}",,,,,,auto
2026-08-04T20:41:04+00:00,e3c8b29f09fc4d2488bfc69150f2f6e5,AMD,"Advanced Micro Devices, Inc.",sell,7.0,,,blocked_by_oms,"gate allowed but OMS rejected at sign-off (resting protective order - rests GTC, so a closed session is the right time to place it rather than a reason to wait)",US,,101767.33,40608.57,0.006662525957331387,auto
2026-08-04T20:41:04+00:00,319ae6408c2d4dc4857164f0a8717a86,GS,,sell,7.0,,,pending_signoff,protective stop for an unprotected position,,,,,,auto
2026-08-04T20:41:04+00:00,319ae6408c2d4dc4857164f0a8717a86,GS,autonomous-executor,sell,7.0,,,rejected,"broker refused: {""available"":""0"",""code"":40310000,""existing_qty"":""7"",""held_for_orders"":""7"",""message"":""insufficient qty available for order (requested: 7, available: 0)"",""related_orders"":[""bb1e0d5b-23bd-4f11-8961-8931a9ccfc07""],""symbol"":""GS""}",,,,,,auto
2026-08-04T20:41:04+00:00,319ae6408c2d4dc4857164f0a8717a86,GS,"The Goldman Sachs Group, Inc.",sell,7.0,,,blocked_by_oms,"gate allowed but OMS rejected at sign-off (resting protective order - rests GTC, so a closed session is the right time to place it rather than a reason to wait)",US,,101763.76,40608.57,0.006627212215508007,auto
2026-08-04T20:41:04+00:00,59d3f71bdf9943c1814f55094f1531b0,MS,,sell,82.0,,,pending_signoff,protective stop for an unprotected position,,,,,,auto
2026-08-04T20:41:05+00:00,59d3f71bdf9943c1814f55094f1531b0,MS,autonomous-executor,sell,82.0,,,rejected,"broker refused: {""available"":""0"",""code"":40310000,""existing_qty"":""82"",""held_for_orders"":""82"",""message"":""insufficient qty available for order (requested: 82, available: 0)"",""related_orders"":[""8fc541eb-e22a-44a2-9204-787212873940"",""14aa2dbb-4055-4208-865e-1fab75c0ccb4""],""symbol"":""MS""}",,,,,,auto
2026-08-04T20:41:05+00:00,59d3f71bdf9943c1814f55094f1531b0,MS,Morgan Stanley,sell,82.0,,,blocked_by_oms,"gate allowed but OMS rejected at sign-off (resting protective order - rests GTC, so a closed session is the right time to place it rather than a reason to wait)",US,,101761.53,40608.57,0.006605153491624018,auto
2026-08-04T20:46:05+00:00,aa4396ef1e0446b19685c49bcbd90652,AMAT,,sell,7.0,,,pending_signoff,protective stop for an unprotected position,,,,,,auto
2026-08-04T20:46:05+00:00,aa4396ef1e0446b19685c49bcbd90652,AMAT,autonomous-executor,sell,7.0,,,rejected,"broker refused: {""available"":""0"",""code"":40310000,""existing_qty"":""7"",""held_for_orders"":""7"",""message"":""insufficient qty available for order (requested: 7, available: 0)"",""related_orders"":[""699407f9-8332-4d16-a822-b50391031474""],""symbol"":""AMAT""}",,,,,,auto
2026-08-04T20:46:05+00:00,aa4396ef1e0446b19685c49bcbd90652,AMAT,"Applied Materials, Inc.",sell,7.0,,,blocked_by_oms,"gate allowed but OMS rejected at sign-off (resting protective order - rests GTC, so a closed session is the right time to place it rather than a reason to wait)",US,,101764.07,40608.57,0.006630278674882141,auto
2026-08-04T20:46:05+00:00,1ec93143c5f4468db466a28d1155396a,AMD,,sell,7.0,,,pending_signoff,protective stop for an unprotected position,,,,,,auto
2026-08-04T20:46:06+00:00,1ec93143c5f4468db466a28d1155396a,AMD,autonomous-executor,sell,7.0,,,rejected,"broker refused: {""available"":""0"",""code"":40310000,""existing_qty"":""7"",""held_for_orders"":""7"",""message"":""insufficient qty available for order (requested: 7, available: 0)"",""related_orders"":[""bfc414c9-9371-49fb-b0ff-151efc5329f4""],""symbol"":""AMD""}",,,,,,auto
2026-08-04T20:46:06+00:00,1ec93143c5f4468db466a28d1155396a,AMD,"Advanced Micro Devices, Inc.",sell,7.0,,,blocked_by_oms,"gate allowed but OMS rejected at sign-off (resting protective order - rests GTC, so a closed session is the right time to place it rather than a reason to wait)",US,,101764.07,40608.57,0.006630278674882141,auto
2026-08-04T20:46:06+00:00,a6367f4ec1bd43ecb728597e1fbc955a,GS,,sell,7.0,,,pending_signoff,protective stop for an unprotected position,,,,,,auto
2026-08-04T20:46:06+00:00,a6367f4ec1bd43ecb728597e1fbc955a,GS,autonomous-executor,sell,7.0,,,rejected,"broker refused: {""available"":""0"",""code"":40310000,""existing_qty"":""7"",""held_for_orders"":""7"",""message"":""insufficient qty available for order (requested: 7, available: 0)"",""related_orders"":[""bb1e0d5b-23bd-4f11-8961-8931a9ccfc07""],""symbol"":""GS""}",,,,,,auto
2026-08-04T20:46:06+00:00,a6367f4ec1bd43ecb728597e1fbc955a,GS,"The Goldman Sachs Group, Inc.",sell,7.0,,,blocked_by_oms,"gate allowed but OMS rejected at sign-off (resting protective order - rests GTC, so a closed session is the right time to place it rather than a reason to wait)",US,,101771.07,40608.57,0.0066995213059082405,auto
2026-08-04T20:46:06+00:00,ad2c9743dd124eefa48697581ebfda46,MS,,sell,82.0,,,pending_signoff,protective stop for an unprotected position,,,,,,auto
2026-08-04T20:46:07+00:00,ad2c9743dd124eefa48697581ebfda46,MS,autonomous-executor,sell,82.0,,,rejected,"broker refused: {""available"":""0"",""code"":40310000,""existing_qty"":""82"",""held_for_orders"":""82"",""message"":""insufficient qty available for order (requested: 82, available: 0)"",""related_orders"":[""8fc541eb-e22a-44a2-9204-787212873940"",""14aa2dbb-4055-4208-865e-1fab75c0ccb4""],""symbol"":""MS""}",,,,,,auto
2026-08-04T20:46:07+00:00,ad2c9743dd124eefa48697581ebfda46,MS,Morgan Stanley,sell,82.0,,,blocked_by_oms,"gate allowed but OMS rejected at sign-off (resting protective order - rests GTC, so a closed session is the right time to place it rather than a reason to wait)",US,,101771.07,40608.57,0.0066995213059082405,auto
2026-08-04T20:46:08+00:00,ad2c9743dd124eefa48697581ebfda46,MS,Morgan Stanley,sell,82.0,,,blocked,order is not pending sign-off (status=rejected),US,,101760.57,40608.57,0.006595657359369091,auto
2026-08-04T20:51:07+00:00,49f38a3332d74dc18bb6341eb7d6577a,AMAT,,sell,7.0,,,pending_signoff,protective stop for an unprotected position,,,,,,auto
2026-08-04T20:51:08+00:00,49f38a3332d74dc18bb6341eb7d6577a,AMAT,autonomous-executor,sell,7.0,,,rejected,"broker refused: {""available"":""0"",""code"":40310000,""existing_qty"":""7"",""held_for_orders"":""7"",""message"":""insufficient qty available for order (requested: 7, available: 0)"",""related_orders"":[""699407f9-8332-4d16-a822-b50391031474""],""symbol"":""AMAT""}",,,,,,auto
2026-08-04T20:51:08+00:00,49f38a3332d74dc18bb6341eb7d6577a,AMAT,"Applied Materials, Inc.",sell,7.0,,,blocked_by_oms,"gate allowed but OMS rejected at sign-off (resting protective order - rests GTC, so a closed session is the right time to place it rather than a reason to wait)",US,,101690.62,40608.57,0.005903725639329595,auto
2026-08-04T20:51:08+00:00,2b5458c36fb74d3594b023879dd0daca,AMD,,sell,7.0,,,pending_signoff,protective stop for an unprotected position,,,,,,auto
2026-08-04T20:51:08+00:00,2b5458c36fb74d3594b023879dd0daca,AMD,autonomous-executor,sell,7.0,,,rejected,"broker refused: {""available"":""0"",""code"":40310000,""existing_qty"":""7"",""held_for_orders"":""7"",""message"":""insufficient qty available for order (requested: 7, available: 0)"",""related_orders"":[""bfc414c9-9371-49fb-b0ff-151efc5329f4""],""symbol"":""AMD""}",,,,,,auto
2026-08-04T20:51:08+00:00,2b5458c36fb74d3594b023879dd0daca,AMD,"Advanced Micro Devices, Inc.",sell,7.0,,,blocked_by_oms,"gate allowed but OMS rejected at sign-off (resting protective order - rests GTC, so a closed session is the right time to place it rather than a reason to wait)",US,,101692.44,40608.57,0.00592172872339645,auto
2026-08-04T20:51:08+00:00,8bcdc296141d4af7800086414661ca34,GS,,sell,7.0,,,pending_signoff,protective stop for an unprotected position,,,,,,auto
2026-08-04T20:51:08+00:00,49f38a3332d74dc18bb6341eb7d6577a,AMAT,"Applied Materials, Inc.",sell,7.0,,,blocked,order is not pending sign-off (status=rejected),US,,101687.47,40608.57,0.0058725664553679075,auto
2026-08-04T20:51:09+00:00,8bcdc296141d4af7800086414661ca34,GS,autonomous-executor,sell,7.0,,,rejected,"broker refused: {""available"":""0"",""code"":40310000,""existing_qty"":""7"",""held_for_orders"":""7"",""message"":""insufficient qty available for order (requested: 7, available: 0)"",""related_orders"":[""bb1e0d5b-23bd-4f11-8961-8931a9ccfc07""],""symbol"":""GS""}",,,,,,auto
2026-08-04T20:51:09+00:00,8bcdc296141d4af7800086414661ca34,GS,"The Goldman Sachs Group, Inc.",sell,7.0,,,blocked_by_oms,"gate allowed but OMS rejected at sign-off (resting protective order - rests GTC, so a closed session is the right time to place it rather than a reason to wait)",US,,101687.47,40608.57,0.0058725664553679075,auto
2026-08-04T20:51:09+00:00,d41228a83c084115a0659e57b1a3e422,MS,,sell,82.0,,,pending_signoff,protective stop for an unprotected position,,,,,,auto
2026-08-04T20:51:09+00:00,d41228a83c084115a0659e57b1a3e422,MS,autonomous-executor,sell,82.0,,,rejected,"broker refused: {""available"":""0"",""code"":40310000,""existing_qty"":""82"",""held_for_orders"":""82"",""message"":""insufficient qty available for order (requested: 82, available: 0)"",""related_orders"":[""8fc541eb-e22a-44a2-9204-787212873940"",""14aa2dbb-4055-4208-865e-1fab75c0ccb4""],""symbol"":""MS""}",,,,,,auto
2026-08-04T20:51:09+00:00,d41228a83c084115a0659e57b1a3e422,MS,Morgan Stanley,sell,82.0,,,blocked_by_oms,"gate allowed but OMS rejected at sign-off (resting protective order - rests GTC, so a closed session is the right time to place it rather than a reason to wait)",US,,101685.16,40608.57,0.005849716387129318,auto
2026-08-04T20:56:09+00:00,045c28400b2544988ba75a67f5457d5d,AMAT,,sell,7.0,,,pending_signoff,protective stop for an unprotected position,,,,,,auto
2026-08-04T20:56:10+00:00,045c28400b2544988ba75a67f5457d5d,AMAT,autonomous-executor,sell,7.0,,,rejected,"broker refused: {""available"":""0"",""code"":40310000,""existing_qty"":""7"",""held_for_orders"":""7"",""message"":""insufficient qty available for order (requested: 7, available: 0)"",""related_orders"":[""699407f9-8332-4d16-a822-b50391031474""],""symbol"":""AMAT""}",,,,,,auto
2026-08-04T20:56:10+00:00,045c28400b2544988ba75a67f5457d5d,AMAT,"Applied Materials, Inc.",sell,7.0,,,blocked_by_oms,"gate allowed but OMS rejected at sign-off (resting protective order - rests GTC, so a closed session is the right time to place it rather than a reason to wait)",US,,101733.09,40608.57,0.006323830573569385,auto
2026-08-04T20:56:10+00:00,ed4a65b37bcf43b78767ac37bb510b70,AMD,,sell,7.0,,,pending_signoff,protective stop for an unprotected position,,,,,,auto
2026-08-04T20:56:10+00:00,ed4a65b37bcf43b78767ac37bb510b70,AMD,autonomous-executor,sell,7.0,,,rejected,"broker refused: {""available"":""0"",""code"":40310000,""existing_qty"":""7"",""held_for_orders"":""7"",""message"":""insufficient qty available for order (requested: 7, available: 0)"",""related_orders"":[""bfc414c9-9371-49fb-b0ff-151efc5329f4""],""symbol"":""AMD""}",,,,,,auto
2026-08-04T20:56:10+00:00,ed4a65b37bcf43b78767ac37bb510b70,AMD,"Advanced Micro Devices, Inc.",sell,7.0,,,blocked_by_oms,"gate allowed but OMS rejected at sign-off (resting protective order - rests GTC, so a closed session is the right time to place it rather than a reason to wait)",US,,101733.09,40608.57,0.006323830573569385,auto
2026-08-04T20:56:10+00:00,12acea7b42da45c29ed4bf41c608d0a9,GS,,sell,7.0,,,pending_signoff,protective stop for an unprotected position,,,,,,auto
2026-08-04T20:56:11+00:00,12acea7b42da45c29ed4bf41c608d0a9,GS,autonomous-executor,sell,7.0,,,rejected,"broker refused: {""available"":""0"",""code"":40310000,""existing_qty"":""7"",""held_for_orders"":""7"",""message"":""insufficient qty available for order (requested: 7, available: 0)"",""related_orders"":[""bb1e0d5b-23bd-4f11-8961-8931a9ccfc07""],""symbol"":""GS""}",,,,,,auto
2026-08-04T20:56:11+00:00,12acea7b42da45c29ed4bf41c608d0a9,GS,"The Goldman Sachs Group, Inc.",sell,7.0,,,blocked_by_oms,"gate allowed but OMS rejected at sign-off (resting protective order - rests GTC, so a closed session is the right time to place it rather than a reason to wait)",US,,101733.09,40608.57,0.006323830573569385,auto
2026-08-04T20:56:11+00:00,bbe16649be2b472c953c9c920745fe2d,MS,,sell,82.0,,,pending_signoff,protective stop for an unprotected position,,,,,,auto
2026-08-04T20:56:11+00:00,bbe16649be2b472c953c9c920745fe2d,MS,autonomous-executor,sell,82.0,,,rejected,"broker refused: {""available"":""0"",""code"":40310000,""existing_qty"":""82"",""held_for_orders"":""82"",""message"":""insufficient qty available for order (requested: 82, available: 0)"",""related_orders"":[""8fc541eb-e22a-44a2-9204-787212873940"",""14aa2dbb-4055-4208-865e-1fab75c0ccb4""],""symbol"":""MS""}",,,,,,auto
2026-08-04T20:56:11+00:00,bbe16649be2b472c953c9c920745fe2d,MS,Morgan Stanley,sell,82.0,,,blocked_by_oms,"gate allowed but OMS rejected at sign-off (resting protective order - rests GTC, so a closed session is the right time to place it rather than a reason to wait)",US,,101733.09,40608.57,0.006323830573569385,auto
2026-08-04T21:01:12+00:00,11711ea1546948539b521c9c078d2b70,AMAT,,sell,7.0,,,pending_signoff,protective stop for an unprotected position,,,,,,auto
2026-08-04T21:01:12+00:00,11711ea1546948539b521c9c078d2b70,AMAT,autonomous-executor,sell,7.0,,,rejected,"broker refused: {""available"":""0"",""code"":40310000,""existing_qty"":""7"",""held_for_orders"":""7"",""message"":""insufficient qty available for order (requested: 7, available: 0)"",""related_orders"":[""699407f9-8332-4d16-a822-b50391031474""],""symbol"":""AMAT""}",,,,,,auto
2026-08-04T21:01:12+00:00,11711ea1546948539b521c9c078d2b70,AMAT,"Applied Materials, Inc.",sell,7.0,,,blocked_by_oms,"gate allowed but OMS rejected at sign-off (resting protective order - rests GTC, so a closed session is the right time to place it rather than a reason to wait)",US,,101731.71,40608.57,0.006310179883452909,auto
2026-08-04T21:01:12+00:00,212b3ebd184f4a95a3b7474b230dbf24,AMD,,sell,7.0,,,pending_signoff,protective stop for an unprotected position,,,,,,auto
2026-08-04T21:01:13+00:00,212b3ebd184f4a95a3b7474b230dbf24,AMD,autonomous-executor,sell,7.0,,,rejected,"broker refused: {""available"":""0"",""code"":40310000,""existing_qty"":""7"",""held_for_orders"":""7"",""message"":""insufficient qty available for order (requested: 7, available: 0)"",""related_orders"":[""bfc414c9-9371-49fb-b0ff-151efc5329f4""],""symbol"":""AMD""}",,,,,,auto
2026-08-04T21:01:13+00:00,212b3ebd184f4a95a3b7474b230dbf24,AMD,"Advanced Micro Devices, Inc.",sell,7.0,,,blocked_by_oms,"gate allowed but OMS rejected at sign-off (resting protective order - rests GTC, so a closed session is the right time to place it rather than a reason to wait)",US,,101731.71,40608.57,0.006310179883452909,auto
2026-08-04T21:01:13+00:00,cd5d9c93432145dd99f9ef9537c9678d,GS,,sell,7.0,,,pending_signoff,protective stop for an unprotected position,,,,,,auto
2026-08-04T21:01:13+00:00,cd5d9c93432145dd99f9ef9537c9678d,GS,autonomous-executor,sell,7.0,,,rejected,"broker refused: {""available"":""0"",""code"":40310000,""existing_qty"":""7"",""held_for_orders"":""7"",""message"":""insufficient qty available for order (requested: 7, available: 0)"",""related_orders"":[""bb1e0d5b-23bd-4f11-8961-8931a9ccfc07""],""symbol"":""GS""}",,,,,,auto
2026-08-04T21:01:13+00:00,cd5d9c93432145dd99f9ef9537c9678d,GS,"The Goldman Sachs Group, Inc.",sell,7.0,,,blocked_by_oms,"gate allowed but OMS rejected at sign-off (resting protective order - rests GTC, so a closed session is the right time to place it rather than a reason to wait)",US,,101731.71,40608.57,0.006310179883452909,auto
2026-08-04T21:01:13+00:00,274ebe49af17459b8d00ae43b917e9da,MS,,sell,82.0,,,pending_signoff,protective stop for an unprotected position,,,,,,auto
2026-08-04T21:01:13+00:00,274ebe49af17459b8d00ae43b917e9da,MS,autonomous-executor,sell,82.0,,,rejected,"broker refused: {""available"":""0"",""code"":40310000,""existing_qty"":""82"",""held_for_orders"":""82"",""message"":""insufficient qty available for order (requested: 82, available: 0)"",""related_orders"":[""8fc541eb-e22a-44a2-9204-787212873940"",""14aa2dbb-4055-4208-865e-1fab75c0ccb4""],""symbol"":""MS""}",,,,,,auto
2026-08-04T21:01:13+00:00,274ebe49af17459b8d00ae43b917e9da,MS,Morgan Stanley,sell,82.0,,,blocked_by_oms,"gate allowed but OMS rejected at sign-off (resting protective order - rests GTC, so a closed session is the right time to place it rather than a reason to wait)",US,,101731.71,40608.57,0.006310179883452909,auto
2026-08-04T21:06:14+00:00,e3162bbae940427b904e1c74b1c0d9f6,AMAT,,sell,7.0,,,pending_signoff,protective stop for an unprotected position,,,,,,auto
2026-08-04T21:06:14+00:00,e3162bbae940427b904e1c74b1c0d9f6,AMAT,autonomous-executor,sell,7.0,,,rejected,"broker refused: {""available"":""0"",""code"":40310000,""existing_qty"":""7"",""held_for_orders"":""7"",""message"":""insufficient qty available for order (requested: 7, available: 0)"",""related_orders"":[""699407f9-8332-4d16-a822-b50391031474""],""symbol"":""AMAT""}",,,,,,auto
2026-08-04T21:06:14+00:00,e3162bbae940427b904e1c74b1c0d9f6,AMAT,"Applied Materials, Inc.",sell,7.0,,,blocked_by_oms,"gate allowed but OMS rejected at sign-off (resting protective order - rests GTC, so a closed session is the right time to place it rather than a reason to wait)",US,,101710.83,40608.57,0.00610363900690644,auto
2026-08-04T21:06:14+00:00,6fe00d244bc444dabc698632bddb7d2c,AMD,,sell,7.0,,,pending_signoff,protective stop for an unprotected position,,,,,,auto
2026-08-04T21:06:15+00:00,6fe00d244bc444dabc698632bddb7d2c,AMD,autonomous-executor,sell,7.0,,,rejected,"broker refused: {""available"":""0"",""code"":40310000,""existing_qty"":""7"",""held_for_orders"":""7"",""message"":""insufficient qty available for order (requested: 7, available: 0)"",""related_orders"":[""bfc414c9-9371-49fb-b0ff-151efc5329f4""],""symbol"":""AMD""}",,,,,,auto
2026-08-04T21:06:15+00:00,6fe00d244bc444dabc698632bddb7d2c,AMD,"Advanced Micro Devices, Inc.",sell,7.0,,,blocked_by_oms,"gate allowed but OMS rejected at sign-off (resting protective order - rests GTC, so a closed session is the right time to place it rather than a reason to wait)",US,,101710.83,40608.57,0.00610363900690644,auto
2026-08-04T21:06:15+00:00,aaed7cea6e7f4d568e39794b85ac34e8,GS,,sell,7.0,,,pending_signoff,protective stop for an unprotected position,,,,,,auto
2026-08-04T21:06:15+00:00,aaed7cea6e7f4d568e39794b85ac34e8,GS,autonomous-executor,sell,7.0,,,rejected,"broker refused: {""available"":""0"",""code"":40310000,""existing_qty"":""7"",""held_for_orders"":""7"",""message"":""insufficient qty available for order (requested: 7, available: 0)"",""related_orders"":[""bb1e0d5b-23bd-4f11-8961-8931a9ccfc07""],""symbol"":""GS""}",,,,,,auto
2026-08-04T21:06:15+00:00,aaed7cea6e7f4d568e39794b85ac34e8,GS,"The Goldman Sachs Group, Inc.",sell,7.0,,,blocked_by_oms,"gate allowed but OMS rejected at sign-off (resting protective order - rests GTC, so a closed session is the right time to place it rather than a reason to wait)",US,,101710.83,40608.57,0.00610363900690644,auto
2026-08-04T21:06:15+00:00,235290acb3c64c5aa14c65df040a8e76,MS,,sell,82.0,,,pending_signoff,protective stop for an unprotected position,,,,,,auto
2026-08-04T21:06:16+00:00,235290acb3c64c5aa14c65df040a8e76,MS,autonomous-executor,sell,82.0,,,rejected,"broker refused: {""available"":""0"",""code"":40310000,""existing_qty"":""82"",""held_for_orders"":""82"",""message"":""insufficient qty available for order (requested: 82, available: 0)"",""related_orders"":[""8fc541eb-e22a-44a2-9204-787212873940"",""14aa2dbb-4055-4208-865e-1fab75c0ccb4""],""symbol"":""MS""}",,,,,,auto
2026-08-04T21:06:16+00:00,235290acb3c64c5aa14c65df040a8e76,MS,Morgan Stanley,sell,82.0,,,blocked_by_oms,"gate allowed but OMS rejected at sign-off (resting protective order - rests GTC, so a closed session is the right time to place it rather than a reason to wait)",US,,101710.94,40608.57,0.006104727105393999,auto
2026-08-04T21:11:16+00:00,4c63c5e22e5542d29318523d5cbfdc59,AMAT,,sell,7.0,,,pending_signoff,protective stop for an unprotected position,,,,,,auto
2026-08-04T21:11:17+00:00,4c63c5e22e5542d29318523d5cbfdc59,AMAT,autonomous-executor,sell,7.0,,,rejected,"broker refused: {""available"":""0"",""code"":40310000,""existing_qty"":""7"",""held_for_orders"":""7"",""message"":""insufficient qty available for order (requested: 7, available: 0)"",""related_orders"":[""699407f9-8332-4d16-a822-b50391031474""],""symbol"":""AMAT""}",,,,,,auto
2026-08-04T21:11:17+00:00,4c63c5e22e5542d29318523d5cbfdc59,AMAT,"Applied Materials, Inc.",sell,7.0,,,blocked_by_oms,"gate allowed but OMS rejected at sign-off (resting protective order - rests GTC, so a closed session is the right time to place it rather than a reason to wait)",US,,101668.43,40608.57,0.005684226498976836,auto
2026-08-04T21:11:17+00:00,dbd0f1a585784e9d9213794782154f14,AMD,,sell,7.0,,,pending_signoff,protective stop for an unprotected position,,,,,,auto
2026-08-04T21:11:17+00:00,dbd0f1a585784e9d9213794782154f14,AMD,autonomous-executor,sell,7.0,,,rejected,"broker refused: {""available"":""0"",""code"":40310000,""existing_qty"":""7"",""held_for_orders"":""7"",""message"":""insufficient qty available for order (requested: 7, available: 0)"",""related_orders"":[""bfc414c9-9371-49fb-b0ff-151efc5329f4""],""symbol"":""AMD""}",,,,,,auto
2026-08-04T21:11:17+00:00,dbd0f1a585784e9d9213794782154f14,AMD,"Advanced Micro Devices, Inc.",sell,7.0,,,blocked_by_oms,"gate allowed but OMS rejected at sign-off (resting protective order - rests GTC, so a closed session is the right time to place it rather than a reason to wait)",US,,101668.43,40608.57,0.005684226498976836,auto
2026-08-04T21:11:17+00:00,47689ef68a8b4b4d90932a76882be04a,GS,,sell,7.0,,,pending_signoff,protective stop for an unprotected position,,,,,,auto
2026-08-04T21:11:17+00:00,47689ef68a8b4b4d90932a76882be04a,GS,autonomous-executor,sell,7.0,,,rejected,"broker refused: {""available"":""0"",""code"":40310000,""existing_qty"":""7"",""held_for_orders"":""7"",""message"":""insufficient qty available for order (requested: 7, available: 0)"",""related_orders"":[""bb1e0d5b-23bd-4f11-8961-8931a9ccfc07""],""symbol"":""GS""}",,,,,,auto
2026-08-04T21:11:17+00:00,47689ef68a8b4b4d90932a76882be04a,GS,"The Goldman Sachs Group, Inc.",sell,7.0,,,blocked_by_oms,"gate allowed but OMS rejected at sign-off (resting protective order - rests GTC, so a closed session is the right time to place it rather than a reason to wait)",US,,101668.43,40608.57,0.005684226498976836,auto
2026-08-04T21:11:17+00:00,6cec6c7aac5148288f8e54601aeaae57,MS,,sell,82.0,,,pending_signoff,protective stop for an unprotected position,,,,,,auto
2026-08-04T21:11:18+00:00,6cec6c7aac5148288f8e54601aeaae57,MS,autonomous-executor,sell,82.0,,,rejected,"broker refused: {""available"":""0"",""code"":40310000,""existing_qty"":""82"",""held_for_orders"":""82"",""message"":""insufficient qty available for order (requested: 82, available: 0)"",""related_orders"":[""8fc541eb-e22a-44a2-9204-787212873940"",""14aa2dbb-4055-4208-865e-1fab75c0ccb4""],""symbol"":""MS""}",,,,,,auto
2026-08-04T21:11:18+00:00,6cec6c7aac5148288f8e54601aeaae57,MS,Morgan Stanley,sell,82.0,,,blocked_by_oms,"gate allowed but OMS rejected at sign-off (resting protective order - rests GTC, so a closed session is the right time to place it rather than a reason to wait)",US,,101669.4,40608.57,0.005693821549276178,auto
2026-08-04T21:16:18+00:00,161154d33ccf4f5db71815dfb99ae630,AMAT,,sell,7.0,,,pending_signoff,protective stop for an unprotected position,,,,,,auto
2026-08-04T21:16:19+00:00,161154d33ccf4f5db71815dfb99ae630,AMAT,autonomous-executor,sell,7.0,,,rejected,"broker refused: {""available"":""0"",""code"":40310000,""existing_qty"":""7"",""held_for_orders"":""7"",""message"":""insufficient qty available for order (requested: 7, available: 0)"",""related_orders"":[""699407f9-8332-4d16-a822-b50391031474""],""symbol"":""AMAT""}",,,,,,auto
2026-08-04T21:16:19+00:00,161154d33ccf4f5db71815dfb99ae630,AMAT,"Applied Materials, Inc.",sell,7.0,,,blocked_by_oms,"gate allowed but OMS rejected at sign-off (resting protective order - rests GTC, so a closed session is the right time to place it rather than a reason to wait)",US,,101603.17,40608.57,0.005038687341724993,auto
2026-08-04T21:16:19+00:00,fb6ba83db60e4b57b213f5aad19d3e45,AMD,,sell,7.0,,,pending_signoff,protective stop for an unprotected position,,,,,,auto
2026-08-04T21:16:19+00:00,fb6ba83db60e4b57b213f5aad19d3e45,AMD,autonomous-executor,sell,7.0,,,rejected,"broker refused: {""available"":""0"",""code"":40310000,""existing_qty"":""7"",""held_for_orders"":""7"",""message"":""insufficient qty available for order (requested: 7, available: 0)"",""related_orders"":[""bfc414c9-9371-49fb-b0ff-151efc5329f4""],""symbol"":""AMD""}",,,,,,auto
2026-08-04T21:16:19+00:00,fb6ba83db60e4b57b213f5aad19d3e45,AMD,"Advanced Micro Devices, Inc.",sell,7.0,,,blocked_by_oms,"gate allowed but OMS rejected at sign-off (resting protective order - rests GTC, so a closed session is the right time to place it rather than a reason to wait)",US,,101606.41,40608.57,0.005070736788085697,auto
2026-08-04T21:16:19+00:00,f659851ed5de4f518fb83af569071bfb,GS,,sell,7.0,,,pending_signoff,protective stop for an unprotected position,,,,,,auto
2026-08-04T21:16:20+00:00,f659851ed5de4f518fb83af569071bfb,GS,autonomous-executor,sell,7.0,,,rejected,"broker refused: {""available"":""0"",""code"":40310000,""existing_qty"":""7"",""held_for_orders"":""7"",""message"":""insufficient qty available for order (requested: 7, available: 0)"",""related_orders"":[""bb1e0d5b-23bd-4f11-8961-8931a9ccfc07""],""symbol"":""GS""}",,,,,,auto
2026-08-04T21:16:20+00:00,f659851ed5de4f518fb83af569071bfb,GS,"The Goldman Sachs Group, Inc.",sell,7.0,,,blocked_by_oms,"gate allowed but OMS rejected at sign-off (resting protective order - rests GTC, so a closed session is the right time to place it rather than a reason to wait)",US,,101604.93,40608.57,0.005056096917525789,auto
2026-08-04T21:16:20+00:00,55a00fe8db92414a9122227c7f821ec5,MS,,sell,82.0,,,pending_signoff,protective stop for an unprotected position,,,,,,auto
2026-08-04T21:16:20+00:00,55a00fe8db92414a9122227c7f821ec5,MS,autonomous-executor,sell,82.0,,,rejected,"broker refused: {""available"":""0"",""code"":40310000,""existing_qty"":""82"",""held_for_orders"":""82"",""message"":""insufficient qty available for order (requested: 82, available: 0)"",""related_orders"":[""8fc541eb-e22a-44a2-9204-787212873940"",""14aa2dbb-4055-4208-865e-1fab75c0ccb4""],""symbol"":""MS""}",,,,,,auto
2026-08-04T21:16:20+00:00,55a00fe8db92414a9122227c7f821ec5,MS,Morgan Stanley,sell,82.0,,,blocked_by_oms,"gate allowed but OMS rejected at sign-off (resting protective order - rests GTC, so a closed session is the right time to place it rather than a reason to wait)",US,,101604.93,40608.57,0.005056096917525789,auto
2026-08-04T21:21:21+00:00,c0717a5a87144b0e8924949cafe0dc0b,AMAT,,sell,7.0,,,pending_signoff,protective stop for an unprotected position,,,,,,auto
2026-08-04T21:21:21+00:00,c0717a5a87144b0e8924949cafe0dc0b,AMAT,autonomous-executor,sell,7.0,,,rejected,"broker refused: {""available"":""0"",""code"":40310000,""existing_qty"":""7"",""held_for_orders"":""7"",""message"":""insufficient qty available for order (requested: 7, available: 0)"",""related_orders"":[""699407f9-8332-4d16-a822-b50391031474""],""symbol"":""AMAT""}",,,,,,auto
2026-08-04T21:21:21+00:00,c0717a5a87144b0e8924949cafe0dc0b,AMAT,"Applied Materials, Inc.",sell,7.0,,,blocked_by_oms,"gate allowed but OMS rejected at sign-off (resting protective order - rests GTC, so a closed session is the right time to place it rather than a reason to wait)",US,,101656.47,40608.57,0.005565920517966609,auto
2026-08-04T21:21:21+00:00,f08713075d714103a53de24e1cc3786b,AMD,,sell,7.0,,,pending_signoff,protective stop for an unprotected position,,,,,,auto
2026-08-04T21:21:21+00:00,f08713075d714103a53de24e1cc3786b,AMD,autonomous-executor,sell,7.0,,,rejected,"broker refused: {""available"":""0"",""code"":40310000,""existing_qty"":""7"",""held_for_orders"":""7"",""message"":""insufficient qty available for order (requested: 7, available: 0)"",""related_orders"":[""bfc414c9-9371-49fb-b0ff-151efc5329f4""],""symbol"":""AMD""}",,,,,,auto
2026-08-04T21:21:21+00:00,f08713075d714103a53de24e1cc3786b,AMD,"Advanced Micro Devices, Inc.",sell,7.0,,,blocked_by_oms,"gate allowed but OMS rejected at sign-off (resting protective order - rests GTC, so a closed session is the right time to place it rather than a reason to wait)",US,,101656.63,40608.57,0.005567503206675812,auto
2026-08-04T21:21:21+00:00,5a8569732aef4d52851aaafd1048ecd2,GS,,sell,7.0,,,pending_signoff,protective stop for an unprotected position,,,,,,auto
2026-08-04T21:21:22+00:00,5a8569732aef4d52851aaafd1048ecd2,GS,autonomous-executor,sell,7.0,,,rejected,"broker refused: {""available"":""0"",""code"":40310000,""existing_qty"":""7"",""held_for_orders"":""7"",""message"":""insufficient qty available for order (requested: 7, available: 0)"",""related_orders"":[""bb1e0d5b-23bd-4f11-8961-8931a9ccfc07""],""symbol"":""GS""}",,,,,,auto
2026-08-04T21:21:22+00:00,5a8569732aef4d52851aaafd1048ecd2,GS,"The Goldman Sachs Group, Inc.",sell,7.0,,,blocked_by_oms,"gate allowed but OMS rejected at sign-off (resting protective order - rests GTC, so a closed session is the right time to place it rather than a reason to wait)",US,,101657.54,40608.57,0.005576504748709095,auto
2026-08-04T21:21:22+00:00,eda36ee1c6dd443dbcce86c76ca18a87,MS,,sell,82.0,,,pending_signoff,protective stop for an unprotected position,,,,,,auto
2026-08-04T21:21:22+00:00,eda36ee1c6dd443dbcce86c76ca18a87,MS,autonomous-executor,sell,82.0,,,rejected,"broker refused: {""available"":""0"",""code"":40310000,""existing_qty"":""82"",""held_for_orders"":""82"",""message"":""insufficient qty available for order (requested: 82, available: 0)"",""related_orders"":[""8fc541eb-e22a-44a2-9204-787212873940"",""14aa2dbb-4055-4208-865e-1fab75c0ccb4""],""symbol"":""MS""}",,,,,,auto
2026-08-04T21:21:22+00:00,eda36ee1c6dd443dbcce86c76ca18a87,MS,Morgan Stanley,sell,82.0,,,blocked_by_oms,"gate allowed but OMS rejected at sign-off (resting protective order - rests GTC, so a closed session is the right time to place it rather than a reason to wait)",US,,101657.54,40608.57,0.005576504748709095,auto
2026-08-04T21:26:23+00:00,0590d2d68ac74559ac360cf6962cde27,AMAT,,sell,7.0,,,pending_signoff,protective stop for an unprotected position,,,,,,auto
2026-08-04T21:26:24+00:00,0590d2d68ac74559ac360cf6962cde27,AMAT,autonomous-executor,sell,7.0,,,rejected,"broker refused: {""available"":""0"",""code"":40310000,""existing_qty"":""7"",""held_for_orders"":""7"",""message"":""insufficient qty available for order (requested: 7, available: 0)"",""related_orders"":[""699407f9-8332-4d16-a822-b50391031474""],""symbol"":""AMAT""}",,,,,,auto
2026-08-04T21:26:24+00:00,0590d2d68ac74559ac360cf6962cde27,AMAT,"Applied Materials, Inc.",sell,7.0,,,blocked_by_oms,"gate allowed but OMS rejected at sign-off (resting protective order - rests GTC, so a closed session is the right time to place it rather than a reason to wait)",US,,101616.69,40608.57,0.005172424537649729,auto
2026-08-04T21:26:24+00:00,5ea4f9e0f4fd4d8fbd0d2226f597517e,AMD,,sell,7.0,,,pending_signoff,protective stop for an unprotected position,,,,,,auto
2026-08-04T21:26:24+00:00,5ea4f9e0f4fd4d8fbd0d2226f597517e,AMD,autonomous-executor,sell,7.0,,,rejected,"broker refused: {""available"":""0"",""code"":40310000,""existing_qty"":""7"",""held_for_orders"":""7"",""message"":""insufficient qty available for order (requested: 7, available: 0)"",""related_orders"":[""bfc414c9-9371-49fb-b0ff-151efc5329f4""],""symbol"":""AMD""}",,,,,,auto
2026-08-04T21:26:24+00:00,5ea4f9e0f4fd4d8fbd0d2226f597517e,AMD,"Advanced Micro Devices, Inc.",sell,7.0,,,blocked_by_oms,"gate allowed but OMS rejected at sign-off (resting protective order - rests GTC, so a closed session is the right time to place it rather than a reason to wait)",US,,101613.74,40608.57,0.005143243714574473,auto
2026-08-04T21:26:24+00:00,2c3354c10c1d4bf49396010951cfdc3d,GS,,sell,7.0,,,pending_signoff,protective stop for an unprotected position,,,,,,auto
2026-08-04T21:26:25+00:00,2c3354c10c1d4bf49396010951cfdc3d,GS,autonomous-executor,sell,7.0,,,rejected,"broker refused: {""available"":""0"",""code"":40310000,""existing_qty"":""7"",""held_for_orders"":""7"",""message"":""insufficient qty available for order (requested: 7, available: 0)"",""related_orders"":[""bb1e0d5b-23bd-4f11-8961-8931a9ccfc07""],""symbol"":""GS""}",,,,,,auto
2026-08-04T21:26:25+00:00,2c3354c10c1d4bf49396010951cfdc3d,GS,"The Goldman Sachs Group, Inc.",sell,7.0,,,blocked_by_oms,"gate allowed but OMS rejected at sign-off (resting protective order - rests GTC, so a closed session is the right time to place it rather than a reason to wait)",US,,101613.74,40608.57,0.005143243714574473,auto
2026-08-04T21:26:25+00:00,492be6f0040c47a6b3fe4ffa08515d95,MS,,sell,82.0,,,pending_signoff,protective stop for an unprotected position,,,,,,auto
2026-08-04T21:26:25+00:00,492be6f0040c47a6b3fe4ffa08515d95,MS,autonomous-executor,sell,82.0,,,rejected,"broker refused: {""available"":""0"",""code"":40310000,""existing_qty"":""82"",""held_for_orders"":""82"",""message"":""insufficient qty available for order (requested: 82, available: 0)"",""related_orders"":[""8fc541eb-e22a-44a2-9204-787212873940"",""14aa2dbb-4055-4208-865e-1fab75c0ccb4""],""symbol"":""MS""}",,,,,,auto
2026-08-04T21:26:25+00:00,492be6f0040c47a6b3fe4ffa08515d95,MS,Morgan Stanley,sell,82.0,,,blocked_by_oms,"gate allowed but OMS rejected at sign-off (resting protective order - rests GTC, so a closed session is the right time to place it rather than a reason to wait)",US,,101613.74,40608.57,0.005143243714574473,auto
2026-08-04T21:31:26+00:00,fabaa2c758e142efa8820e9fdb209d64,AMAT,,sell,7.0,,,pending_signoff,protective stop for an unprotected position,,,,,,auto
2026-08-04T21:31:26+00:00,fabaa2c758e142efa8820e9fdb209d64,AMAT,autonomous-executor,sell,7.0,,,rejected,"broker refused: {""available"":""0"",""code"":40310000,""existing_qty"":""7"",""held_for_orders"":""7"",""message"":""insufficient qty available for order (requested: 7, available: 0)"",""related_orders"":[""699407f9-8332-4d16-a822-b50391031474""],""symbol"":""AMAT""}",,,,,,auto
2026-08-04T21:31:26+00:00,fabaa2c758e142efa8820e9fdb209d64,AMAT,"Applied Materials, Inc.",sell,7.0,,,blocked_by_oms,"gate allowed but OMS rejected at sign-off (resting protective order - rests GTC, so a closed session is the right time to place it rather than a reason to wait)",US,,101621.01,40608.57,0.00521515713279719,auto
2026-08-04T21:31:26+00:00,58ef6395eefd4b7db36c8c55603f15a0,AMD,,sell,7.0,,,pending_signoff,protective stop for an unprotected position,,,,,,auto
2026-08-04T21:31:27+00:00,58ef6395eefd4b7db36c8c55603f15a0,AMD,autonomous-executor,sell,7.0,,,rejected,"broker refused: {""available"":""0"",""code"":40310000,""existing_qty"":""7"",""held_for_orders"":""7"",""message"":""insufficient qty available for order (requested: 7, available: 0)"",""related_orders"":[""bfc414c9-9371-49fb-b0ff-151efc5329f4""],""symbol"":""AMD""}",,,,,,auto
2026-08-04T21:31:27+00:00,58ef6395eefd4b7db36c8c55603f15a0,AMD,"Advanced Micro Devices, Inc.",sell,7.0,,,blocked_by_oms,"gate allowed but OMS rejected at sign-off (resting protective order - rests GTC, so a closed session is the right time to place it rather than a reason to wait)",US,,101621.01,40608.57,0.00521515713279719,auto
2026-08-04T21:31:27+00:00,baf536a42fc34e5ebdc24b93ab668923,GS,,sell,7.0,,,pending_signoff,protective stop for an unprotected position,,,,,,auto
2026-08-04T21:31:27+00:00,baf536a42fc34e5ebdc24b93ab668923,GS,autonomous-executor,sell,7.0,,,rejected,"broker refused: {""available"":""0"",""code"":40310000,""existing_qty"":""7"",""held_for_orders"":""7"",""message"":""insufficient qty available for order (requested: 7, available: 0)"",""related_orders"":[""bb1e0d5b-23bd-4f11-8961-8931a9ccfc07""],""symbol"":""GS""}",,,,,,auto
2026-08-04T21:31:27+00:00,baf536a42fc34e5ebdc24b93ab668923,GS,"The Goldman Sachs Group, Inc.",sell,7.0,,,blocked_by_oms,"gate allowed but OMS rejected at sign-off (resting protective order - rests GTC, so a closed session is the right time to place it rather than a reason to wait)",US,,101621.01,40608.57,0.00521515713279719,auto
2026-08-04T21:31:27+00:00,09a5def3666f4b92b4cda57faff6a92e,MS,,sell,82.0,,,pending_signoff,protective stop for an unprotected position,,,,,,auto
2026-08-04T21:31:27+00:00,09a5def3666f4b92b4cda57faff6a92e,MS,autonomous-executor,sell,82.0,,,rejected,"broker refused: {""available"":""0"",""code"":40310000,""existing_qty"":""82"",""held_for_orders"":""82"",""message"":""insufficient qty available for order (requested: 82, available: 0)"",""related_orders"":[""8fc541eb-e22a-44a2-9204-787212873940"",""14aa2dbb-4055-4208-865e-1fab75c0ccb4""],""symbol"":""MS""}",,,,,,auto
2026-08-04T21:31:27+00:00,09a5def3666f4b92b4cda57faff6a92e,MS,Morgan Stanley,sell,82.0,,,blocked_by_oms,"gate allowed but OMS rejected at sign-off (resting protective order - rests GTC, so a closed session is the right time to place it rather than a reason to wait)",US,,101621.01,40608.57,0.00521515713279719,auto
2026-08-04T21:36:28+00:00,c18019eff23e4307a001272fb3826c97,AMAT,,sell,7.0,,,pending_signoff,protective stop for an unprotected position,,,,,,auto
2026-08-04T21:36:28+00:00,c18019eff23e4307a001272fb3826c97,AMAT,autonomous-executor,sell,7.0,,,rejected,"broker refused: {""available"":""0"",""code"":40310000,""existing_qty"":""7"",""held_for_orders"":""7"",""message"":""insufficient qty available for order (requested: 7, available: 0)"",""related_orders"":[""699407f9-8332-4d16-a822-b50391031474""],""symbol"":""AMAT""}",,,,,,auto
2026-08-04T21:36:28+00:00,c18019eff23e4307a001272fb3826c97,AMAT,"Applied Materials, Inc.",sell,7.0,,,blocked_by_oms,"gate allowed but OMS rejected at sign-off (resting protective order - rests GTC, so a closed session is the right time to place it rather than a reason to wait)",US,,101622.46,40608.57,0.005229500249224139,auto
2026-08-04T21:36:28+00:00,71ecbf2bb84e494a966d1c4ad07ccf6d,AMD,,sell,7.0,,,pending_signoff,protective stop for an unprotected position,,,,,,auto
2026-08-04T21:36:29+00:00,71ecbf2bb84e494a966d1c4ad07ccf6d,AMD,autonomous-executor,sell,7.0,,,rejected,"broker refused: {""available"":""0"",""code"":40310000,""existing_qty"":""7"",""held_for_orders"":""7"",""message"":""insufficient qty available for order (requested: 7, available: 0)"",""related_orders"":[""bfc414c9-9371-49fb-b0ff-151efc5329f4""],""symbol"":""AMD""}",,,,,,auto
2026-08-04T21:36:29+00:00,71ecbf2bb84e494a966d1c4ad07ccf6d,AMD,"Advanced Micro Devices, Inc.",sell,7.0,,,blocked_by_oms,"gate allowed but OMS rejected at sign-off (resting protective order - rests GTC, so a closed session is the right time to place it rather than a reason to wait)",US,,101622.46,40608.57,0.005229500249224139,auto
2026-08-04T21:36:29+00:00,767be78037dd47d8bec049cc1b26bfa3,GS,,sell,7.0,,,pending_signoff,protective stop for an unprotected position,,,,,,auto
2026-08-04T21:36:29+00:00,767be78037dd47d8bec049cc1b26bfa3,GS,autonomous-executor,sell,7.0,,,rejected,"broker refused: {""available"":""0"",""code"":40310000,""existing_qty"":""7"",""held_for_orders"":""7"",""message"":""insufficient qty available for order (requested: 7, available: 0)"",""related_orders"":[""bb1e0d5b-23bd-4f11-8961-8931a9ccfc07""],""symbol"":""GS""}",,,,,,auto
2026-08-04T21:36:29+00:00,767be78037dd47d8bec049cc1b26bfa3,GS,"The Goldman Sachs Group, Inc.",sell,7.0,,,blocked_by_oms,"gate allowed but OMS rejected at sign-off (resting protective order - rests GTC, so a closed session is the right time to place it rather than a reason to wait)",US,,101622.46,40608.57,0.005229500249224139,auto
2026-08-04T21:36:29+00:00,83b9874ed7204daa92c933d7fc349b70,MS,,sell,82.0,,,pending_signoff,protective stop for an unprotected position,,,,,,auto
2026-08-04T21:36:30+00:00,83b9874ed7204daa92c933d7fc349b70,MS,autonomous-executor,sell,82.0,,,rejected,"broker refused: {""available"":""0"",""code"":40310000,""existing_qty"":""82"",""held_for_orders"":""82"",""message"":""insufficient qty available for order (requested: 82, available: 0)"",""related_orders"":[""8fc541eb-e22a-44a2-9204-787212873940"",""14aa2dbb-4055-4208-865e-1fab75c0ccb4""],""symbol"":""MS""}",,,,,,auto
2026-08-04T21:36:30+00:00,83b9874ed7204daa92c933d7fc349b70,MS,Morgan Stanley,sell,82.0,,,blocked_by_oms,"gate allowed but OMS rejected at sign-off (resting protective order - rests GTC, so a closed session is the right time to place it rather than a reason to wait)",US,,101622.61,40608.57,0.0052309840198889275,auto
2026-08-04T21:41:30+00:00,abbc4890141e4234a7e5fc97391e7c3a,AMAT,,sell,7.0,,,pending_signoff,protective stop for an unprotected position,,,,,,auto
2026-08-04T21:41:31+00:00,abbc4890141e4234a7e5fc97391e7c3a,AMAT,autonomous-executor,sell,7.0,,,rejected,"broker refused: {""available"":""0"",""code"":40310000,""existing_qty"":""7"",""held_for_orders"":""7"",""message"":""insufficient qty available for order (requested: 7, available: 0)"",""related_orders"":[""699407f9-8332-4d16-a822-b50391031474""],""symbol"":""AMAT""}",,,,,,auto
2026-08-04T21:41:31+00:00,abbc4890141e4234a7e5fc97391e7c3a,AMAT,"Applied Materials, Inc.",sell,7.0,,,blocked_by_oms,"gate allowed but OMS rejected at sign-off (resting protective order - rests GTC, so a closed session is the right time to place it rather than a reason to wait)",US,,101652.38,40608.57,0.0055254630378385365,auto
2026-08-04T21:41:31+00:00,edab5c4b172b4b4d98e65829c2194f69,AMD,,sell,7.0,,,pending_signoff,protective stop for an unprotected position,,,,,,auto
2026-08-04T21:41:31+00:00,edab5c4b172b4b4d98e65829c2194f69,AMD,autonomous-executor,sell,7.0,,,rejected,"broker refused: {""available"":""0"",""code"":40310000,""existing_qty"":""7"",""held_for_orders"":""7"",""message"":""insufficient qty available for order (requested: 7, available: 0)"",""related_orders"":[""bfc414c9-9371-49fb-b0ff-151efc5329f4""],""symbol"":""AMD""}",,,,,,auto
2026-08-04T21:41:31+00:00,edab5c4b172b4b4d98e65829c2194f69,AMD,"Advanced Micro Devices, Inc.",sell,7.0,,,blocked_by_oms,"gate allowed but OMS rejected at sign-off (resting protective order - rests GTC, so a closed session is the right time to place it rather than a reason to wait)",US,,101652.38,40608.57,0.0055254630378385365,auto
2026-08-04T21:41:31+00:00,db442f911050499b8d8762964e6fe404,GS,,sell,7.0,,,pending_signoff,protective stop for an unprotected position,,,,,,auto
2026-08-04T21:41:32+00:00,db442f911050499b8d8762964e6fe404,GS,autonomous-executor,sell,7.0,,,rejected,"broker refused: {""available"":""0"",""code"":40310000,""existing_qty"":""7"",""held_for_orders"":""7"",""message"":""insufficient qty available for order (requested: 7, available: 0)"",""related_orders"":[""bb1e0d5b-23bd-4f11-8961-8931a9ccfc07""],""symbol"":""GS""}",,,,,,auto
2026-08-04T21:41:32+00:00,db442f911050499b8d8762964e6fe404,GS,"The Goldman Sachs Group, Inc.",sell,7.0,,,blocked_by_oms,"gate allowed but OMS rejected at sign-off (resting protective order - rests GTC, so a closed session is the right time to place it rather than a reason to wait)",US,,101652.38,40608.57,0.0055254630378385365,auto
2026-08-04T21:41:32+00:00,1b83ddd91f0d4b548738f6fb2ea910ee,MS,,sell,82.0,,,pending_signoff,protective stop for an unprotected position,,,,,,auto
2026-08-04T21:41:32+00:00,1b83ddd91f0d4b548738f6fb2ea910ee,MS,autonomous-executor,sell,82.0,,,rejected,"broker refused: {""available"":""0"",""code"":40310000,""existing_qty"":""82"",""held_for_orders"":""82"",""message"":""insufficient qty available for order (requested: 82, available: 0)"",""related_orders"":[""8fc541eb-e22a-44a2-9204-787212873940"",""14aa2dbb-4055-4208-865e-1fab75c0ccb4""],""symbol"":""MS""}",,,,,,auto
2026-08-04T21:41:32+00:00,1b83ddd91f0d4b548738f6fb2ea910ee,MS,Morgan Stanley,sell,82.0,,,blocked_by_oms,"gate allowed but OMS rejected at sign-off (resting protective order - rests GTC, so a closed session is the right time to place it rather than a reason to wait)",US,,101653.67,40608.57,0.005538223465556141,auto
2026-08-04T21:46:32+00:00,ea0977a86f9c4fb4a322b40eee5dbdd6,AMAT,,sell,7.0,,,pending_signoff,protective stop for an unprotected position,,,,,,auto
2026-08-04T21:46:33+00:00,ea0977a86f9c4fb4a322b40eee5dbdd6,AMAT,autonomous-executor,sell,7.0,,,rejected,"broker refused: {""available"":""0"",""code"":40310000,""existing_qty"":""7"",""held_for_orders"":""7"",""message"":""insufficient qty available for order (requested: 7, available: 0)"",""related_orders"":[""699407f9-8332-4d16-a822-b50391031474""],""symbol"":""AMAT""}",,,,,,auto
2026-08-04T21:46:33+00:00,ea0977a86f9c4fb4a322b40eee5dbdd6,AMAT,"Applied Materials, Inc.",sell,7.0,,,blocked_by_oms,"gate allowed but OMS rejected at sign-off (resting protective order - rests GTC, so a closed session is the right time to place it rather than a reason to wait)",US,,101638.01,40608.57,0.005383317808146289,auto
2026-08-04T21:46:33+00:00,f6318043d84d4b04975ec1f7521366e6,AMD,,sell,7.0,,,pending_signoff,protective stop for an unprotected position,,,,,,auto
2026-08-04T21:46:33+00:00,f6318043d84d4b04975ec1f7521366e6,AMD,autonomous-executor,sell,7.0,,,rejected,"broker refused: {""available"":""0"",""code"":40310000,""existing_qty"":""7"",""held_for_orders"":""7"",""message"":""insufficient qty available for order (requested: 7, available: 0)"",""related_orders"":[""bfc414c9-9371-49fb-b0ff-151efc5329f4""],""symbol"":""AMD""}",,,,,,auto
2026-08-04T21:46:33+00:00,f6318043d84d4b04975ec1f7521366e6,AMD,"Advanced Micro Devices, Inc.",sell,7.0,,,blocked_by_oms,"gate allowed but OMS rejected at sign-off (resting protective order - rests GTC, so a closed session is the right time to place it rather than a reason to wait)",US,,101638.01,40608.57,0.005383317808146289,auto
2026-08-04T21:46:33+00:00,7ca4c97bdc7a475eb1fbeabd878e3c05,GS,,sell,7.0,,,pending_signoff,protective stop for an unprotected position,,,,,,auto
2026-08-04T21:46:34+00:00,7ca4c97bdc7a475eb1fbeabd878e3c05,GS,autonomous-executor,sell,7.0,,,rejected,"broker refused: {""available"":""0"",""code"":40310000,""existing_qty"":""7"",""held_for_orders"":""7"",""message"":""insufficient qty available for order (requested: 7, available: 0)"",""related_orders"":[""bb1e0d5b-23bd-4f11-8961-8931a9ccfc07""],""symbol"":""GS""}",,,,,,auto
2026-08-04T21:46:34+00:00,7ca4c97bdc7a475eb1fbeabd878e3c05,GS,"The Goldman Sachs Group, Inc.",sell,7.0,,,blocked_by_oms,"gate allowed but OMS rejected at sign-off (resting protective order - rests GTC, so a closed session is the right time to place it rather than a reason to wait)",US,,101638.01,40608.57,0.005383317808146289,auto
2026-08-04T21:46:34+00:00,de0f09062fac4a9a802f2b4b83d6ad2a,MS,,sell,82.0,,,pending_signoff,protective stop for an unprotected position,,,,,,auto
2026-08-04T21:46:34+00:00,de0f09062fac4a9a802f2b4b83d6ad2a,MS,autonomous-executor,sell,82.0,,,rejected,"broker refused: {""available"":""0"",""code"":40310000,""existing_qty"":""82"",""held_for_orders"":""82"",""message"":""insufficient qty available for order (requested: 82, available: 0)"",""related_orders"":[""8fc541eb-e22a-44a2-9204-787212873940"",""14aa2dbb-4055-4208-865e-1fab75c0ccb4""],""symbol"":""MS""}",,,,,,auto
2026-08-04T21:46:34+00:00,de0f09062fac4a9a802f2b4b83d6ad2a,MS,Morgan Stanley,sell,82.0,,,blocked_by_oms,"gate allowed but OMS rejected at sign-off (resting protective order - rests GTC, so a closed session is the right time to place it rather than a reason to wait)",US,,101637.41,40608.57,0.005377382725486995,auto
2026-08-04T21:51:35+00:00,f80d9f38573a4545a55a9d78da05460a,AMAT,,sell,7.0,,,pending_signoff,protective stop for an unprotected position,,,,,,auto
2026-08-04T21:51:35+00:00,f80d9f38573a4545a55a9d78da05460a,AMAT,autonomous-executor,sell,7.0,,,rejected,"broker refused: {""available"":""0"",""code"":40310000,""existing_qty"":""7"",""held_for_orders"":""7"",""message"":""insufficient qty available for order (requested: 7, available: 0)"",""related_orders"":[""699407f9-8332-4d16-a822-b50391031474""],""symbol"":""AMAT""}",,,,,,auto
2026-08-04T21:51:35+00:00,f80d9f38573a4545a55a9d78da05460a,AMAT,"Applied Materials, Inc.",sell,7.0,,,blocked_by_oms,"gate allowed but OMS rejected at sign-off (resting protective order - rests GTC, so a closed session is the right time to place it rather than a reason to wait)",US,,101622.36,40608.57,0.0052285110687808525,auto
2026-08-04T21:51:35+00:00,f7e61896476b4f418a86033a5043cde8,AMD,,sell,7.0,,,pending_signoff,protective stop for an unprotected position,,,,,,auto
2026-08-04T21:51:36+00:00,f7e61896476b4f418a86033a5043cde8,AMD,autonomous-executor,sell,7.0,,,rejected,"broker refused: {""available"":""0"",""code"":40310000,""existing_qty"":""7"",""held_for_orders"":""7"",""message"":""insufficient qty available for order (requested: 7, available: 0)"",""related_orders"":[""bfc414c9-9371-49fb-b0ff-151efc5329f4""],""symbol"":""AMD""}",,,,,,auto
2026-08-04T21:51:36+00:00,f7e61896476b4f418a86033a5043cde8,AMD,"Advanced Micro Devices, Inc.",sell,7.0,,,blocked_by_oms,"gate allowed but OMS rejected at sign-off (resting protective order - rests GTC, so a closed session is the right time to place it rather than a reason to wait)",US,,101622.36,40608.57,0.0052285110687808525,auto
2026-08-04T21:51:36+00:00,0e63a75c28d74a15980e92ab06bf091a,GS,,sell,7.0,,,pending_signoff,protective stop for an unprotected position,,,,,,auto
2026-08-04T21:51:36+00:00,0e63a75c28d74a15980e92ab06bf091a,GS,autonomous-executor,sell,7.0,,,rejected,"broker refused: {""available"":""0"",""code"":40310000,""existing_qty"":""7"",""held_for_orders"":""7"",""message"":""insufficient qty available for order (requested: 7, available: 0)"",""related_orders"":[""bb1e0d5b-23bd-4f11-8961-8931a9ccfc07""],""symbol"":""GS""}",,,,,,auto
2026-08-04T21:51:36+00:00,0e63a75c28d74a15980e92ab06bf091a,GS,"The Goldman Sachs Group, Inc.",sell,7.0,,,blocked_by_oms,"gate allowed but OMS rejected at sign-off (resting protective order - rests GTC, so a closed session is the right time to place it rather than a reason to wait)",US,,101622.36,40608.57,0.0052285110687808525,auto
2026-08-04T21:51:36+00:00,2e0b852d8a4740a898652bfb8e781c77,MS,,sell,82.0,,,pending_signoff,protective stop for an unprotected position,,,,,,auto
2026-08-04T21:51:36+00:00,2e0b852d8a4740a898652bfb8e781c77,MS,autonomous-executor,sell,82.0,,,rejected,"broker refused: {""available"":""0"",""code"":40310000,""existing_qty"":""82"",""held_for_orders"":""82"",""message"":""insufficient qty available for order (requested: 82, available: 0)"",""related_orders"":[""8fc541eb-e22a-44a2-9204-787212873940"",""14aa2dbb-4055-4208-865e-1fab75c0ccb4""],""symbol"":""MS""}",,,,,,auto
2026-08-04T21:51:36+00:00,2e0b852d8a4740a898652bfb8e781c77,MS,Morgan Stanley,sell,82.0,,,blocked_by_oms,"gate allowed but OMS rejected at sign-off (resting protective order - rests GTC, so a closed session is the right time to place it rather than a reason to wait)",US,,101622.36,40608.57,0.0052285110687808525,auto
2026-08-04T21:56:37+00:00,36322286a57644f4a73273368f9196fe,AMAT,,sell,7.0,,,pending_signoff,protective stop for an unprotected position,,,,,,auto
2026-08-04T21:56:37+00:00,36322286a57644f4a73273368f9196fe,AMAT,autonomous-executor,sell,7.0,,,rejected,"broker refused: {""available"":""0"",""code"":40310000,""existing_qty"":""7"",""held_for_orders"":""7"",""message"":""insufficient qty available for order (requested: 7, available: 0)"",""related_orders"":[""699407f9-8332-4d16-a822-b50391031474""],""symbol"":""AMAT""}",,,,,,auto
2026-08-04T21:56:37+00:00,36322286a57644f4a73273368f9196fe,AMAT,"Applied Materials, Inc.",sell,7.0,,,blocked_by_oms,"gate allowed but OMS rejected at sign-off (resting protective order - rests GTC, so a closed session is the right time to place it rather than a reason to wait)",US,,101649.88,40608.57,0.0055007335267577865,auto
2026-08-04T21:56:37+00:00,69cd762dcfb14722a74700685e3a1da8,AMD,,sell,7.0,,,pending_signoff,protective stop for an unprotected position,,,,,,auto
2026-08-04T21:56:38+00:00,69cd762dcfb14722a74700685e3a1da8,AMD,autonomous-executor,sell,7.0,,,rejected,"broker refused: {""available"":""0"",""code"":40310000,""existing_qty"":""7"",""held_for_orders"":""7"",""message"":""insufficient qty available for order (requested: 7, available: 0)"",""related_orders"":[""bfc414c9-9371-49fb-b0ff-151efc5329f4""],""symbol"":""AMD""}",,,,,,auto
2026-08-04T21:56:38+00:00,69cd762dcfb14722a74700685e3a1da8,AMD,"Advanced Micro Devices, Inc.",sell,7.0,,,blocked_by_oms,"gate allowed but OMS rejected at sign-off (resting protective order - rests GTC, so a closed session is the right time to place it rather than a reason to wait)",US,,101649.88,40608.57,0.0055007335267577865,auto
2026-08-04T21:56:38+00:00,02c5c7bec5f04767a2b825298dd74083,GS,,sell,7.0,,,pending_signoff,protective stop for an unprotected position,,,,,,auto
2026-08-04T21:56:38+00:00,02c5c7bec5f04767a2b825298dd74083,GS,autonomous-executor,sell,7.0,,,rejected,"broker refused: {""available"":""0"",""code"":40310000,""existing_qty"":""7"",""held_for_orders"":""7"",""message"":""insufficient qty available for order (requested: 7, available: 0)"",""related_orders"":[""bb1e0d5b-23bd-4f11-8961-8931a9ccfc07""],""symbol"":""GS""}",,,,,,auto
2026-08-04T21:56:38+00:00,02c5c7bec5f04767a2b825298dd74083,GS,"The Goldman Sachs Group, Inc.",sell,7.0,,,blocked_by_oms,"gate allowed but OMS rejected at sign-off (resting protective order - rests GTC, so a closed session is the right time to place it rather than a reason to wait)",US,,101649.88,40608.57,0.0055007335267577865,auto
2026-08-04T21:56:38+00:00,be88c73e6b3a4080887452455d2223af,MS,,sell,82.0,,,pending_signoff,protective stop for an unprotected position,,,,,,auto
2026-08-04T21:56:39+00:00,be88c73e6b3a4080887452455d2223af,MS,autonomous-executor,sell,82.0,,,rejected,"broker refused: {""available"":""0"",""code"":40310000,""existing_qty"":""82"",""held_for_orders"":""82"",""message"":""insufficient qty available for order (requested: 82, available: 0)"",""related_orders"":[""8fc541eb-e22a-44a2-9204-787212873940"",""14aa2dbb-4055-4208-865e-1fab75c0ccb4""],""symbol"":""MS""}",,,,,,auto
2026-08-04T21:56:39+00:00,be88c73e6b3a4080887452455d2223af,MS,Morgan Stanley,sell,82.0,,,blocked_by_oms,"gate allowed but OMS rejected at sign-off (resting protective order - rests GTC, so a closed session is the right time to place it rather than a reason to wait)",US,,101651.0,40608.57,0.005511812347721917,auto
2026-08-04T22:01:39+00:00,050604d0c6194d359da81bc944e0f409,AMAT,,sell,7.0,,,pending_signoff,protective stop for an unprotected position,,,,,,auto
2026-08-04T22:01:40+00:00,050604d0c6194d359da81bc944e0f409,AMAT,autonomous-executor,sell,7.0,,,rejected,"broker refused: {""available"":""0"",""code"":40310000,""existing_qty"":""7"",""held_for_orders"":""7"",""message"":""insufficient qty available for order (requested: 7, available: 0)"",""related_orders"":[""699407f9-8332-4d16-a822-b50391031474""],""symbol"":""AMAT""}",,,,,,auto
2026-08-04T22:01:40+00:00,050604d0c6194d359da81bc944e0f409,AMAT,"Applied Materials, Inc.",sell,7.0,,,blocked_by_oms,"gate allowed but OMS rejected at sign-off (resting protective order - rests GTC, so a closed session is the right time to place it rather than a reason to wait)",US,,101627.35,40608.57,0.00527787117289808,auto
2026-08-04T22:01:40+00:00,3e9437a7c2f047b18c4d991d22fe818f,AMD,,sell,7.0,,,pending_signoff,protective stop for an unprotected position,,,,,,auto
2026-08-04T22:01:40+00:00,3e9437a7c2f047b18c4d991d22fe818f,AMD,autonomous-executor,sell,7.0,,,rejected,"broker refused: {""available"":""0"",""code"":40310000,""existing_qty"":""7"",""held_for_orders"":""7"",""message"":""insufficient qty available for order (requested: 7, available: 0)"",""related_orders"":[""bfc414c9-9371-49fb-b0ff-151efc5329f4""],""symbol"":""AMD""}",,,,,,auto
2026-08-04T22:01:40+00:00,3e9437a7c2f047b18c4d991d22fe818f,AMD,"Advanced Micro Devices, Inc.",sell,7.0,,,blocked_by_oms,"gate allowed but OMS rejected at sign-off (resting protective order - rests GTC, so a closed session is the right time to place it rather than a reason to wait)",US,,101627.35,40608.57,0.00527787117289808,auto
2026-08-04T22:01:40+00:00,f73c55a5f5a641e49b6e8eaf37ac32ef,GS,,sell,7.0,,,pending_signoff,protective stop for an unprotected position,,,,,,auto
2026-08-04T22:01:40+00:00,f73c55a5f5a641e49b6e8eaf37ac32ef,GS,autonomous-executor,sell,7.0,,,rejected,"broker refused: {""available"":""0"",""code"":40310000,""existing_qty"":""7"",""held_for_orders"":""7"",""message"":""insufficient qty available for order (requested: 7, available: 0)"",""related_orders"":[""bb1e0d5b-23bd-4f11-8961-8931a9ccfc07""],""symbol"":""GS""}",,,,,,auto
2026-08-04T22:01:40+00:00,f73c55a5f5a641e49b6e8eaf37ac32ef,GS,"The Goldman Sachs Group, Inc.",sell,7.0,,,blocked_by_oms,"gate allowed but OMS rejected at sign-off (resting protective order - rests GTC, so a closed session is the right time to place it rather than a reason to wait)",US,,101631.48,40608.57,0.005318724325203382,auto
2026-08-04T22:01:40+00:00,68fd1b5dea2a4f9ba5c299c74db3c3d3,MS,,sell,82.0,,,pending_signoff,protective stop for an unprotected position,,,,,,auto
2026-08-04T22:01:41+00:00,68fd1b5dea2a4f9ba5c299c74db3c3d3,MS,autonomous-executor,sell,82.0,,,rejected,"broker refused: {""available"":""0"",""code"":40310000,""existing_qty"":""82"",""held_for_orders"":""82"",""message"":""insufficient qty available for order (requested: 82, available: 0)"",""related_orders"":[""8fc541eb-e22a-44a2-9204-787212873940"",""14aa2dbb-4055-4208-865e-1fab75c0ccb4""],""symbol"":""MS""}",,,,,,auto
2026-08-04T22:01:41+00:00,68fd1b5dea2a4f9ba5c299c74db3c3d3,MS,Morgan Stanley,sell,82.0,,,blocked_by_oms,"gate allowed but OMS rejected at sign-off (resting protective order - rests GTC, so a closed session is the right time to place it rather than a reason to wait)",US,,101631.48,40608.57,0.005318724325203382,auto
2026-08-04T22:06:41+00:00,3b3d1dfadd1a4860b2cbd3f7ce9efdd7,AMAT,,sell,7.0,,,pending_signoff,protective stop for an unprotected position,,,,,,auto
2026-08-04T22:06:42+00:00,3b3d1dfadd1a4860b2cbd3f7ce9efdd7,AMAT,autonomous-executor,sell,7.0,,,rejected,"broker refused: {""available"":""0"",""code"":40310000,""existing_qty"":""7"",""held_for_orders"":""7"",""message"":""insufficient qty available for order (requested: 7, available: 0)"",""related_orders"":[""699407f9-8332-4d16-a822-b50391031474""],""symbol"":""AMAT""}",,,,,,auto
2026-08-04T22:06:42+00:00,3b3d1dfadd1a4860b2cbd3f7ce9efdd7,AMAT,"Applied Materials, Inc.",sell,7.0,,,blocked_by_oms,"gate allowed but OMS rejected at sign-off (resting protective order - rests GTC, so a closed session is the right time to place it rather than a reason to wait)",US,,101665.47,40608.57,0.005654946757857308,auto
2026-08-04T22:06:42+00:00,663e4915dc954d8d98df289e66bf4b37,AMD,,sell,7.0,,,pending_signoff,protective stop for an unprotected position,,,,,,auto
2026-08-04T22:06:42+00:00,663e4915dc954d8d98df289e66bf4b37,AMD,autonomous-executor,sell,7.0,,,rejected,"broker refused: {""available"":""0"",""code"":40310000,""existing_qty"":""7"",""held_for_orders"":""7"",""message"":""insufficient qty available for order (requested: 7, available: 0)"",""related_orders"":[""bfc414c9-9371-49fb-b0ff-151efc5329f4""],""symbol"":""AMD""}",,,,,,auto
2026-08-04T22:06:42+00:00,663e4915dc954d8d98df289e66bf4b37,AMD,"Advanced Micro Devices, Inc.",sell,7.0,,,blocked_by_oms,"gate allowed but OMS rejected at sign-off (resting protective order - rests GTC, so a closed session is the right time to place it rather than a reason to wait)",US,,101665.47,40608.57,0.005654946757857308,auto
2026-08-04T22:06:42+00:00,9519402879084b62a3a814cc905419e7,GS,,sell,7.0,,,pending_signoff,protective stop for an unprotected position,,,,,,auto
2026-08-04T22:06:43+00:00,9519402879084b62a3a814cc905419e7,GS,autonomous-executor,sell,7.0,,,rejected,"broker refused: {""available"":""0"",""code"":40310000,""existing_qty"":""7"",""held_for_orders"":""7"",""message"":""insufficient qty available for order (requested: 7, available: 0)"",""related_orders"":[""bb1e0d5b-23bd-4f11-8961-8931a9ccfc07""],""symbol"":""GS""}",,,,,,auto
2026-08-04T22:06:43+00:00,9519402879084b62a3a814cc905419e7,GS,"The Goldman Sachs Group, Inc.",sell,7.0,,,blocked_by_oms,"gate allowed but OMS rejected at sign-off (resting protective order - rests GTC, so a closed session is the right time to place it rather than a reason to wait)",US,,101665.55,40608.57,0.0056557381022119095,auto
2026-08-04T22:06:43+00:00,ae55d34a182d436a98fbf5d8dbb3421c,MS,,sell,82.0,,,pending_signoff,protective stop for an unprotected position,,,,,,auto
2026-08-04T22:06:43+00:00,ae55d34a182d436a98fbf5d8dbb3421c,MS,autonomous-executor,sell,82.0,,,rejected,"broker refused: {""available"":""0"",""code"":40310000,""existing_qty"":""82"",""held_for_orders"":""82"",""message"":""insufficient qty available for order (requested: 82, available: 0)"",""related_orders"":[""8fc541eb-e22a-44a2-9204-787212873940"",""14aa2dbb-4055-4208-865e-1fab75c0ccb4""],""symbol"":""MS""}",,,,,,auto
2026-08-04T22:06:43+00:00,ae55d34a182d436a98fbf5d8dbb3421c,MS,Morgan Stanley,sell,82.0,,,blocked_by_oms,"gate allowed but OMS rejected at sign-off (resting protective order - rests GTC, so a closed session is the right time to place it rather than a reason to wait)",US,,101665.55,40608.57,0.0056557381022119095,auto
2026-08-04T22:11:44+00:00,f7ce90a5efab41398e184bdf3f7e60ad,AMAT,,sell,7.0,,,pending_signoff,protective stop for an unprotected position,,,,,,auto
2026-08-04T22:11:44+00:00,f7ce90a5efab41398e184bdf3f7e60ad,AMAT,autonomous-executor,sell,7.0,,,rejected,"broker refused: {""available"":""0"",""code"":40310000,""existing_qty"":""7"",""held_for_orders"":""7"",""message"":""insufficient qty available for order (requested: 7, available: 0)"",""related_orders"":[""699407f9-8332-4d16-a822-b50391031474""],""symbol"":""AMAT""}",,,,,,auto
2026-08-04T22:11:44+00:00,f7ce90a5efab41398e184bdf3f7e60ad,AMAT,"Applied Materials, Inc.",sell,7.0,,,blocked_by_oms,"gate allowed but OMS rejected at sign-off (resting protective order - rests GTC, so a closed session is the right time to place it rather than a reason to wait)",US,,101655.97,40608.57,0.005560974615750459,auto
2026-08-04T22:11:44+00:00,c3cf924e349c4f0a9aa54bcf4f6206af,AMD,,sell,7.0,,,pending_signoff,protective stop for an unprotected position,,,,,,auto
2026-08-04T22:11:45+00:00,c3cf924e349c4f0a9aa54bcf4f6206af,AMD,autonomous-executor,sell,7.0,,,rejected,"broker refused: {""available"":""0"",""code"":40310000,""existing_qty"":""7"",""held_for_orders"":""7"",""message"":""insufficient qty available for order (requested: 7, available: 0)"",""related_orders"":[""bfc414c9-9371-49fb-b0ff-151efc5329f4""],""symbol"":""AMD""}",,,,,,auto
2026-08-04T22:11:45+00:00,c3cf924e349c4f0a9aa54bcf4f6206af,AMD,"Advanced Micro Devices, Inc.",sell,7.0,,,blocked_by_oms,"gate allowed but OMS rejected at sign-off (resting protective order - rests GTC, so a closed session is the right time to place it rather than a reason to wait)",US,,101655.97,40608.57,0.005560974615750459,auto
2026-08-04T22:11:45+00:00,fc1029a53387467e82dfb81a7c9aec11,GS,,sell,7.0,,,pending_signoff,protective stop for an unprotected position,,,,,,auto
2026-08-04T22:11:45+00:00,fc1029a53387467e82dfb81a7c9aec11,GS,autonomous-executor,sell,7.0,,,rejected,"broker refused: {""available"":""0"",""code"":40310000,""existing_qty"":""7"",""held_for_orders"":""7"",""message"":""insufficient qty available for order (requested: 7, available: 0)"",""related_orders"":[""bb1e0d5b-23bd-4f11-8961-8931a9ccfc07""],""symbol"":""GS""}",,,,,,auto
2026-08-04T22:11:45+00:00,fc1029a53387467e82dfb81a7c9aec11,GS,"The Goldman Sachs Group, Inc.",sell,7.0,,,blocked_by_oms,"gate allowed but OMS rejected at sign-off (resting protective order - rests GTC, so a closed session is the right time to place it rather than a reason to wait)",US,,101655.97,40608.57,0.005560974615750459,auto
2026-08-04T22:11:45+00:00,75d995eea5f14c4daf6c6b38b4dd65e2,MS,,sell,82.0,,,pending_signoff,protective stop for an unprotected position,,,,,,auto
2026-08-04T22:11:45+00:00,75d995eea5f14c4daf6c6b38b4dd65e2,MS,autonomous-executor,sell,82.0,,,rejected,"broker refused: {""available"":""0"",""code"":40310000,""existing_qty"":""82"",""held_for_orders"":""82"",""message"":""insufficient qty available for order (requested: 82, available: 0)"",""related_orders"":[""8fc541eb-e22a-44a2-9204-787212873940"",""14aa2dbb-4055-4208-865e-1fab75c0ccb4""],""symbol"":""MS""}",,,,,,auto
2026-08-04T22:11:45+00:00,75d995eea5f14c4daf6c6b38b4dd65e2,MS,Morgan Stanley,sell,82.0,,,blocked_by_oms,"gate allowed but OMS rejected at sign-off (resting protective order - rests GTC, so a closed session is the right time to place it rather than a reason to wait)",US,,101655.97,40608.57,0.005560974615750459,auto
2026-08-04T22:16:46+00:00,3fdecb73fd604491ac3699722b0a3d0a,AMAT,,sell,7.0,,,pending_signoff,protective stop for an unprotected position,,,,,,auto
2026-08-04T22:16:46+00:00,3fdecb73fd604491ac3699722b0a3d0a,AMAT,autonomous-executor,sell,7.0,,,rejected,"broker refused: {""available"":""0"",""code"":40310000,""existing_qty"":""7"",""held_for_orders"":""7"",""message"":""insufficient qty available for order (requested: 7, available: 0)"",""related_orders"":[""699407f9-8332-4d16-a822-b50391031474""],""symbol"":""AMAT""}",,,,,,auto
2026-08-04T22:16:46+00:00,3fdecb73fd604491ac3699722b0a3d0a,AMAT,"Applied Materials, Inc.",sell,7.0,,,blocked_by_oms,"gate allowed but OMS rejected at sign-off (resting protective order - rests GTC, so a closed session is the right time to place it rather than a reason to wait)",US,,101740.04,40608.57,0.006392578614373841,auto
2026-08-04T22:16:46+00:00,b8139e884b324911a8c900027abb62cc,AMD,,sell,7.0,,,pending_signoff,protective stop for an unprotected position,,,,,,auto
2026-08-04T22:16:47+00:00,b8139e884b324911a8c900027abb62cc,AMD,autonomous-executor,sell,7.0,,,rejected,"broker refused: {""available"":""0"",""code"":40310000,""existing_qty"":""7"",""held_for_orders"":""7"",""message"":""insufficient qty available for order (requested: 7, available: 0)"",""related_orders"":[""bfc414c9-9371-49fb-b0ff-151efc5329f4""],""symbol"":""AMD""}",,,,,,auto
2026-08-04T22:16:47+00:00,b8139e884b324911a8c900027abb62cc,AMD,"Advanced Micro Devices, Inc.",sell,7.0,,,blocked_by_oms,"gate allowed but OMS rejected at sign-off (resting protective order - rests GTC, so a closed session is the right time to place it rather than a reason to wait)",US,,101740.04,40608.57,0.006392578614373841,auto
2026-08-04T22:16:47+00:00,927a7c6923fa4dee9cc5bc341b00c03d,GS,,sell,7.0,,,pending_signoff,protective stop for an unprotected position,,,,,,auto
2026-08-04T22:16:47+00:00,927a7c6923fa4dee9cc5bc341b00c03d,GS,autonomous-executor,sell,7.0,,,rejected,"broker refused: {""available"":""0"",""code"":40310000,""existing_qty"":""7"",""held_for_orders"":""7"",""message"":""insufficient qty available for order (requested: 7, available: 0)"",""related_orders"":[""bb1e0d5b-23bd-4f11-8961-8931a9ccfc07""],""symbol"":""GS""}",,,,,,auto
2026-08-04T22:16:47+00:00,927a7c6923fa4dee9cc5bc341b00c03d,GS,"The Goldman Sachs Group, Inc.",sell,7.0,,,blocked_by_oms,"gate allowed but OMS rejected at sign-off (resting protective order - rests GTC, so a closed session is the right time to place it rather than a reason to wait)",US,,101740.04,40608.57,0.006392578614373841,auto
2026-08-04T22:16:47+00:00,6ee75f5f9144421086b1b01079755ea0,MS,,sell,82.0,,,pending_signoff,protective stop for an unprotected position,,,,,,auto
2026-08-04T22:16:48+00:00,6ee75f5f9144421086b1b01079755ea0,MS,autonomous-executor,sell,82.0,,,rejected,"broker refused: {""available"":""0"",""code"":40310000,""existing_qty"":""82"",""held_for_orders"":""82"",""message"":""insufficient qty available for order (requested: 82, available: 0)"",""related_orders"":[""8fc541eb-e22a-44a2-9204-787212873940"",""14aa2dbb-4055-4208-865e-1fab75c0ccb4""],""symbol"":""MS""}",,,,,,auto
2026-08-04T22:16:48+00:00,6ee75f5f9144421086b1b01079755ea0,MS,Morgan Stanley,sell,82.0,,,blocked_by_oms,"gate allowed but OMS rejected at sign-off (resting protective order - rests GTC, so a closed session is the right time to place it rather than a reason to wait)",US,,101740.04,40608.57,0.006392578614373841,auto
2026-08-04T22:21:48+00:00,2666929dbb744c71a43c60aba8734121,AMAT,,sell,7.0,,,pending_signoff,protective stop for an unprotected position,,,,,,auto
2026-08-04T22:21:49+00:00,2666929dbb744c71a43c60aba8734121,AMAT,autonomous-executor,sell,7.0,,,rejected,"broker refused: {""available"":""0"",""code"":40310000,""existing_qty"":""7"",""held_for_orders"":""7"",""message"":""insufficient qty available for order (requested: 7, available: 0)"",""related_orders"":[""699407f9-8332-4d16-a822-b50391031474""],""symbol"":""AMAT""}",,,,,,auto
2026-08-04T22:21:49+00:00,2666929dbb744c71a43c60aba8734121,AMAT,"Applied Materials, Inc.",sell,7.0,,,blocked_by_oms,"gate allowed but OMS rejected at sign-off (resting protective order - rests GTC, so a closed session is the right time to place it rather than a reason to wait)",US,,101768.14,40608.57,0.0066705383189215265,auto
2026-08-04T22:21:49+00:00,ddb2f27e17b64ac08eed3cf086916b4b,AMD,,sell,7.0,,,pending_signoff,protective stop for an unprotected position,,,,,,auto
2026-08-04T22:21:49+00:00,ddb2f27e17b64ac08eed3cf086916b4b,AMD,autonomous-executor,sell,7.0,,,rejected,"broker refused: {""available"":""0"",""code"":40310000,""existing_qty"":""7"",""held_for_orders"":""7"",""message"":""insufficient qty available for order (requested: 7, available: 0)"",""related_orders"":[""bfc414c9-9371-49fb-b0ff-151efc5329f4""],""symbol"":""AMD""}",,,,,,auto
2026-08-04T22:21:49+00:00,ddb2f27e17b64ac08eed3cf086916b4b,AMD,"Advanced Micro Devices, Inc.",sell,7.0,,,blocked_by_oms,"gate allowed but OMS rejected at sign-off (resting protective order - rests GTC, so a closed session is the right time to place it rather than a reason to wait)",US,,101768.14,40608.57,0.0066705383189215265,auto
2026-08-04T22:21:49+00:00,907d66848b64436fadb02ae27af80645,GS,,sell,7.0,,,pending_signoff,protective stop for an unprotected position,,,,,,auto
2026-08-04T22:21:49+00:00,907d66848b64436fadb02ae27af80645,GS,autonomous-executor,sell,7.0,,,rejected,"broker refused: {""available"":""0"",""code"":40310000,""existing_qty"":""7"",""held_for_orders"":""7"",""message"":""insufficient qty available for order (requested: 7, available: 0)"",""related_orders"":[""bb1e0d5b-23bd-4f11-8961-8931a9ccfc07""],""symbol"":""GS""}",,,,,,auto
2026-08-04T22:21:49+00:00,907d66848b64436fadb02ae27af80645,GS,"The Goldman Sachs Group, Inc.",sell,7.0,,,blocked_by_oms,"gate allowed but OMS rejected at sign-off (resting protective order - rests GTC, so a closed session is the right time to place it rather than a reason to wait)",US,,101768.14,40608.57,0.0066705383189215265,auto
2026-08-04T22:21:49+00:00,e3dfebf2b5d14247b95cf43785b7e386,MS,,sell,82.0,,,pending_signoff,protective stop for an unprotected position,,,,,,auto
2026-08-04T22:21:50+00:00,e3dfebf2b5d14247b95cf43785b7e386,MS,autonomous-executor,sell,82.0,,,rejected,"broker refused: {""available"":""0"",""code"":40310000,""existing_qty"":""82"",""held_for_orders"":""82"",""message"":""insufficient qty available for order (requested: 82, available: 0)"",""related_orders"":[""8fc541eb-e22a-44a2-9204-787212873940"",""14aa2dbb-4055-4208-865e-1fab75c0ccb4""],""symbol"":""MS""}",,,,,,auto
2026-08-04T22:21:50+00:00,e3dfebf2b5d14247b95cf43785b7e386,MS,Morgan Stanley,sell,82.0,,,blocked_by_oms,"gate allowed but OMS rejected at sign-off (resting protective order - rests GTC, so a closed session is the right time to place it rather than a reason to wait)",US,,101768.14,40608.57,0.0066705383189215265,auto
2026-08-04T22:26:50+00:00,cef7431c04b24c81ab94a966626bd866,AMAT,,sell,7.0,,,pending_signoff,protective stop for an unprotected position,,,,,,auto
2026-08-04T22:26:51+00:00,cef7431c04b24c81ab94a966626bd866,AMAT,autonomous-executor,sell,7.0,,,rejected,"broker refused: {""available"":""0"",""code"":40310000,""existing_qty"":""7"",""held_for_orders"":""7"",""message"":""insufficient qty available for order (requested: 7, available: 0)"",""related_orders"":[""699407f9-8332-4d16-a822-b50391031474""],""symbol"":""AMAT""}",,,,,,auto
2026-08-04T22:26:51+00:00,cef7431c04b24c81ab94a966626bd866,AMAT,"Applied Materials, Inc.",sell,7.0,,,blocked_by_oms,"gate allowed but OMS rejected at sign-off (resting protective order - rests GTC, so a closed session is the right time to place it rather than a reason to wait)",US,,101733.39,40608.57,0.006326798114899104,auto
2026-08-04T22:26:51+00:00,8787b16237494351b5ac01925cceef9d,AMD,,sell,7.0,,,pending_signoff,protective stop for an unprotected position,,,,,,auto
2026-08-04T22:26:51+00:00,8787b16237494351b5ac01925cceef9d,AMD,autonomous-executor,sell,7.0,,,rejected,"broker refused: {""available"":""0"",""code"":40310000,""existing_qty"":""7"",""held_for_orders"":""7"",""message"":""insufficient qty available for order (requested: 7, available: 0)"",""related_orders"":[""bfc414c9-9371-49fb-b0ff-151efc5329f4""],""symbol"":""AMD""}",,,,,,auto
2026-08-04T22:26:51+00:00,8787b16237494351b5ac01925cceef9d,AMD,"Advanced Micro Devices, Inc.",sell,7.0,,,blocked_by_oms,"gate allowed but OMS rejected at sign-off (resting protective order - rests GTC, so a closed session is the right time to place it rather than a reason to wait)",US,,101733.39,40608.57,0.006326798114899104,auto
2026-08-04T22:26:51+00:00,6c818e3d346b46bcbbf17c1c4319c59e,GS,,sell,7.0,,,pending_signoff,protective stop for an unprotected position,,,,,,auto
2026-08-04T22:26:52+00:00,6c818e3d346b46bcbbf17c1c4319c59e,GS,autonomous-executor,sell,7.0,,,rejected,"broker refused: {""available"":""0"",""code"":40310000,""existing_qty"":""7"",""held_for_orders"":""7"",""message"":""insufficient qty available for order (requested: 7, available: 0)"",""related_orders"":[""bb1e0d5b-23bd-4f11-8961-8931a9ccfc07""],""symbol"":""GS""}",,,,,,auto
2026-08-04T22:26:52+00:00,6c818e3d346b46bcbbf17c1c4319c59e,GS,"The Goldman Sachs Group, Inc.",sell,7.0,,,blocked_by_oms,"gate allowed but OMS rejected at sign-off (resting protective order - rests GTC, so a closed session is the right time to place it rather than a reason to wait)",US,,101733.39,40608.57,0.006326798114899104,auto
2026-08-04T22:26:52+00:00,766aac965ab24938b788cb6b3e040a8d,MS,,sell,82.0,,,pending_signoff,protective stop for an unprotected position,,,,,,auto
2026-08-04T22:26:52+00:00,766aac965ab24938b788cb6b3e040a8d,MS,autonomous-executor,sell,82.0,,,rejected,"broker refused: {""available"":""0"",""code"":40310000,""existing_qty"":""82"",""held_for_orders"":""82"",""message"":""insufficient qty available for order (requested: 82, available: 0)"",""related_orders"":[""8fc541eb-e22a-44a2-9204-787212873940"",""14aa2dbb-4055-4208-865e-1fab75c0ccb4""],""symbol"":""MS""}",,,,,,auto
2026-08-04T22:26:52+00:00,766aac965ab24938b788cb6b3e040a8d,MS,Morgan Stanley,sell,82.0,,,blocked_by_oms,"gate allowed but OMS rejected at sign-off (resting protective order - rests GTC, so a closed session is the right time to place it rather than a reason to wait)",US,,101737.24,40608.57,0.006364881561963516,auto
2026-08-04T22:31:53+00:00,dfa49da72aa34a83b9df4571ccd26377,AMAT,,sell,7.0,,,pending_signoff,protective stop for an unprotected position,,,,,,auto
2026-08-04T22:31:53+00:00,dfa49da72aa34a83b9df4571ccd26377,AMAT,autonomous-executor,sell,7.0,,,rejected,"broker refused: {""available"":""0"",""code"":40310000,""existing_qty"":""7"",""held_for_orders"":""7"",""message"":""insufficient qty available for order (requested: 7, available: 0)"",""related_orders"":[""699407f9-8332-4d16-a822-b50391031474""],""symbol"":""AMAT""}",,,,,,auto
2026-08-04T22:31:53+00:00,dfa49da72aa34a83b9df4571ccd26377,AMAT,"Applied Materials, Inc.",sell,7.0,,,blocked_by_oms,"gate allowed but OMS rejected at sign-off (resting protective order - rests GTC, so a closed session is the right time to place it rather than a reason to wait)",US,,101709.49,40608.57,0.006090383988967192,auto
2026-08-04T22:31:53+00:00,7aec1891458d4da4a715d9809204b16f,AMD,,sell,7.0,,,pending_signoff,protective stop for an unprotected position,,,,,,auto
2026-08-04T22:31:53+00:00,7aec1891458d4da4a715d9809204b16f,AMD,autonomous-executor,sell,7.0,,,rejected,"broker refused: {""available"":""0"",""code"":40310000,""existing_qty"":""7"",""held_for_orders"":""7"",""message"":""insufficient qty available for order (requested: 7, available: 0)"",""related_orders"":[""bfc414c9-9371-49fb-b0ff-151efc5329f4""],""symbol"":""AMD""}",,,,,,auto
2026-08-04T22:31:54+00:00,7aec1891458d4da4a715d9809204b16f,AMD,"Advanced Micro Devices, Inc.",sell,7.0,,,blocked_by_oms,"gate allowed but OMS rejected at sign-off (resting protective order - rests GTC, so a closed session is the right time to place it rather than a reason to wait)",US,,101709.49,40608.57,0.006090383988967192,auto
2026-08-04T22:31:54+00:00,1e3baa716c574a74a89c9813c769dd56,GS,,sell,7.0,,,pending_signoff,protective stop for an unprotected position,,,,,,auto
2026-08-04T22:31:54+00:00,1e3baa716c574a74a89c9813c769dd56,GS,autonomous-executor,sell,7.0,,,rejected,"broker refused: {""available"":""0"",""code"":40310000,""existing_qty"":""7"",""held_for_orders"":""7"",""message"":""insufficient qty available for order (requested: 7, available: 0)"",""related_orders"":[""bb1e0d5b-23bd-4f11-8961-8931a9ccfc07""],""symbol"":""GS""}",,,,,,auto
2026-08-04T22:31:54+00:00,1e3baa716c574a74a89c9813c769dd56,GS,"The Goldman Sachs Group, Inc.",sell,7.0,,,blocked_by_oms,"gate allowed but OMS rejected at sign-off (resting protective order - rests GTC, so a closed session is the right time to place it rather than a reason to wait)",US,,101709.49,40608.57,0.006090383988967192,auto
2026-08-04T22:31:54+00:00,9b188387a57f4cec9a173525b749f787,MS,,sell,82.0,,,pending_signoff,protective stop for an unprotected position,,,,,,auto
2026-08-04T22:31:54+00:00,9b188387a57f4cec9a173525b749f787,MS,autonomous-executor,sell,82.0,,,rejected,"broker refused: {""available"":""0"",""code"":40310000,""existing_qty"":""82"",""held_for_orders"":""82"",""message"":""insufficient qty available for order (requested: 82, available: 0)"",""related_orders"":[""8fc541eb-e22a-44a2-9204-787212873940"",""14aa2dbb-4055-4208-865e-1fab75c0ccb4""],""symbol"":""MS""}",,,,,,auto
2026-08-04T22:31:54+00:00,9b188387a57f4cec9a173525b749f787,MS,Morgan Stanley,sell,82.0,,,blocked_by_oms,"gate allowed but OMS rejected at sign-off (resting protective order - rests GTC, so a closed session is the right time to place it rather than a reason to wait)",US,,101709.49,40608.57,0.006090383988967192,auto
2026-08-04T22:36:56+00:00,3bc9ff771583436b9f70fe0173abefca,AMAT,,sell,7.0,,,pending_signoff,protective stop for an unprotected position,,,,,,auto
2026-08-04T22:36:56+00:00,3bc9ff771583436b9f70fe0173abefca,AMAT,autonomous-executor,sell,7.0,,,rejected,"broker refused: {""available"":""0"",""code"":40310000,""existing_qty"":""7"",""held_for_orders"":""7"",""message"":""insufficient qty available for order (requested: 7, available: 0)"",""related_orders"":[""699407f9-8332-4d16-a822-b50391031474""],""symbol"":""AMAT""}",,,,,,auto
2026-08-04T22:36:56+00:00,3bc9ff771583436b9f70fe0173abefca,AMAT,"Applied Materials, Inc.",sell,7.0,,,blocked_by_oms,"gate allowed but OMS rejected at sign-off (resting protective order - rests GTC, so a closed session is the right time to place it rather than a reason to wait)",US,,101711.28,40608.57,0.0061080903189009465,auto
2026-08-04T22:36:56+00:00,6aae0c83cd304456ab5ec9b8687a1f87,AMD,,sell,7.0,,,pending_signoff,protective stop for an unprotected position,,,,,,auto
2026-08-04T22:36:56+00:00,6aae0c83cd304456ab5ec9b8687a1f87,AMD,autonomous-executor,sell,7.0,,,rejected,"broker refused: {""available"":""0"",""code"":40310000,""existing_qty"":""7"",""held_for_orders"":""7"",""message"":""insufficient qty available for order (requested: 7, available: 0)"",""related_orders"":[""bfc414c9-9371-49fb-b0ff-151efc5329f4""],""symbol"":""AMD""}",,,,,,auto
2026-08-04T22:36:56+00:00,6aae0c83cd304456ab5ec9b8687a1f87,AMD,"Advanced Micro Devices, Inc.",sell,7.0,,,blocked_by_oms,"gate allowed but OMS rejected at sign-off (resting protective order - rests GTC, so a closed session is the right time to place it rather than a reason to wait)",US,,101711.28,40608.57,0.0061080903189009465,auto
2026-08-04T22:36:56+00:00,ac878b397a0a4b1faa8d344313dbb289,GS,,sell,7.0,,,pending_signoff,protective stop for an unprotected position,,,,,,auto
2026-08-04T22:36:57+00:00,ac878b397a0a4b1faa8d344313dbb289,GS,autonomous-executor,sell,7.0,,,rejected,"broker refused: {""available"":""0"",""code"":40310000,""existing_qty"":""7"",""held_for_orders"":""7"",""message"":""insufficient qty available for order (requested: 7, available: 0)"",""related_orders"":[""bb1e0d5b-23bd-4f11-8961-8931a9ccfc07""],""symbol"":""GS""}",,,,,,auto
2026-08-04T22:36:57+00:00,ac878b397a0a4b1faa8d344313dbb289,GS,"The Goldman Sachs Group, Inc.",sell,7.0,,,blocked_by_oms,"gate allowed but OMS rejected at sign-off (resting protective order - rests GTC, so a closed session is the right time to place it rather than a reason to wait)",US,,101711.28,40608.57,0.0061080903189009465,auto
2026-08-04T22:36:57+00:00,aa2c8ff5683f4de9b9ba4b3a97d048d9,MS,,sell,82.0,,,pending_signoff,protective stop for an unprotected position,,,,,,auto
2026-08-04T22:36:57+00:00,aa2c8ff5683f4de9b9ba4b3a97d048d9,MS,autonomous-executor,sell,82.0,,,rejected,"broker refused: {""available"":""0"",""code"":40310000,""existing_qty"":""82"",""held_for_orders"":""82"",""message"":""insufficient qty available for order (requested: 82, available: 0)"",""related_orders"":[""8fc541eb-e22a-44a2-9204-787212873940"",""14aa2dbb-4055-4208-865e-1fab75c0ccb4""],""symbol"":""MS""}",,,,,,auto
2026-08-04T22:36:57+00:00,aa2c8ff5683f4de9b9ba4b3a97d048d9,MS,Morgan Stanley,sell,82.0,,,blocked_by_oms,"gate allowed but OMS rejected at sign-off (resting protective order - rests GTC, so a closed session is the right time to place it rather than a reason to wait)",US,,101711.28,40608.57,0.0061080903189009465,auto
2026-08-04T22:41:58+00:00,dfbe011fa05142edb51c02084bac9dcd,AMAT,,sell,7.0,,,pending_signoff,protective stop for an unprotected position,,,,,,auto
2026-08-04T22:41:58+00:00,dfbe011fa05142edb51c02084bac9dcd,AMAT,autonomous-executor,sell,7.0,,,rejected,"broker refused: {""available"":""0"",""code"":40310000,""existing_qty"":""7"",""held_for_orders"":""7"",""message"":""insufficient qty available for order (requested: 7, available: 0)"",""related_orders"":[""699407f9-8332-4d16-a822-b50391031474""],""symbol"":""AMAT""}",,,,,,auto
2026-08-04T22:41:58+00:00,dfbe011fa05142edb51c02084bac9dcd,AMAT,"Applied Materials, Inc.",sell,7.0,,,blocked_by_oms,"gate allowed but OMS rejected at sign-off (resting protective order - rests GTC, so a closed session is the right time to place it rather than a reason to wait)",US,,101700.1,40608.57,0.005997499945347901,auto
2026-08-04T22:41:58+00:00,9b54c30cb61744a69ec61df9d477ce85,AMD,,sell,7.0,,,pending_signoff,protective stop for an unprotected position,,,,,,auto
2026-08-04T22:41:59+00:00,9b54c30cb61744a69ec61df9d477ce85,AMD,autonomous-executor,sell,7.0,,,rejected,"broker refused: {""available"":""0"",""code"":40310000,""existing_qty"":""7"",""held_for_orders"":""7"",""message"":""insufficient qty available for order (requested: 7, available: 0)"",""related_orders"":[""bfc414c9-9371-49fb-b0ff-151efc5329f4""],""symbol"":""AMD""}",,,,,,auto
2026-08-04T22:41:59+00:00,9b54c30cb61744a69ec61df9d477ce85,AMD,"Advanced Micro Devices, Inc.",sell,7.0,,,blocked_by_oms,"gate allowed but OMS rejected at sign-off (resting protective order - rests GTC, so a closed session is the right time to place it rather than a reason to wait)",US,,101700.1,40608.57,0.005997499945347901,auto
2026-08-04T22:41:59+00:00,a9aed0e38cc84ba0b14158120ab99293,GS,,sell,7.0,,,pending_signoff,protective stop for an unprotected position,,,,,,auto
2026-08-04T22:41:59+00:00,a9aed0e38cc84ba0b14158120ab99293,GS,autonomous-executor,sell,7.0,,,rejected,"broker refused: {""available"":""0"",""code"":40310000,""existing_qty"":""7"",""held_for_orders"":""7"",""message"":""insufficient qty available for order (requested: 7, available: 0)"",""related_orders"":[""bb1e0d5b-23bd-4f11-8961-8931a9ccfc07""],""symbol"":""GS""}",,,,,,auto
2026-08-04T22:41:59+00:00,a9aed0e38cc84ba0b14158120ab99293,GS,"The Goldman Sachs Group, Inc.",sell,7.0,,,blocked_by_oms,"gate allowed but OMS rejected at sign-off (resting protective order - rests GTC, so a closed session is the right time to place it rather than a reason to wait)",US,,101700.1,40608.57,0.005997499945347901,auto
2026-08-04T22:41:59+00:00,18d033fe993e48f69a5e03d478d19d1b,MS,,sell,82.0,,,pending_signoff,protective stop for an unprotected position,,,,,,auto
2026-08-04T22:42:00+00:00,18d033fe993e48f69a5e03d478d19d1b,MS,autonomous-executor,sell,82.0,,,rejected,"broker refused: {""available"":""0"",""code"":40310000,""existing_qty"":""82"",""held_for_orders"":""82"",""message"":""insufficient qty available for order (requested: 82, available: 0)"",""related_orders"":[""8fc541eb-e22a-44a2-9204-787212873940"",""14aa2dbb-4055-4208-865e-1fab75c0ccb4""],""symbol"":""MS""}",,,,,,auto
2026-08-04T22:42:00+00:00,18d033fe993e48f69a5e03d478d19d1b,MS,Morgan Stanley,sell,82.0,,,blocked_by_oms,"gate allowed but OMS rejected at sign-off (resting protective order - rests GTC, so a closed session is the right time to place it rather than a reason to wait)",US,,101700.1,40608.57,0.005997499945347901,auto
2026-08-04T22:47:00+00:00,2f8c64c8c70c45e399abd28fbe149a65,AMAT,,sell,7.0,,,pending_signoff,protective stop for an unprotected position,,,,,,auto
2026-08-04T22:47:01+00:00,2f8c64c8c70c45e399abd28fbe149a65,AMAT,autonomous-executor,sell,7.0,,,rejected,"broker refused: {""available"":""0"",""code"":40310000,""existing_qty"":""7"",""held_for_orders"":""7"",""message"":""insufficient qty available for order (requested: 7, available: 0)"",""related_orders"":[""699407f9-8332-4d16-a822-b50391031474""],""symbol"":""AMAT""}",,,,,,auto
2026-08-04T22:47:01+00:00,2f8c64c8c70c45e399abd28fbe149a65,AMAT,"Applied Materials, Inc.",sell,7.0,,,blocked_by_oms,"gate allowed but OMS rejected at sign-off (resting protective order - rests GTC, so a closed session is the right time to place it rather than a reason to wait)",US,,101708.53,40608.57,0.0060808878567121215,auto
2026-08-04T22:47:01+00:00,edbdad260be74f42bd356b6e627186a1,AMD,,sell,7.0,,,pending_signoff,protective stop for an unprotected position,,,,,,auto
2026-08-04T22:47:01+00:00,edbdad260be74f42bd356b6e627186a1,AMD,autonomous-executor,sell,7.0,,,rejected,"broker refused: {""available"":""0"",""code"":40310000,""existing_qty"":""7"",""held_for_orders"":""7"",""message"":""insufficient qty available for order (requested: 7, available: 0)"",""related_orders"":[""bfc414c9-9371-49fb-b0ff-151efc5329f4""],""symbol"":""AMD""}",,,,,,auto
2026-08-04T22:47:01+00:00,edbdad260be74f42bd356b6e627186a1,AMD,"Advanced Micro Devices, Inc.",sell,7.0,,,blocked_by_oms,"gate allowed but OMS rejected at sign-off (resting protective order - rests GTC, so a closed session is the right time to place it rather than a reason to wait)",US,,101708.53,40608.57,0.0060808878567121215,auto
2026-08-04T22:47:01+00:00,6128ac7dded2432c9d50426227813005,GS,,sell,7.0,,,pending_signoff,protective stop for an unprotected position,,,,,,auto
2026-08-04T22:47:02+00:00,6128ac7dded2432c9d50426227813005,GS,autonomous-executor,sell,7.0,,,rejected,"broker refused: {""available"":""0"",""code"":40310000,""existing_qty"":""7"",""held_for_orders"":""7"",""message"":""insufficient qty available for order (requested: 7, available: 0)"",""related_orders"":[""bb1e0d5b-23bd-4f11-8961-8931a9ccfc07""],""symbol"":""GS""}",,,,,,auto
2026-08-04T22:47:02+00:00,6128ac7dded2432c9d50426227813005,GS,"The Goldman Sachs Group, Inc.",sell,7.0,,,blocked_by_oms,"gate allowed but OMS rejected at sign-off (resting protective order - rests GTC, so a closed session is the right time to place it rather than a reason to wait)",US,,101708.53,40608.57,0.0060808878567121215,auto
2026-08-04T22:47:02+00:00,9ebe8798c30a4649a4d549180b8c198b,MS,,sell,82.0,,,pending_signoff,protective stop for an unprotected position,,,,,,auto
2026-08-04T22:47:02+00:00,9ebe8798c30a4649a4d549180b8c198b,MS,autonomous-executor,sell,82.0,,,rejected,"broker refused: {""available"":""0"",""code"":40310000,""existing_qty"":""82"",""held_for_orders"":""82"",""message"":""insufficient qty available for order (requested: 82, available: 0)"",""related_orders"":[""8fc541eb-e22a-44a2-9204-787212873940"",""14aa2dbb-4055-4208-865e-1fab75c0ccb4""],""symbol"":""MS""}",,,,,,auto
2026-08-04T22:47:02+00:00,9ebe8798c30a4649a4d549180b8c198b,MS,Morgan Stanley,sell,82.0,,,blocked_by_oms,"gate allowed but OMS rejected at sign-off (resting protective order - rests GTC, so a closed session is the right time to place it rather than a reason to wait)",US,,101708.53,40608.57,0.0060808878567121215,auto
2026-08-04T22:52:02+00:00,ab10ec5feaab436f93fb81c88c0eedf5,AMAT,,sell,7.0,,,pending_signoff,protective stop for an unprotected position,,,,,,auto
2026-08-04T22:52:03+00:00,ab10ec5feaab436f93fb81c88c0eedf5,AMAT,autonomous-executor,sell,7.0,,,rejected,"broker refused: {""available"":""0"",""code"":40310000,""existing_qty"":""7"",""held_for_orders"":""7"",""message"":""insufficient qty available for order (requested: 7, available: 0)"",""related_orders"":[""699407f9-8332-4d16-a822-b50391031474""],""symbol"":""AMAT""}",,,,,,auto
2026-08-04T22:52:03+00:00,ab10ec5feaab436f93fb81c88c0eedf5,AMAT,"Applied Materials, Inc.",sell,7.0,,,blocked_by_oms,"gate allowed but OMS rejected at sign-off (resting protective order - rests GTC, so a closed session is the right time to place it rather than a reason to wait)",US,,101707.31,40608.57,0.006068819855304703,auto
2026-08-04T22:52:03+00:00,d23e229ec1a040d6bf6367ca895b2f19,AMD,,sell,7.0,,,pending_signoff,protective stop for an unprotected position,,,,,,auto
2026-08-04T22:52:03+00:00,d23e229ec1a040d6bf6367ca895b2f19,AMD,autonomous-executor,sell,7.0,,,rejected,"broker refused: {""available"":""0"",""code"":40310000,""existing_qty"":""7"",""held_for_orders"":""7"",""message"":""insufficient qty available for order (requested: 7, available: 0)"",""related_orders"":[""bfc414c9-9371-49fb-b0ff-151efc5329f4""],""symbol"":""AMD""}",,,,,,auto
2026-08-04T22:52:03+00:00,d23e229ec1a040d6bf6367ca895b2f19,AMD,"Advanced Micro Devices, Inc.",sell,7.0,,,blocked_by_oms,"gate allowed but OMS rejected at sign-off (resting protective order - rests GTC, so a closed session is the right time to place it rather than a reason to wait)",US,,101707.31,40608.57,0.006068819855304703,auto
2026-08-04T22:52:03+00:00,8b2060988d84492c8cef235a0d22f30d,GS,,sell,7.0,,,pending_signoff,protective stop for an unprotected position,,,,,,auto
2026-08-04T22:52:04+00:00,8b2060988d84492c8cef235a0d22f30d,GS,autonomous-executor,sell,7.0,,,rejected,"broker refused: {""available"":""0"",""code"":40310000,""existing_qty"":""7"",""held_for_orders"":""7"",""message"":""insufficient qty available for order (requested: 7, available: 0)"",""related_orders"":[""bb1e0d5b-23bd-4f11-8961-8931a9ccfc07""],""symbol"":""GS""}",,,,,,auto
2026-08-04T22:52:04+00:00,8b2060988d84492c8cef235a0d22f30d,GS,"The Goldman Sachs Group, Inc.",sell,7.0,,,blocked_by_oms,"gate allowed but OMS rejected at sign-off (resting protective order - rests GTC, so a closed session is the right time to place it rather than a reason to wait)",US,,101707.31,40608.57,0.006068819855304703,auto
2026-08-04T22:52:04+00:00,b0909049d9a0497a8f8a573aa5e65b84,MS,,sell,82.0,,,pending_signoff,protective stop for an unprotected position,,,,,,auto
2026-08-04T22:52:04+00:00,b0909049d9a0497a8f8a573aa5e65b84,MS,autonomous-executor,sell,82.0,,,rejected,"broker refused: {""available"":""0"",""code"":40310000,""existing_qty"":""82"",""held_for_orders"":""82"",""message"":""insufficient qty available for order (requested: 82, available: 0)"",""related_orders"":[""8fc541eb-e22a-44a2-9204-787212873940"",""14aa2dbb-4055-4208-865e-1fab75c0ccb4""],""symbol"":""MS""}",,,,,,auto
2026-08-04T22:52:04+00:00,b0909049d9a0497a8f8a573aa5e65b84,MS,Morgan Stanley,sell,82.0,,,blocked_by_oms,"gate allowed but OMS rejected at sign-off (resting protective order - rests GTC, so a closed session is the right time to place it rather than a reason to wait)",US,,101707.31,40608.57,0.006068819855304703,auto
2026-08-05T13:32:42+00:00,60646ddc045546c59d7b88b0e1def7a2,LLY,,buy,0.0,,swing,rejected,already at the 10-position limit (10 held or pending),,,,,,auto
2026-08-05T13:32:43+00:00,53e2eb1baa9646b0ae0de209fadf99da,VRTX,,buy,0.0,,swing,rejected,already at the 10-position limit (10 held or pending),,,,,,auto
2026-08-05T13:36:43+00:00,545b2806701b4356b29de4e3c2f557ee,VRTX,,buy,0.0,,swing,rejected,aggregate risk-at-stop 5.09% is at or above the 5.00% cap,,,,,,auto
2026-08-05T13:36:44+00:00,6688b18fe1184a67a2641b53b0196eab,LLY,,buy,0.0,,swing,rejected,aggregate risk-at-stop 5.09% is at or above the 5.00% cap,,,,,,auto
2026-08-05T13:37:43+00:00,e732869903be4ef186816be84c6b22c4,LLY,,buy,0.0,,swing,rejected,aggregate risk-at-stop 5.08% is at or above the 5.00% cap,,,,,,auto
2026-08-05T13:37:44+00:00,7fe1e5149f564f858132e215955aa60f,VRTX,,buy,0.0,,swing,rejected,aggregate risk-at-stop 5.08% is at or above the 5.00% cap,,,,,,auto
2026-08-05T13:39:43+00:00,223dfde4b32b47e18e0eb69fb21f4c32,VRTX,,buy,0.0,,swing,rejected,kill-switch tripped,,,,,,auto
2026-08-05T13:39:44+00:00,043cf32389cd4a319d72c6d5b69fef15,LLY,,buy,0.0,,swing,rejected,kill-switch tripped,,,,,,auto
2026-08-05T13:41:23+00:00,f3254a76bcf04222bcc834781b01767c,VRTX,,buy,0.0,,swing,rejected,aggregate risk-at-stop 5.08% is at or above the 5.00% cap,,,,,,auto
2026-08-05T13:41:24+00:00,8f6af6e2f08e4f81aa73ab808c2ca00c,F,,buy,0.0,,swing,rejected,aggregate risk-at-stop 5.08% is at or above the 5.00% cap,,,,,,auto
2026-08-05T13:41:25+00:00,4ca957973f374439b385ce550c1c53f1,LLY,,buy,0.0,,swing,rejected,aggregate risk-at-stop 5.08% is at or above the 5.00% cap,,,,,,auto
2026-08-05T13:42:16+00:00,a9f381553fec43ee97464b0ac5f1c8d9,MU,,buy,0.0,,swing,rejected,aggregate risk-at-stop 5.08% is at or above the 5.00% cap,,,,,,auto
2026-08-05T13:45:17+00:00,8ee1d286ec044965aea12688702081f6,VRTX,,buy,0.0,,swing,rejected,aggregate risk-at-stop 5.07% is at or above the 5.00% cap,,,,,,auto
2026-08-05T13:45:18+00:00,cb0e833eb5284388855e7904daaa053a,LLY,,buy,0.0,,swing,rejected,aggregate risk-at-stop 5.07% is at or above the 5.00% cap,,,,,,auto
2026-08-05T13:45:19+00:00,c8650e4f71dd4346b2281877b45b5bda,MU,,buy,0.0,,swing,rejected,aggregate risk-at-stop 5.07% is at or above the 5.00% cap,,,,,,auto
2026-08-05T13:46:17+00:00,74642022d43b4f1ba4cd83a019db84b3,LLY,,buy,0.0,,swing,rejected,aggregate risk-at-stop 5.08% is at or above the 5.00% cap,,,,,,auto
2026-08-05T13:46:18+00:00,0d73f336914040ad813632a9ba45e001,MU,,buy,0.0,,swing,rejected,aggregate risk-at-stop 5.08% is at or above the 5.00% cap,,,,,,auto
2026-08-05T13:46:20+00:00,33953aaede4b4c83b0e735ddc6aee3da,VRTX,,buy,0.0,,swing,rejected,aggregate risk-at-stop 5.08% is at or above the 5.00% cap,,,,,,auto
2026-08-05T13:53:19+00:00,c2e931c2438b44d88010a397174ea3e4,MU,,buy,0.0,,swing,rejected,aggregate risk-at-stop 5.09% is at or above the 5.00% cap,,,,,,auto
2026-08-05T13:53:20+00:00,67d18dd1d15b4cb49b44d9675c2f7445,VRTX,,buy,0.0,,swing,rejected,aggregate risk-at-stop 5.09% is at or above the 5.00% cap,,,,,,auto
2026-08-05T13:53:21+00:00,d2181d39d1854e9c94624906e8dab636,LLY,,buy,0.0,,swing,rejected,aggregate risk-at-stop 5.09% is at or above the 5.00% cap,,,,,,auto
2026-08-05T13:54:19+00:00,47db48e6137247ffab274c76c6daf003,LLY,,buy,0.0,,swing,rejected,aggregate risk-at-stop 5.08% is at or above the 5.00% cap,,,,,,auto
2026-08-05T13:54:20+00:00,a9886b0dc3cc482795ee76d25d0d5c0a,MU,,buy,0.0,,swing,rejected,aggregate risk-at-stop 5.08% is at or above the 5.00% cap,,,,,,auto
2026-08-05T13:54:22+00:00,c4f17c1571504b54ae9caf04438759fd,VRTX,,buy,0.0,,swing,rejected,aggregate risk-at-stop 5.08% is at or above the 5.00% cap,,,,,,auto
2026-08-05T13:58:20+00:00,826bf66e78294729ac16c4866525f4f1,LLY,,buy,0.0,,swing,rejected,aggregate risk-at-stop 5.07% is at or above the 5.00% cap,,,,,,auto
2026-08-05T13:58:21+00:00,21b88c0138cb4f5b8f3e06123355b7ca,MU,,buy,0.0,,swing,rejected,aggregate risk-at-stop 5.07% is at or above the 5.00% cap,,,,,,auto
2026-08-05T13:58:22+00:00,5db5a4c16d294d2db3fb7b21b870d832,VRTX,,buy,0.0,,swing,rejected,aggregate risk-at-stop 5.07% is at or above the 5.00% cap,,,,,,auto
2026-08-05T13:58:23+00:00,d316e16ec80e490296403669ce230307,F,,buy,0.0,,swing,rejected,aggregate risk-at-stop 5.07% is at or above the 5.00% cap,,,,,,auto
2026-08-05T13:59:21+00:00,fe6109dec75e46f28071b5aee9ca0e1c,LLY,,buy,0.0,,swing,rejected,aggregate risk-at-stop 5.08% is at or above the 5.00% cap,,,,,,auto
2026-08-05T13:59:22+00:00,c892b30862a54afa90651cbff6e35d88,MU,,buy,0.0,,swing,rejected,aggregate risk-at-stop 5.08% is at or above the 5.00% cap,,,,,,auto
2026-08-05T13:59:23+00:00,7352c39adb24467f8a288e818c7e7aa0,VRTX,,buy,0.0,,swing,rejected,aggregate risk-at-stop 5.08% is at or above the 5.00% cap,,,,,,auto
2026-08-05T14:00:23+00:00,a5df3ee08fc64bff954aaaf1a2fc493d,F,,buy,0.0,,swing,rejected,aggregate risk-at-stop 5.08% is at or above the 5.00% cap,,,,,,auto
2026-08-05T14:02:21+00:00,87b47a6eed254ceda6962aed4ff78795,F,,buy,0.0,,swing,rejected,aggregate risk-at-stop 5.09% is at or above the 5.00% cap,,,,,,auto
2026-08-05T14:02:22+00:00,00ebcf096a2a4aa395cce4cd47a1922c,MU,,buy,0.0,,swing,rejected,aggregate risk-at-stop 5.09% is at or above the 5.00% cap,,,,,,auto
2026-08-05T14:02:23+00:00,fc0ce6898d044821bb8f427a3ee935fa,LLY,,buy,0.0,,swing,rejected,aggregate risk-at-stop 5.09% is at or above the 5.00% cap,,,,,,auto
2026-08-05T14:02:24+00:00,dd74b1d2d71a43a88dc7bd10dd09c6e7,VRTX,,buy,0.0,,swing,rejected,aggregate risk-at-stop 5.09% is at or above the 5.00% cap,,,,,,auto
2026-08-05T14:08:06+00:00,2f87f0d35ef14b238bac963da6e84f19,VRTX,,buy,0.0,,swing,rejected,aggregate risk-at-stop 5.08% is at or above the 5.00% cap,,,,,,auto
2026-08-05T14:08:07+00:00,e8d83385c06741588825b923e25aee10,LLY,,buy,0.0,,swing,rejected,aggregate risk-at-stop 5.08% is at or above the 5.00% cap,,,,,,auto
2026-08-05T14:08:08+00:00,cc1b396ec2fd4769b07eb93dde510431,MU,,buy,0.0,,swing,rejected,aggregate risk-at-stop 5.08% is at or above the 5.00% cap,,,,,,auto
2026-08-05T14:16:08+00:00,279137073b964f24a0f380659883d4fe,VRTX,,buy,19.0,487.2,swing,proposed,awaiting sign-off,,,,,,auto
2026-08-05T14:16:09+00:00,3dc9d96a-0192-4138-af3a-8d51a6845a0e,VRTX,autonomous-executor,buy,19.0,487.2,swing,signed_off,transmitted to the broker,,,,,,auto
2026-08-05T14:16:09+00:00,3dc9d96a-0192-4138-af3a-8d51a6845a0e,VRTX,Vertex Pharmaceuticals Incorporated,buy,19.0,487.2,swing,auto_signed,all autonomy preconditions met,US,Morning Trend,101599.69,54044.55,-0.0018010864485142701,auto
2026-08-05T14:16:10+00:00,484802ef3a2441929c71217c688f84a7,LLY,,buy,0.0,,swing,rejected,already at the 10-position limit (10 held or pending),,,,,,auto
2026-08-05T14:16:11+00:00,5ef7941969da4f98aae22110f00c9b09,MU,,buy,0.0,,swing,rejected,already at the 10-position limit (10 held or pending),,,,,,auto
2026-08-05T17:42:59+00:00,c901ee812447442baa08a6c8f3306ecd,PM,,buy,0.0,,swing,rejected,already at the 10-position limit (10 held or pending),,,,,,auto
2026-08-06T01:13:01+00:00,c4837d22bb824bcf8533a75132a13ffc,WES.AX,,buy,0.0,,swing,rejected,already at the 10-position limit (10 held or pending),,,,,,auto
2026-08-06T01:13:56+00:00,c0eea91bc23d4921b51d533597cc4677,META,,buy,0.0,,swing,rejected,already at the 10-position limit (10 held or pending),,,,,,auto
2026-08-06T01:13:57+00:00,26e1e0b193c24c2591be1e8b2fd85a96,BRK.B,,buy,0.0,,swing,rejected,already at the 10-position limit (10 held or pending),,,,,,auto
2026-08-06T01:13:57+00:00,4d9e19ab9ca74517af4b5028b24adb96,UNH,,buy,0.0,,swing,rejected,already at the 10-position limit (10 held or pending),,,,,,auto
2026-08-06T01:13:58+00:00,a3478fb746a440688e448688d41be8df,CRM,,buy,0.0,,swing,rejected,already at the 10-position limit (10 held or pending),,,,,,auto
2026-08-06T01:13:59+00:00,378559f751804b66b4e39dd440309fe1,AMD,,sell,7.0,100.22,,proposed,awaiting sign-off,,,,,,auto
2026-08-06T01:13:59+00:00,378559f751804b66b4e39dd440309fe1,AMD,"Advanced Micro Devices, Inc.",sell,7.0,100.22,,blocked,US market is closed (after close),US,,101347.47,44772.74,-3.295484268943196e-05,auto
2026-08-06T01:13:59+00:00,db5948ee5558484193a3fcc13e3793e9,CSCO,,sell,44.0,99.8,,proposed,awaiting sign-off,,,,,,auto
2026-08-06T01:14:00+00:00,db5948ee5558484193a3fcc13e3793e9,CSCO,"Cisco Systems, Inc.",sell,44.0,99.8,,blocked,US market is closed (after close),US,,101347.47,44772.74,-3.295484268943196e-05,auto
2026-08-06T01:14:01+00:00,f04d11b2c0414de1bf8945bf75beae17,DIS,,buy,0.0,,swing,rejected,already at the 10-position limit (10 held or pending),,,,,,auto
2026-08-06T01:14:01+00:00,e5b53b7110f54b0084f36f88345de19b,SBUX,,buy,0.0,,swing,rejected,already at the 10-position limit (10 held or pending),,,,,,auto
2026-08-06T01:14:02+00:00,66badbb600ff4afe9cf49c66a401de23,BLK,,buy,0.0,,swing,rejected,already at the 10-position limit (10 held or pending),,,,,,auto
2026-08-06T01:14:03+00:00,de3c4de84fb74368878d301f6cdc558a,AXP,,buy,0.0,,swing,rejected,already at the 10-position limit (10 held or pending),,,,,,auto
2026-08-06T01:14:04+00:00,eed6e5ae78f14ffba305ba737715a5f8,SCHW,,buy,0.0,,swing,rejected,already at the 10-position limit (10 held or pending),,,,,,auto
2026-08-06T01:14:05+00:00,c25eccb353d24419a2acfdfe44990273,PGR,,buy,0.0,,swing,rejected,already at the 10-position limit (10 held or pending),,,,,,auto
2026-08-06T01:14:06+00:00,71b5adbf0faa4b90a52877052821803d,PLTR,,buy,0.0,,swing,rejected,already at the 10-position limit (10 held or pending),,,,,,auto
2026-08-06T01:14:06+00:00,b2edc22de17648a697a903027301b193,AMAT,,sell,7.0,100.0,,proposed,awaiting sign-off,,,,,,auto
2026-08-06T01:14:07+00:00,b2edc22de17648a697a903027301b193,AMAT,"Applied Materials, Inc.",sell,7.0,100.0,,blocked,US market is closed (after close),US,,101347.47,44772.74,-3.295484268943196e-05,auto
2026-08-06T01:14:07+00:00,0f1a87f7de30453bbdf2218205ee0ee3,MU,,buy,0.0,,swing,rejected,already at the 10-position limit (10 held or pending),,,,,,auto
2026-08-06T01:14:08+00:00,c0538bf773cc435395cf4d30c2125297,CRWD,,sell,16.0,99.73,,proposed,awaiting sign-off,,,,,,auto
2026-08-06T01:14:08+00:00,c0538bf773cc435395cf4d30c2125297,CRWD,"CrowdStrike Holdings, Inc.",sell,16.0,99.73,,blocked,US market is closed (after close),US,,101347.47,44772.74,-3.295484268943196e-05,auto
2026-08-06T01:14:09+00:00,f95b635f5937422d87df5f078fa6b341,ISRG,,buy,0.0,,swing,rejected,already at the 10-position limit (10 held or pending),,,,,,auto
2026-08-06T01:14:10+00:00,49193de498604e5aab72260339b6611f,NOC,,buy,0.0,,swing,rejected,already at the 10-position limit (10 held or pending),,,,,,auto
2026-08-06T01:14:11+00:00,b9e5c7685d694893bd608a48c4b23879,SO,,buy,0.0,,swing,rejected,already at the 10-position limit (10 held or pending),,,,,,auto
2026-08-06T01:14:12+00:00,1b99186bd0c0481dac605d30819ba381,NEM,,buy,0.0,,swing,rejected,already at the 10-position limit (10 held or pending),,,,,,auto
2026-08-06T01:14:13+00:00,8ebc68039ee5420ab5c8448e7c9960fa,MAR,,buy,0.0,,swing,rejected,already at the 10-position limit (10 held or pending),,,,,,auto
2026-08-06T01:14:14+00:00,f24eec87d51f42718dd1ff0618a042b8,F,,buy,0.0,,swing,rejected,already at the 10-position limit (10 held or pending),,,,,,auto
2026-08-06T01:14:26+00:00,e2ce7db41c0d4faf92a221de8a89d09e,INTC,,buy,0.0,,swing,rejected,already at the 10-position limit (10 held or pending),,,,,,auto
2026-08-06T13:30:08+00:00,d399d89302b84a309e97196871a1f53a,PM,,buy,0.0,,swing,rejected,already at the 10-position limit (10 held or pending),,,,,,auto
2026-08-06T13:32:08+00:00,9ce6d824282b4e1eb518389c0d553277,PGR,,buy,0.0,,swing,rejected,already at the 10-position limit (10 held or pending),,,,,,auto
2026-08-06T13:33:10+00:00,f0631c86973645a2911c07e1aa6f982b,PG,,buy,0.0,,swing,rejected,already at the 10-position limit (10 held or pending),,,,,,auto
2026-08-06T14:16:19+00:00,bb11ea2ba73b4972af868005226642d6,MU,,buy,0.0,,swing,rejected,already at the 10-position limit (10 held or pending),,,,,,auto
2026-08-07T13:31:22+00:00,c3ddabcfc252486d8ad9cf4b0c083630,GILD,,buy,0.0,,swing,rejected,already at the 10-position limit (10 held or pending),,,,,,auto
2026-08-07T13:33:22+00:00,6695c6f4e89540cc8ca407525ef75169,MU,,buy,0.0,,swing,rejected,already at the 10-position limit (10 held or pending),,,,,,auto
2026-08-07T14:02:28+00:00,54dd672732a04e4b8a7886f36f7ac071,AXP,,buy,0.0,,swing,rejected,already at the 10-position limit (10 held or pending),,,,,,auto
2026-08-07T14:15:31+00:00,bfd26e75283d4ca699b4d525a8a4ac5d,PM,,buy,0.0,,swing,rejected,already at the 10-position limit (10 held or pending),,,,,,auto
2026-08-11T13:37:19+00:00,5a8a56687ed7461ca465b1a1bfe291d7,PGR,,buy,0.0,,swing,rejected,already at the 10-position limit (10 held or pending),,,,,,auto
2026-08-11T13:43:21+00:00,3b0925263ac64d07971c8ed0a907372d,ABBV,,buy,0.0,,swing,rejected,already at the 10-position limit (10 held or pending),,,,,,auto
2026-08-11T13:52:23+00:00,88828d0680584069ad89d024749c69a2,AXP,,buy,0.0,,swing,rejected,already at the 10-position limit (10 held or pending),,,,,,auto
2026-08-11T14:41:35+00:00,097eb23662174f7a9579e4c39343955d,F,,buy,0.0,,swing,rejected,already at the 10-position limit (10 held or pending),,,,,,auto
2026-08-12T18:09:25+00:00,35de6ac85ed4452aa82131dc3bde3e41,AXP,,buy,0.0,,swing,rejected,already at the 10-position limit (10 held or pending),,,,,,auto
2026-08-13T13:30:10+00:00,cf3e5d0c5556429fa8b434a487913585,V,,buy,0.0,,swing,rejected,already at the 10-position limit (10 held or pending),,,,,,auto
2026-08-13T13:30:11+00:00,3cbab7fa0c5147e2a52b17d858d99dd6,HD,,buy,0.0,,swing,rejected,already at the 10-position limit (10 held or pending),,,,,,auto
2026-08-13T13:31:10+00:00,622bbf239d4e424485a17fbfaafb1a52,ABBV,,buy,0.0,,swing,rejected,already at the 10-position limit (10 held or pending),,,,,,auto
2026-08-13T13:31:11+00:00,72944de53b4b42a794d73985c503da2b,SPGI,,buy,0.0,,swing,rejected,already at the 10-position limit (10 held or pending),,,,,,auto
2026-08-13T13:36:11+00:00,7dae155a5f9e4e7c820e75bf2b5f0a1b,PM,,buy,0.0,,swing,rejected,already at the 10-position limit (10 held or pending),,,,,,auto
2026-08-14T13:32:04+00:00,7a8ec7156abe49a5a8c325492be5f644,F,,buy,0.0,,swing,rejected,already at the 10-position limit (10 held or pending),,,,,,auto
2026-08-18T13:43:12+00:00,10a5a9121d8b4d0c835cedb4b6100123,SYK,,buy,0.0,,swing,rejected,already at the 10-position limit (10 held or pending),,,,,,auto
2026-08-18T15:24:36+00:00,c1c84ad16e634eed9701e1ffddd085e6,PM,,buy,0.0,,swing,rejected,already at the 10-position limit (10 held or pending),,,,,,auto
