ts,equity,cash,market
2026-07-26T08:44:16+00:00,100415.94,69845.06,
2026-07-26T08:45:23+00:00,100415.94,69845.06,
2026-07-26T08:46:23+00:00,100415.94,69845.06,
2026-07-26T08:47:23+00:00,100415.94,69845.06,
2026-07-26T08:48:23+00:00,100415.94,69845.06,
2026-07-26T08:49:23+00:00,100415.94,69845.06,
2026-07-26T08:50:24+00:00,100415.94,69845.06,
2026-07-26T08:51:24+00:00,100415.94,69845.06,
2026-07-26T08:52:24+00:00,100415.94,69845.06,
2026-07-26T08:53:24+00:00,100415.94,69845.06,
2026-07-26T08:54:25+00:00,100415.94,69845.06,
2026-07-26T08:55:25+00:00,100415.94,69845.06,
2026-07-26T08:56:25+00:00,100415.94,69845.06,
2026-07-26T08:57:25+00:00,100415.94,69845.06,
2026-07-26T08:58:25+00:00,100415.94,69845.06,
2026-07-26T08:59:26+00:00,100415.94,69845.06,
2026-07-26T09:00:26+00:00,100415.94,69845.06,
2026-07-26T09:01:26+00:00,100415.94,69845.06,
2026-07-26T09:02:26+00:00,100415.94,69845.06,
2026-07-26T09:03:26+00:00,100415.94,69845.06,
2026-07-26T09:04:27+00:00,100415.94,69845.06,
2026-07-26T09:05:27+00:00,100415.94,69845.06,
2026-07-26T09:06:27+00:00,100415.94,69845.06,
2026-07-26T09:07:27+00:00,100415.94,69845.06,
2026-07-26T09:08:28+00:00,100415.94,69845.06,
2026-07-26T09:09:28+00:00,100415.94,69845.06,
2026-07-26T09:10:29+00:00,100415.94,69845.06,
2026-07-26T09:11:29+00:00,100415.94,69845.06,
2026-07-26T09:12:29+00:00,100415.94,69845.06,
2026-07-26T09:13:29+00:00,100415.94,69845.06,
2026-07-26T09:14:29+00:00,100415.94,69845.06,
2026-07-26T09:15:30+00:00,100415.94,69845.06,
2026-07-26T09:16:30+00:00,100415.94,69845.06,
2026-07-26T09:17:30+00:00,100415.94,69845.06,
2026-07-26T09:18:30+00:00,100415.94,69845.06,
2026-07-26T09:19:30+00:00,100415.94,69845.06,
2026-07-26T09:20:31+00:00,100415.94,69845.06,
2026-07-26T09:21:31+00:00,100415.94,69845.06,
2026-07-26T09:22:31+00:00,100415.94,69845.06,
2026-07-26T09:23:31+00:00,100415.94,69845.06,
2026-07-26T09:24:32+00:00,100415.94,69845.06,
2026-07-26T09:25:32+00:00,100415.94,69845.06,
2026-07-26T09:26:32+00:00,100415.94,69845.06,
2026-07-26T09:27:32+00:00,100415.94,69845.06,
2026-07-26T09:28:32+00:00,100415.94,69845.06,
2026-07-26T09:29:33+00:00,100415.94,69845.06,
2026-07-26T09:30:33+00:00,100415.94,69845.06,
2026-07-26T09:31:33+00:00,100415.94,69845.06,
2026-07-26T09:32:33+00:00,100415.94,69845.06,
2026-07-26T09:33:33+00:00,100415.94,69845.06,
2026-07-26T09:34:34+00:00,100415.94,69845.06,
2026-07-26T09:35:34+00:00,100415.94,69845.06,
2026-07-26T09:36:34+00:00,100415.94,69845.06,
2026-07-26T09:37:34+00:00,100415.94,69845.06,
2026-07-26T09:38:35+00:00,100415.94,69845.06,
2026-07-26T09:39:35+00:00,100415.94,69845.06,
2026-07-26T09:40:35+00:00,100415.94,69845.06,
2026-07-26T09:41:35+00:00,100415.94,69845.06,
2026-07-26T09:42:35+00:00,100415.94,69845.06,
2026-07-26T09:43:36+00:00,100415.94,69845.06,
2026-07-26T09:44:36+00:00,100415.94,69845.06,
2026-07-26T09:45:36+00:00,100415.94,69845.06,
2026-07-26T09:46:36+00:00,100415.94,69845.06,
2026-07-26T09:47:36+00:00,100415.94,69845.06,
2026-07-26T09:48:37+00:00,100415.94,69845.06,
2026-07-26T09:49:37+00:00,100415.94,69845.06,
2026-07-26T09:50:37+00:00,100415.94,69845.06,
2026-07-26T09:51:37+00:00,100415.94,69845.06,
2026-07-26T09:52:37+00:00,100415.94,69845.06,
2026-07-26T09:53:38+00:00,100415.94,69845.06,
2026-07-26T09:54:38+00:00,100415.94,69845.06,
2026-07-26T09:55:38+00:00,100415.94,69845.06,
2026-07-26T09:56:38+00:00,100415.94,69845.06,
2026-07-26T09:57:39+00:00,100415.94,69845.06,
2026-07-26T09:58:39+00:00,100415.94,69845.06,
2026-07-26T09:59:39+00:00,100415.94,69845.06,
2026-07-26T10:00:39+00:00,100415.94,69845.06,
2026-07-26T10:01:39+00:00,100415.94,69845.06,
2026-07-26T10:02:40+00:00,100415.94,69845.06,
2026-07-26T10:03:40+00:00,100415.94,69845.06,
2026-07-26T10:04:40+00:00,100415.94,69845.06,
2026-07-26T11:26:13+00:00,100415.94,69845.06,
2026-07-26T11:27:14+00:00,100415.94,69845.06,
2026-07-26T11:28:14+00:00,100415.94,69845.06,
2026-07-26T11:29:15+00:00,100415.94,69845.06,
2026-07-26T11:30:15+00:00,100415.94,69845.06,
2026-07-26T11:31:15+00:00,100415.94,69845.06,
2026-07-26T11:32:15+00:00,100415.94,69845.06,
2026-07-26T11:33:16+00:00,100415.94,69845.06,
2026-07-26T11:34:16+00:00,100415.94,69845.06,
2026-07-26T11:35:16+00:00,100415.94,69845.06,
2026-07-26T11:36:16+00:00,100415.94,69845.06,
2026-07-26T11:37:16+00:00,100415.94,69845.06,
2026-07-26T11:38:12+00:00,100415.94,69845.06,
2026-07-26T11:39:12+00:00,100415.94,69845.06,
2026-07-26T11:40:13+00:00,100415.94,69845.06,
2026-07-26T11:41:13+00:00,100415.94,69845.06,
2026-07-26T11:42:13+00:00,100415.94,69845.06,
2026-07-26T11:43:13+00:00,100415.94,69845.06,
2026-07-26T11:44:13+00:00,100415.94,69845.06,
2026-07-26T11:45:14+00:00,100415.94,69845.06,
2026-07-26T11:46:14+00:00,100415.94,69845.06,
2026-07-26T11:47:14+00:00,100415.94,69845.06,
2026-07-26T11:48:14+00:00,100415.94,69845.06,
2026-07-26T11:49:15+00:00,100415.94,69845.06,
2026-07-26T11:50:15+00:00,100415.94,69845.06,
2026-07-26T11:51:15+00:00,100415.94,69845.06,
2026-07-26T11:52:15+00:00,100415.94,69845.06,
2026-07-26T11:53:15+00:00,100415.94,69845.06,
2026-07-26T11:58:47+00:00,100415.94,69845.06,
2026-07-26T11:59:48+00:00,100415.94,69845.06,
2026-07-26T12:00:48+00:00,100415.94,69845.06,
2026-07-26T12:01:48+00:00,100415.94,69845.06,
2026-07-26T12:02:48+00:00,100415.94,69845.06,
2026-07-26T12:03:49+00:00,100415.94,69845.06,
2026-07-26T12:04:49+00:00,100415.94,69845.06,
2026-07-26T12:05:49+00:00,100415.94,69845.06,
2026-07-26T12:06:49+00:00,100415.94,69845.06,
2026-07-26T12:07:50+00:00,100415.94,69845.06,
2026-07-26T12:08:50+00:00,100415.94,69845.06,
2026-07-26T12:09:50+00:00,100415.94,69845.06,
2026-07-26T12:10:50+00:00,100415.94,69845.06,
2026-07-26T12:11:50+00:00,100415.94,69845.06,
2026-07-26T12:12:51+00:00,100415.94,69845.06,
2026-07-26T23:19:58+00:00,100415.94,69845.06,
2026-07-26T23:45:20+00:00,100415.94,69845.06,
2026-07-26T23:46:20+00:00,100415.94,69845.06,
2026-07-26T23:47:20+00:00,100415.94,69845.06,
2026-07-26T23:48:20+00:00,100415.94,69845.06,
2026-07-26T23:49:20+00:00,100415.94,69845.06,
2026-07-26T23:50:21+00:00,100415.94,69845.06,
2026-07-26T23:51:21+00:00,100415.94,69845.06,
2026-07-26T23:52:21+00:00,100415.94,69845.06,
2026-07-26T23:53:21+00:00,100415.94,69845.06,
2026-07-26T23:54:21+00:00,100415.94,69845.06,
2026-07-27T00:22:02+00:00,100462.97,69845.06,
2026-07-27T00:23:02+00:00,100459.21,69845.06,
2026-07-27T00:24:12+00:00,100467.21,69845.06,
2026-07-27T00:25:13+00:00,100463.77,69845.06,
2026-07-27T00:26:13+00:00,100463.77,69845.06,
2026-07-27T00:27:13+00:00,100479.21,69845.06,
2026-07-27T00:28:13+00:00,100479.21,69845.06,
2026-07-27T00:29:14+00:00,100479.21,69845.06,
2026-07-27T00:30:14+00:00,100475.21,69845.06,
2026-07-27T00:31:14+00:00,100475.21,69845.06,
2026-07-27T00:32:14+00:00,100476.81,69845.06,
2026-07-27T00:33:15+00:00,100476.81,69845.06,
2026-07-27T00:34:15+00:00,100484.81,69845.06,
2026-07-27T00:35:15+00:00,100479.21,69845.06,
2026-07-27T00:36:15+00:00,100479.21,69845.06,
2026-07-27T00:37:16+00:00,100479.21,69845.06,
2026-07-27T00:38:16+00:00,100468.39,69845.06,
2026-07-27T00:39:16+00:00,100470.01,69845.06,
2026-07-27T00:40:16+00:00,100470.01,69845.06,
2026-07-27T00:41:16+00:00,100470.01,69845.06,
2026-07-27T00:42:17+00:00,100470.01,69845.06,
2026-07-27T00:43:17+00:00,100470.01,69845.06,
2026-07-27T00:44:17+00:00,100470.01,69845.06,
2026-07-27T00:45:17+00:00,100467.93,69845.06,
2026-07-27T00:46:18+00:00,100468.41,69845.06,
2026-07-27T00:47:18+00:00,100468.41,69845.06,
2026-07-27T00:48:18+00:00,100468.41,69845.06,
2026-07-27T00:49:18+00:00,100468.41,69845.06,
2026-07-27T00:50:18+00:00,100478.73,69845.06,
2026-07-27T00:51:19+00:00,100483.29,69845.06,
2026-07-27T00:52:19+00:00,100489.13,69845.06,
2026-07-27T00:53:19+00:00,100489.13,69845.06,
2026-07-27T00:54:19+00:00,100481.53,69845.06,
2026-07-27T00:55:20+00:00,100481.53,69845.06,
2026-07-27T00:56:20+00:00,100476.01,69845.06,
2026-07-27T00:57:20+00:00,100472.33,69845.06,
2026-07-27T00:58:20+00:00,100479.13,69845.06,
2026-07-27T00:59:20+00:00,100479.13,69845.06,
2026-07-27T01:00:21+00:00,100479.13,69845.06,
2026-07-27T01:15:28+00:00,100477.89,69845.06,
2026-07-27T01:16:29+00:00,100477.89,69845.06,
2026-07-27T01:17:29+00:00,100483.49,69845.06,
2026-07-27T01:18:29+00:00,100483.49,69845.06,
2026-07-27T01:19:29+00:00,100486.19,69845.06,
2026-07-27T01:23:15+00:00,100478.11,69845.06,
2026-07-27T01:24:15+00:00,100482.67,69845.06,
2026-07-27T01:25:15+00:00,100480.51,69845.06,
2026-07-27T01:26:15+00:00,100475.31,69845.06,
2026-07-27T01:27:16+00:00,100471.79,69845.06,
2026-07-27T01:28:16+00:00,100471.79,69845.06,
2026-07-27T01:29:16+00:00,100468.75,69845.06,
2026-07-27T01:30:16+00:00,100470.11,69845.06,
2026-07-27T01:31:16+00:00,100470.11,69845.06,
2026-07-27T01:32:17+00:00,100481.55,69845.06,
2026-07-27T01:33:17+00:00,100490.59,69845.06,
2026-07-27T01:34:17+00:00,100490.59,69845.06,
2026-07-27T01:35:17+00:00,100490.59,69845.06,
2026-07-27T01:36:18+00:00,100490.59,69845.06,
2026-07-27T01:37:18+00:00,100490.59,69845.06,
2026-07-27T01:38:18+00:00,100490.59,69845.06,
2026-07-27T01:39:18+00:00,100493.31,69845.06,
2026-07-27T01:40:18+00:00,100497.31,69845.06,
2026-07-27T01:41:19+00:00,100497.31,69845.06,
2026-07-27T01:42:19+00:00,100497.31,69845.06,
2026-07-27T01:43:19+00:00,100496.91,69845.06,
2026-07-27T01:44:19+00:00,100496.91,69845.06,
2026-07-27T01:45:20+00:00,100496.91,69845.06,
2026-07-27T01:46:20+00:00,100496.91,69845.06,
2026-07-27T01:47:20+00:00,100496.91,69845.06,
2026-07-27T01:48:20+00:00,100495.71,69845.06,
2026-07-27T01:49:20+00:00,100498.83,69845.06,
2026-07-27T01:50:21+00:00,100498.83,69845.06,
2026-07-27T01:51:21+00:00,100507.02,69845.06,
2026-07-27T01:52:21+00:00,100549.5,69845.06,
2026-07-27T01:53:21+00:00,100549.5,69845.06,
2026-07-27T01:54:22+00:00,100549.5,69845.06,
2026-07-27T01:55:22+00:00,100549.5,69845.06,
2026-07-27T01:56:22+00:00,100549.5,69845.06,
2026-07-27T02:00:02+00:00,100549.56,69845.06,
2026-07-27T02:01:02+00:00,100549.56,69845.06,
2026-07-27T02:02:02+00:00,100549.56,69845.06,
2026-07-27T02:03:02+00:00,100549.56,69845.06,
2026-07-27T02:04:03+00:00,100546.08,69845.06,
2026-07-27T02:05:03+00:00,100546.08,69845.06,
2026-07-27T02:06:03+00:00,100549.84,69845.06,
2026-07-27T02:07:03+00:00,100550.56,69845.06,
2026-07-27T02:08:03+00:00,100550.56,69845.06,
2026-07-27T02:09:04+00:00,100550.56,69845.06,
2026-07-27T02:10:04+00:00,100552.96,69845.06,
2026-07-27T02:11:04+00:00,100552.96,69845.06,
2026-07-27T02:12:04+00:00,100552.96,69845.06,
2026-07-27T02:13:04+00:00,100544.88,69845.06,
2026-07-27T02:14:05+00:00,100549.36,69845.06,
2026-07-27T02:15:05+00:00,100549.36,69845.06,
2026-07-27T02:16:05+00:00,100549.36,69845.06,
2026-07-27T02:17:05+00:00,100550.96,69845.06,
2026-07-27T02:18:06+00:00,100550.96,69845.06,
2026-07-27T02:19:06+00:00,100551.76,69845.06,
2026-07-27T02:20:06+00:00,100551.76,69845.06,
2026-07-27T02:21:06+00:00,100551.76,69845.06,
2026-07-27T02:22:06+00:00,100551.76,69845.06,
2026-07-27T02:23:07+00:00,100549.36,69845.06,
2026-07-27T02:24:07+00:00,100549.18,69845.06,
2026-07-27T02:25:07+00:00,100549.18,69845.06,
2026-07-27T02:26:07+00:00,100558.38,69845.06,
2026-07-27T02:27:08+00:00,100558.38,69845.06,
2026-07-27T02:28:08+00:00,100558.72,69845.06,
2026-07-27T02:29:08+00:00,100562.72,69845.06,
2026-07-27T02:30:08+00:00,100557.68,69845.06,
2026-07-27T02:31:08+00:00,100557.77,69845.06,
2026-07-27T02:32:09+00:00,100557.77,69845.06,
2026-07-27T02:33:09+00:00,100557.77,69845.06,
2026-07-27T02:34:09+00:00,100557.77,69845.06,
2026-07-27T02:35:09+00:00,100548.09,69845.06,
2026-07-27T02:36:09+00:00,100552.49,69845.06,
2026-07-27T02:37:10+00:00,100552.49,69845.06,
2026-07-27T02:38:10+00:00,100552.49,69845.06,
2026-07-27T02:39:10+00:00,100552.49,69845.06,
2026-07-27T02:40:10+00:00,100552.49,69845.06,
2026-07-27T02:41:11+00:00,100552.49,69845.06,
2026-07-27T02:42:11+00:00,100552.49,69845.06,
2026-07-27T02:43:11+00:00,100562.01,69845.06,
2026-07-27T02:44:11+00:00,100562.01,69845.06,
2026-07-27T02:45:11+00:00,100562.01,69845.06,
2026-07-27T02:46:12+00:00,100560.01,69845.06,
2026-07-27T02:47:12+00:00,100560.01,69845.06,
2026-07-27T02:48:12+00:00,100584.61,69845.06,
2026-07-27T02:49:12+00:00,100580.21,69845.06,
2026-07-27T02:50:12+00:00,100580.21,69845.06,
2026-07-27T02:51:13+00:00,100580.21,69845.06,
2026-07-27T02:52:13+00:00,100580.21,69845.06,
2026-07-27T02:53:59+00:00,100580.21,69845.06,
2026-07-27T02:54:59+00:00,100580.21,69845.06,
2026-07-27T02:55:59+00:00,100580.21,69845.06,
2026-07-27T02:56:59+00:00,100580.21,69845.06,
2026-07-27T02:58:00+00:00,100580.21,69845.06,
2026-07-27T02:59:00+00:00,100587.59,69845.06,
2026-07-27T03:00:00+00:00,100587.59,69845.06,
2026-07-27T03:01:00+00:00,100589.51,69845.06,
2026-07-27T03:02:00+00:00,100589.51,69845.06,
2026-07-27T03:03:01+00:00,100590.87,69845.06,
2026-07-27T03:04:01+00:00,100590.87,69845.06,
2026-07-27T03:05:01+00:00,100590.87,69845.06,
2026-07-27T03:06:01+00:00,100590.87,69845.06,
2026-07-27T03:07:02+00:00,100590.87,69845.06,
2026-07-27T03:08:02+00:00,100590.87,69845.06,
2026-07-27T03:09:02+00:00,100590.87,69845.06,
2026-07-27T03:10:02+00:00,100590.87,69845.06,
2026-07-27T03:11:02+00:00,100590.87,69845.06,
2026-07-27T03:12:03+00:00,100590.87,69845.06,
2026-07-27T03:13:03+00:00,100590.87,69845.06,
2026-07-27T03:14:03+00:00,100590.87,69845.06,
2026-07-27T03:15:03+00:00,100590.87,69845.06,
2026-07-27T03:16:04+00:00,100590.87,69845.06,
2026-07-27T03:17:04+00:00,100590.87,69845.06,
2026-07-27T03:18:04+00:00,100590.87,69845.06,
2026-07-27T03:19:04+00:00,100590.87,69845.06,
2026-07-27T03:20:04+00:00,100590.87,69845.06,
2026-07-27T03:21:05+00:00,100590.87,69845.06,
2026-07-27T03:22:05+00:00,100590.87,69845.06,
2026-07-27T03:23:05+00:00,100590.87,69845.06,
2026-07-27T03:24:05+00:00,100590.87,69845.06,
2026-07-27T03:25:05+00:00,100590.87,69845.06,
2026-07-27T03:26:06+00:00,100590.87,69845.06,
2026-07-27T03:27:06+00:00,100590.87,69845.06,
2026-07-27T03:55:16+00:00,100576.51,69845.06,
2026-07-27T03:56:16+00:00,100576.51,69845.06,
2026-07-27T03:57:16+00:00,100576.51,69845.06,
2026-07-27T03:58:16+00:00,100583.35,69845.06,
2026-07-27T03:59:17+00:00,100583.35,69845.06,
2026-07-27T04:00:17+00:00,100582.63,69845.06,
2026-07-27T04:01:17+00:00,100582.63,69845.06,
2026-07-27T04:02:17+00:00,100582.63,69845.06,
2026-07-27T04:03:18+00:00,100582.63,69845.06,
2026-07-27T04:04:18+00:00,100582.63,69845.06,
2026-07-27T04:05:18+00:00,100582.63,69845.06,
2026-07-27T04:06:18+00:00,100582.63,69845.06,
2026-07-27T04:07:18+00:00,100586.55,69845.06,
2026-07-27T04:08:19+00:00,100586.55,69845.06,
2026-07-27T04:09:19+00:00,100589.07,69845.06,
2026-07-27T04:10:19+00:00,100584.99,69845.06,
2026-07-27T04:11:19+00:00,100584.99,69845.06,
2026-07-27T04:12:19+00:00,100584.99,69845.06,
2026-07-27T04:13:20+00:00,100584.99,69845.06,
2026-07-27T04:14:20+00:00,100584.99,69845.06,
2026-07-27T04:15:20+00:00,100584.99,69845.06,
2026-07-27T04:16:20+00:00,100584.99,69845.06,
2026-07-27T04:17:21+00:00,100592.91,69845.06,
2026-07-27T04:18:21+00:00,100592.91,69845.06,
2026-07-27T04:19:21+00:00,100592.91,69845.06,
2026-07-27T04:20:21+00:00,100592.91,69845.06,
2026-07-27T04:21:21+00:00,100592.91,69845.06,
2026-07-27T04:22:22+00:00,100600.11,69845.06,
2026-07-27T04:23:22+00:00,100599.87,69845.06,
2026-07-27T04:24:22+00:00,100599.87,69845.06,
2026-07-27T04:25:22+00:00,100599.87,69845.06,
2026-07-27T04:26:23+00:00,100599.87,69845.06,
2026-07-27T04:27:23+00:00,100599.87,69845.06,
2026-07-27T04:28:23+00:00,100599.87,69845.06,
2026-07-27T04:29:23+00:00,100599.87,69845.06,
2026-07-27T04:30:23+00:00,100599.87,69845.06,
2026-07-27T04:31:24+00:00,100599.87,69845.06,
2026-07-27T04:32:25+00:00,100599.87,69845.06,
2026-07-27T04:33:25+00:00,100599.87,69845.06,
2026-07-27T04:34:25+00:00,100633.69,69845.06,
2026-07-27T04:35:25+00:00,100633.69,69845.06,
2026-07-27T04:36:25+00:00,100633.69,69845.06,
2026-07-27T04:37:26+00:00,100633.69,69845.06,
2026-07-27T04:38:26+00:00,100633.69,69845.06,
2026-07-27T04:39:26+00:00,100633.69,69845.06,
2026-07-27T04:40:26+00:00,100633.69,69845.06,
2026-07-27T04:41:26+00:00,100633.69,69845.06,
2026-07-27T04:42:27+00:00,100635.29,69845.06,
2026-07-27T04:43:27+00:00,100624.25,69845.06,
2026-07-27T04:44:27+00:00,100624.25,69845.06,
2026-07-27T04:45:27+00:00,100624.25,69845.06,
2026-07-27T04:46:28+00:00,100632.41,69845.06,
2026-07-27T04:47:28+00:00,100632.41,69845.06,
2026-07-27T04:48:28+00:00,100632.41,69845.06,
2026-07-27T04:49:28+00:00,100632.41,69845.06,
2026-07-27T04:50:28+00:00,100632.41,69845.06,
2026-07-27T04:51:29+00:00,100632.69,69845.06,
2026-07-27T04:52:29+00:00,100634.61,69845.06,
2026-07-27T05:26:23+00:00,100653.69,69845.06,
2026-07-27T05:27:24+00:00,100653.69,69845.06,
2026-07-27T05:28:24+00:00,100653.69,69845.06,
2026-07-27T05:29:24+00:00,100653.69,69845.06,
2026-07-27T05:30:24+00:00,100655.13,69845.06,
2026-07-27T05:31:24+00:00,100655.13,69845.06,
2026-07-27T05:32:25+00:00,100655.13,69845.06,
2026-07-27T05:33:25+00:00,100655.13,69845.06,
2026-07-27T05:34:25+00:00,100655.13,69845.06,
2026-07-27T05:35:25+00:00,100655.13,69845.06,
2026-07-27T05:36:26+00:00,100655.13,69845.06,
2026-07-27T05:37:26+00:00,100655.13,69845.06,
2026-07-27T05:38:26+00:00,100655.13,69845.06,
2026-07-27T05:39:26+00:00,100653.13,69845.06,
2026-07-27T05:40:26+00:00,100660.24,69845.06,
2026-07-27T05:41:27+00:00,100660.24,69845.06,
2026-07-27T05:42:27+00:00,100661.76,69845.06,
2026-07-27T05:43:27+00:00,100661.76,69845.06,
2026-07-27T05:44:27+00:00,100661.76,69845.06,
2026-07-27T05:45:27+00:00,100661.76,69845.06,
2026-07-27T05:46:28+00:00,100657.36,69845.06,
2026-07-27T05:47:28+00:00,100657.36,69845.06,
2026-07-27T05:48:28+00:00,100655.44,69845.06,
2026-07-27T05:49:28+00:00,100655.44,69845.06,
2026-07-27T05:50:29+00:00,100643.38,69845.06,
2026-07-27T05:51:29+00:00,100643.38,69845.06,
2026-07-27T05:52:29+00:00,100643.94,69845.06,
2026-07-27T05:53:29+00:00,100643.94,69845.06,
2026-07-27T05:54:29+00:00,100643.94,69845.06,
2026-07-27T05:55:30+00:00,100643.94,69845.06,
2026-07-27T05:56:30+00:00,100643.94,69845.06,
2026-07-27T05:57:30+00:00,100643.94,69845.06,
2026-07-27T05:58:30+00:00,100643.94,69845.06,
2026-07-27T05:59:31+00:00,100643.94,69845.06,
2026-07-27T06:00:31+00:00,100643.94,69845.06,
2026-07-27T06:01:31+00:00,100643.94,69845.06,
2026-07-27T06:02:31+00:00,100643.94,69845.06,
2026-07-27T06:03:31+00:00,100644.3,69845.06,
2026-07-27T06:04:32+00:00,100644.3,69845.06,
2026-07-27T06:05:32+00:00,100644.3,69845.06,
2026-07-27T06:06:32+00:00,100644.3,69845.06,
2026-07-27T06:07:32+00:00,100644.3,69845.06,
2026-07-27T06:08:33+00:00,100644.3,69845.06,
2026-07-27T06:09:33+00:00,100655.5,69845.06,
2026-07-27T06:10:33+00:00,100653.1,69845.06,
2026-07-27T06:11:33+00:00,100653.1,69845.06,
2026-07-27T06:12:33+00:00,100653.1,69845.06,
2026-07-27T06:13:34+00:00,100653.1,69845.06,
2026-07-27T06:14:34+00:00,100653.1,69845.06,
2026-07-27T06:15:34+00:00,100664.58,69845.06,
2026-07-27T06:16:34+00:00,100665.54,69845.06,
2026-07-27T06:17:35+00:00,100664.34,69845.06,
2026-07-27T06:18:35+00:00,100664.34,69845.06,
2026-07-27T06:19:35+00:00,100664.34,69845.06,
2026-07-27T06:20:35+00:00,100663.7,69845.06,
2026-07-27T06:21:35+00:00,100661.94,69845.06,
2026-07-27T06:22:36+00:00,100661.94,69845.06,
2026-07-27T06:23:36+00:00,100664.34,69845.06,
2026-07-27T06:24:36+00:00,100664.34,69845.06,
2026-07-27T06:25:36+00:00,100664.34,69845.06,
2026-07-27T06:26:36+00:00,100664.34,69845.06,
2026-07-27T06:27:37+00:00,100664.34,69845.06,
2026-07-27T06:28:37+00:00,100659.54,69845.06,
2026-07-27T06:29:37+00:00,100659.54,69845.06,
2026-07-27T06:30:37+00:00,100659.54,69845.06,
2026-07-27T06:31:38+00:00,100659.54,69845.06,
2026-07-27T06:32:38+00:00,100659.54,69845.06,
2026-07-27T06:33:38+00:00,100659.54,69845.06,
2026-07-27T06:34:38+00:00,100659.54,69845.06,
2026-07-27T06:35:38+00:00,100659.54,69845.06,
2026-07-27T06:36:39+00:00,100659.54,69845.06,
2026-07-27T06:37:39+00:00,100659.54,69845.06,
2026-07-27T06:38:39+00:00,100659.54,69845.06,
2026-07-27T07:08:25+00:00,100666.02,69845.06,
2026-07-27T07:09:26+00:00,100666.02,69845.06,
2026-07-27T07:10:26+00:00,100664.04,69845.06,
2026-07-27T07:11:26+00:00,100663.95,69845.06,
2026-07-27T07:12:26+00:00,100669.47,69845.06,
2026-07-27T07:13:26+00:00,100669.47,69845.06,
2026-07-27T07:14:27+00:00,100670.91,69845.06,
2026-07-27T07:15:27+00:00,100670.91,69845.06,
2026-07-27T07:16:27+00:00,100670.91,69845.06,
2026-07-27T07:17:27+00:00,100670.91,69845.06,
2026-07-27T07:18:28+00:00,100670.91,69845.06,
2026-07-27T07:19:28+00:00,100670.91,69845.06,
2026-07-27T07:20:28+00:00,100670.91,69845.06,
2026-07-27T07:21:28+00:00,100669.07,69845.06,
2026-07-27T07:22:28+00:00,100665.47,69845.06,
2026-07-27T07:23:29+00:00,100665.47,69845.06,
2026-07-27T07:24:29+00:00,100665.47,69845.06,
2026-07-27T07:25:29+00:00,100665.79,69845.06,
2026-07-27T07:26:29+00:00,100663.47,69845.06,
2026-07-27T07:27:29+00:00,100663.47,69845.06,
2026-07-27T07:28:30+00:00,100663.71,69845.06,
2026-07-27T07:29:30+00:00,100668.43,69845.06,
2026-07-27T07:30:30+00:00,100668.43,69845.06,
2026-07-27T07:31:30+00:00,100668.43,69845.06,
2026-07-27T07:32:31+00:00,100668.43,69845.06,
2026-07-27T07:33:31+00:00,100668.43,69845.06,
2026-07-27T07:34:31+00:00,100668.43,69845.06,
2026-07-27T07:35:31+00:00,100668.43,69845.06,
2026-07-27T07:36:31+00:00,100655.71,69845.06,
2026-07-27T07:37:32+00:00,100655.71,69845.06,
2026-07-27T07:38:32+00:00,100655.71,69845.06,
2026-07-27T07:39:32+00:00,100655.71,69845.06,
2026-07-27T07:40:32+00:00,100655.71,69845.06,
2026-07-27T07:41:33+00:00,100655.71,69845.06,
2026-07-27T07:42:33+00:00,100655.71,69845.06,
2026-07-27T07:43:33+00:00,100655.71,69845.06,
2026-07-27T07:44:33+00:00,100656.67,69845.06,
2026-07-27T07:45:33+00:00,100656.67,69845.06,
2026-07-27T07:46:34+00:00,100656.67,69845.06,
2026-07-27T07:47:34+00:00,100659.07,69845.06,
2026-07-27T07:48:34+00:00,100659.07,69845.06,
2026-07-27T07:49:34+00:00,100658.43,69845.06,
2026-07-27T07:50:35+00:00,100658.43,69845.06,
2026-07-27T07:51:35+00:00,100659.07,69845.06,
2026-07-27T07:52:35+00:00,100659.07,69845.06,
2026-07-27T07:53:35+00:00,100657.71,69845.06,
2026-07-27T07:54:35+00:00,100657.47,69845.06,
2026-07-27T07:55:36+00:00,100654.91,69845.06,
2026-07-27T07:56:36+00:00,100654.91,69845.06,
2026-07-27T07:57:36+00:00,100654.91,69845.06,
2026-07-27T07:58:36+00:00,100654.91,69845.06,
2026-07-27T07:59:37+00:00,100658.87,69845.06,
2026-07-27T08:00:37+00:00,100583.65,69845.06,
2026-07-27T08:01:37+00:00,100642.56,69845.06,
2026-07-27T08:02:37+00:00,100669.91,69845.06,
2026-07-27T08:03:37+00:00,100695.71,69845.06,
2026-07-27T08:04:38+00:00,100680.92,69845.06,
2026-07-27T08:05:38+00:00,100680.92,69845.06,
2026-07-27T08:06:38+00:00,100670.52,69845.06,
2026-07-27T08:07:38+00:00,100665.72,69845.06,
2026-07-27T08:08:39+00:00,100664.12,69845.06,
2026-07-27T08:09:39+00:00,100664.12,69845.06,
2026-07-27T08:10:39+00:00,100663.32,69845.06,
2026-07-27T08:11:39+00:00,100675.02,69845.06,
2026-07-27T08:12:39+00:00,100668.25,69845.06,
2026-07-27T08:13:40+00:00,100674.22,69845.06,
2026-07-27T08:14:40+00:00,100677.72,69845.06,
2026-07-27T08:15:40+00:00,100677.72,69845.06,
2026-07-27T08:16:40+00:00,100670.36,69845.06,
2026-07-27T08:17:40+00:00,100670.36,69845.06,
2026-07-27T08:18:41+00:00,100670.36,69845.06,
2026-07-27T08:19:41+00:00,100670.16,69845.06,
2026-07-27T08:20:41+00:00,100670.16,69845.06,
2026-07-27T08:21:41+00:00,100670.66,69845.06,
2026-07-27T08:22:42+00:00,100670.66,69845.06,
2026-07-27T08:23:42+00:00,100676.33,69845.06,
2026-07-27T08:24:42+00:00,100676.33,69845.06,
2026-07-27T08:25:42+00:00,100676.33,69845.06,
2026-07-27T08:26:42+00:00,100679.75,69845.06,
2026-07-27T08:27:43+00:00,100684.24,69845.06,
2026-07-27T08:28:43+00:00,100680.64,69845.06,
2026-07-27T08:29:43+00:00,100690.56,69845.06,
2026-07-27T08:30:43+00:00,100694.64,69845.06,
2026-07-27T08:31:44+00:00,100687.76,69845.06,
2026-07-27T08:32:44+00:00,100687.76,69845.06,
2026-07-27T08:33:44+00:00,100694.64,69845.06,
2026-07-27T08:34:44+00:00,100694.64,69845.06,
2026-07-27T08:35:44+00:00,100694.64,69845.06,
2026-07-27T08:36:45+00:00,100694.64,69845.06,
2026-07-27T08:37:45+00:00,100694.64,69845.06,
2026-07-27T08:38:45+00:00,100688.64,69845.06,
2026-07-27T08:39:45+00:00,100688.64,69845.06,
2026-07-27T08:40:46+00:00,100688.64,69845.06,
2026-07-27T08:41:46+00:00,100689.34,69845.06,
2026-07-27T08:42:46+00:00,100693.94,69845.06,
2026-07-27T08:43:46+00:00,100703.84,69845.06,
2026-07-27T08:44:46+00:00,100704.04,69845.06,
2026-07-27T08:45:47+00:00,100704.04,69845.06,
2026-07-27T08:46:47+00:00,100704.04,69845.06,
2026-07-27T08:47:47+00:00,100701.72,69845.06,
2026-07-27T08:48:47+00:00,100701.72,69845.06,
2026-07-27T08:49:48+00:00,100701.64,69845.06,
2026-07-27T08:50:48+00:00,100701.64,69845.06,
2026-07-27T08:51:48+00:00,100701.64,69845.06,
2026-07-27T08:52:48+00:00,100701.64,69845.06,
2026-07-27T08:53:48+00:00,100701.64,69845.06,
2026-07-27T08:54:49+00:00,100705.64,69845.06,
2026-07-27T08:55:49+00:00,100705.64,69845.06,
2026-07-27T08:56:49+00:00,100705.64,69845.06,
2026-07-27T08:57:49+00:00,100705.64,69845.06,
2026-07-27T08:58:50+00:00,100705.64,69845.06,
2026-07-27T08:59:50+00:00,100705.64,69845.06,
2026-07-27T09:00:50+00:00,100705.64,69845.06,
2026-07-27T09:01:50+00:00,100704.47,69845.06,
2026-07-27T09:02:50+00:00,100704.47,69845.06,
2026-07-27T09:03:51+00:00,100704.47,69845.06,
2026-07-27T09:04:51+00:00,100707.85,69845.06,
2026-07-27T09:05:51+00:00,100707.85,69845.06,
2026-07-27T09:06:51+00:00,100707.85,69845.06,
2026-07-27T09:07:52+00:00,100707.85,69845.06,
2026-07-27T09:08:52+00:00,100707.85,69845.06,
2026-07-27T09:09:52+00:00,100707.85,69845.06,
2026-07-27T09:10:52+00:00,100704.29,69845.06,
2026-07-27T09:11:52+00:00,100708.79,69845.06,
2026-07-27T09:12:53+00:00,100704.79,69845.06,
2026-07-27T09:13:53+00:00,100704.79,69845.06,
2026-07-27T09:14:53+00:00,100704.79,69845.06,
2026-07-27T09:15:53+00:00,100704.79,69845.06,
2026-07-27T09:16:53+00:00,100704.79,69845.06,
2026-07-27T09:17:54+00:00,100704.79,69845.06,
2026-07-27T09:18:54+00:00,100704.79,69845.06,
2026-07-27T09:19:54+00:00,100704.79,69845.06,
2026-07-27T09:20:54+00:00,100704.79,69845.06,
2026-07-27T09:21:55+00:00,100700.79,69845.06,
2026-07-27T09:22:55+00:00,100704.79,69845.06,
2026-07-27T09:23:55+00:00,100702.95,69845.06,
2026-07-27T09:24:55+00:00,100702.95,69845.06,
2026-07-27T09:25:55+00:00,100702.95,69845.06,
2026-07-27T09:26:56+00:00,100702.95,69845.06,
2026-07-27T09:27:56+00:00,100704.47,69845.06,
2026-07-27T09:28:56+00:00,100700.87,69845.06,
2026-07-27T09:29:56+00:00,100700.97,69845.06,
2026-07-27T09:30:57+00:00,100701.07,69845.06,
2026-07-27T09:31:57+00:00,100701.07,69845.06,
2026-07-27T09:32:57+00:00,100701.07,69845.06,
2026-07-27T09:33:57+00:00,100701.07,69845.06,
2026-07-27T09:34:57+00:00,100700.99,69845.06,
2026-07-27T09:35:58+00:00,100701.29,69845.06,
2026-07-27T09:36:58+00:00,100701.29,69845.06,
2026-07-27T09:37:58+00:00,100701.29,69845.06,
2026-07-27T09:38:58+00:00,100704.57,69845.06,
2026-07-27T09:39:59+00:00,100704.57,69845.06,
2026-07-27T09:40:59+00:00,100704.57,69845.06,
2026-07-27T09:41:59+00:00,100709.21,69845.06,
2026-07-27T09:42:59+00:00,100709.21,69845.06,
2026-07-27T09:43:59+00:00,100702.89,69845.06,
2026-07-27T09:45:00+00:00,100702.99,69845.06,
2026-07-27T09:46:00+00:00,100702.99,69845.06,
2026-07-27T09:47:00+00:00,100707.93,69845.06,
2026-07-27T09:48:00+00:00,100718.39,69845.06,
2026-07-27T09:49:00+00:00,100723.88,69845.06,
2026-07-27T09:50:01+00:00,100723.96,69845.06,
2026-07-27T09:51:01+00:00,100723.96,69845.06,
2026-07-27T09:52:01+00:00,100723.96,69845.06,
2026-07-27T09:53:01+00:00,100723.96,69845.06,
2026-07-27T09:54:02+00:00,100723.96,69845.06,
2026-07-27T09:55:02+00:00,100720.82,69845.06,
2026-07-27T09:56:02+00:00,100720.82,69845.06,
2026-07-27T09:57:02+00:00,100711.86,69845.06,
2026-07-27T09:58:02+00:00,100711.86,69845.06,
2026-07-27T09:59:03+00:00,100711.86,69845.06,
2026-07-27T10:00:03+00:00,100711.86,69845.06,
2026-07-27T10:01:03+00:00,100711.86,69845.06,
2026-07-27T10:02:03+00:00,100713.22,69845.06,
2026-07-27T10:03:04+00:00,100713.22,69845.06,
2026-07-27T10:04:04+00:00,100713.22,69845.06,
2026-07-27T10:05:04+00:00,100713.22,69845.06,
2026-07-27T10:06:04+00:00,100713.22,69845.06,
2026-07-27T10:07:04+00:00,100713.22,69845.06,
2026-07-27T10:08:05+00:00,100713.22,69845.06,
2026-07-27T10:09:05+00:00,100713.22,69845.06,
2026-07-27T10:10:05+00:00,100712.5,69845.06,
2026-07-27T10:11:05+00:00,100708.9,69845.06,
2026-07-27T10:12:06+00:00,100702.9,69845.06,
2026-07-27T10:13:06+00:00,100702.9,69845.06,
2026-07-27T10:14:06+00:00,100702.9,69845.06,
2026-07-27T10:15:06+00:00,100703.68,69845.06,
2026-07-27T10:16:06+00:00,100703.68,69845.06,
2026-07-27T10:17:07+00:00,100703.83,69845.06,
2026-07-27T10:18:07+00:00,100703.58,69845.06,
2026-07-27T10:19:07+00:00,100696.61,69845.06,
2026-07-27T10:20:07+00:00,100696.61,69845.06,
2026-07-27T10:21:08+00:00,100696.61,69845.06,
2026-07-27T10:22:08+00:00,100697.56,69845.06,
2026-07-27T10:23:08+00:00,100703.74,69845.06,
2026-07-27T10:24:08+00:00,100703.74,69845.06,
2026-07-27T10:25:08+00:00,100703.74,69845.06,
2026-07-27T10:26:09+00:00,100703.74,69845.06,
2026-07-27T10:27:09+00:00,100696.18,69845.06,
2026-07-27T10:28:09+00:00,100691.52,69845.06,
2026-07-27T10:29:09+00:00,100691.35,69845.06,
2026-07-27T10:30:09+00:00,100691.15,69845.06,
2026-07-27T10:31:10+00:00,100691.15,69845.06,
2026-07-27T10:32:10+00:00,100691.15,69845.06,
2026-07-27T10:33:10+00:00,100691.15,69845.06,
2026-07-27T10:34:10+00:00,100696.25,69845.06,
2026-07-27T10:35:11+00:00,100693.85,69845.06,
2026-07-27T10:36:11+00:00,100691.53,69845.06,
2026-07-27T10:37:11+00:00,100690.57,69845.06,
2026-07-27T10:38:11+00:00,100690.57,69845.06,
2026-07-27T10:39:11+00:00,100695.07,69845.06,
2026-07-27T10:40:12+00:00,100696.03,69845.06,
2026-07-27T10:41:12+00:00,100696.03,69845.06,
2026-07-27T10:42:12+00:00,100696.03,69845.06,
2026-07-27T10:43:12+00:00,100696.03,69845.06,
2026-07-27T10:44:12+00:00,100696.03,69845.06,
2026-07-27T10:45:13+00:00,100696.03,69845.06,
2026-07-27T10:46:13+00:00,100696.03,69845.06,
2026-07-27T10:47:13+00:00,100696.03,69845.06,
2026-07-27T10:48:13+00:00,100696.03,69845.06,
2026-07-27T10:49:14+00:00,100697.83,69845.06,
2026-07-27T10:50:14+00:00,100697.83,69845.06,
2026-07-27T10:51:14+00:00,100697.83,69845.06,
2026-07-27T10:52:14+00:00,100697.83,69845.06,
2026-07-27T10:53:14+00:00,100697.83,69845.06,
2026-07-27T10:54:15+00:00,100701.11,69845.06,
2026-07-27T10:55:15+00:00,100701.11,69845.06,
2026-07-27T10:56:15+00:00,100701.11,69845.06,
2026-07-27T10:57:15+00:00,100701.21,69845.06,
2026-07-27T10:58:16+00:00,100701.21,69845.06,
2026-07-27T10:59:16+00:00,100701.21,69845.06,
2026-07-27T11:00:16+00:00,100702.93,69845.06,
2026-07-27T11:01:16+00:00,100695.98,69845.06,
2026-07-27T11:02:16+00:00,100681.65,69845.06,
2026-07-27T11:03:17+00:00,100669.61,69845.06,
2026-07-27T11:04:17+00:00,100670.15,69845.06,
2026-07-27T11:05:17+00:00,100671.13,69845.06,
2026-07-27T11:06:17+00:00,100670.09,69845.06,
2026-07-27T11:07:17+00:00,100674.01,69845.06,
2026-07-27T11:08:18+00:00,100674.83,69845.06,
2026-07-27T11:09:18+00:00,100668.11,69845.06,
2026-07-27T11:10:18+00:00,100670.41,69845.06,
2026-07-27T11:11:18+00:00,100674.38,69845.06,
2026-07-27T11:12:19+00:00,100673.68,69845.06,
2026-07-27T11:13:19+00:00,100673.84,69845.06,
2026-07-27T11:14:19+00:00,100668.05,69845.06,
2026-07-27T11:15:19+00:00,100679.98,69845.06,
2026-07-27T11:16:19+00:00,100672.78,69845.06,
2026-07-27T11:17:20+00:00,100681.46,69845.06,
2026-07-27T11:18:20+00:00,100681.15,69845.06,
2026-07-27T11:19:20+00:00,100680.56,69845.06,
2026-07-27T11:20:20+00:00,100668.24,69845.06,
2026-07-27T11:21:21+00:00,100663.38,69845.06,
2026-07-27T11:22:21+00:00,100659.08,69845.06,
2026-07-27T11:23:21+00:00,100661.08,69845.06,
2026-07-27T11:24:21+00:00,100656.43,69845.06,
2026-07-27T11:25:21+00:00,100656.43,69845.06,
2026-07-27T11:26:22+00:00,100660.93,69845.06,
2026-07-27T11:27:22+00:00,100631.24,69845.06,
2026-07-27T11:28:22+00:00,100637.17,69845.06,
2026-07-27T11:29:22+00:00,100637.25,69845.06,
2026-07-27T11:30:23+00:00,100630.21,69845.06,
2026-07-27T11:31:23+00:00,100641.2,69845.06,
2026-07-27T11:32:23+00:00,100644.62,69845.06,
2026-07-27T11:33:23+00:00,100647.15,69845.06,
2026-07-27T11:34:23+00:00,100642.53,69845.06,
2026-07-27T11:35:24+00:00,100647.64,69845.06,
2026-07-27T11:36:24+00:00,100648.05,69845.06,
2026-07-27T11:37:24+00:00,100648.3,69845.06,
2026-07-27T11:38:24+00:00,100650.21,69845.06,
2026-07-27T11:39:25+00:00,100648.93,69845.06,
2026-07-27T11:40:25+00:00,100654.03,69845.06,
2026-07-27T11:41:25+00:00,100649.63,69845.06,
2026-07-27T11:42:25+00:00,100662.03,69845.06,
2026-07-27T11:43:25+00:00,100662.03,69845.06,
2026-07-27T11:44:26+00:00,100656.77,69845.06,
2026-07-27T11:45:26+00:00,100657.79,69845.06,
2026-07-27T11:46:26+00:00,100660.37,69845.06,
2026-07-27T11:47:26+00:00,100659.83,69845.06,
2026-07-27T11:48:26+00:00,100659.83,69845.06,
2026-07-27T11:49:27+00:00,100665.87,69845.06,
2026-07-27T11:50:27+00:00,100665.87,69845.06,
2026-07-27T11:51:27+00:00,100656.37,69845.06,
2026-07-27T11:52:27+00:00,100656.37,69845.06,
2026-07-27T11:53:28+00:00,100654.61,69845.06,
2026-07-27T11:54:28+00:00,100653.31,69845.06,
2026-07-27T11:55:28+00:00,100648.82,69845.06,
2026-07-27T11:56:28+00:00,100648.82,69845.06,
2026-07-27T11:57:28+00:00,100643.75,69845.06,
2026-07-27T11:58:29+00:00,100671.67,69845.06,
2026-07-27T11:59:29+00:00,100671.67,69845.06,
2026-07-27T12:00:29+00:00,100663.72,69845.06,
2026-07-27T12:01:29+00:00,100664.26,69845.06,
2026-07-27T12:02:30+00:00,100668.67,69845.06,
2026-07-27T12:03:30+00:00,100669.89,69845.06,
2026-07-27T12:04:30+00:00,100670.44,69845.06,
2026-07-27T12:05:30+00:00,100670.33,69845.06,
2026-07-27T12:06:30+00:00,100670.33,69845.06,
2026-07-27T12:07:31+00:00,100663.93,69845.06,
2026-07-27T12:08:31+00:00,100659.11,69845.06,
2026-07-27T12:09:31+00:00,100652.87,69845.06,
2026-07-27T12:10:31+00:00,100659.39,69845.06,
2026-07-27T12:11:32+00:00,100662.19,69845.06,
2026-07-27T12:12:32+00:00,100646.19,69845.06,
2026-07-27T12:13:32+00:00,100649.55,69845.06,
2026-07-27T12:14:32+00:00,100641.02,69845.06,
2026-07-27T12:15:32+00:00,100641.89,69845.06,
2026-07-27T12:16:33+00:00,100641.47,69845.06,
2026-07-27T12:17:33+00:00,100642.11,69845.06,
2026-07-27T12:18:33+00:00,100643.77,69845.06,
2026-07-27T12:19:33+00:00,100638.41,69845.06,
2026-07-27T12:20:33+00:00,100643.4,69845.06,
2026-07-27T12:21:34+00:00,100638.41,69845.06,
2026-07-27T12:22:34+00:00,100638.41,69845.06,
2026-07-27T12:23:34+00:00,100638.81,69845.06,
2026-07-27T12:24:34+00:00,100635.19,69845.06,
2026-07-27T12:25:35+00:00,100643.87,69845.06,
2026-07-27T12:26:35+00:00,100646.99,69845.06,
2026-07-27T12:27:35+00:00,100650.07,69845.06,
2026-07-27T12:28:35+00:00,100653.03,69845.06,
2026-07-27T12:29:35+00:00,100654.12,69845.06,
2026-07-27T12:30:36+00:00,100647.11,69845.06,
2026-07-27T12:31:36+00:00,100647.43,69845.06,
2026-07-27T12:32:36+00:00,100637.05,69845.06,
2026-07-27T12:33:36+00:00,100637.35,69845.06,
2026-07-27T12:34:37+00:00,100635.25,69845.06,
2026-07-27T12:35:37+00:00,100644.67,69845.06,
2026-07-27T12:36:37+00:00,100644.67,69845.06,
2026-07-27T12:37:37+00:00,100646.65,69845.06,
2026-07-27T12:38:37+00:00,100638.94,69845.06,
2026-07-27T12:39:38+00:00,100643.57,69845.06,
2026-07-27T12:40:38+00:00,100648.65,69845.06,
2026-07-27T12:41:38+00:00,100648.17,69845.06,
2026-07-27T12:42:38+00:00,100648.01,69845.06,
2026-07-27T12:43:39+00:00,100646.28,69845.06,
2026-07-27T12:44:39+00:00,100646.48,69845.06,
2026-07-27T12:45:39+00:00,100647.87,69845.06,
2026-07-27T12:46:39+00:00,100659.03,69845.06,
2026-07-27T12:47:39+00:00,100663.03,69845.06,
2026-07-27T12:48:40+00:00,100682.11,69845.06,
2026-07-27T12:49:40+00:00,100681.24,69845.06,
2026-07-27T12:50:40+00:00,100678.25,69845.06,
2026-07-27T12:51:40+00:00,100677.45,69845.06,
2026-07-27T12:52:41+00:00,100670.92,69845.06,
2026-07-27T12:53:41+00:00,100670.92,69845.06,
2026-07-27T12:54:41+00:00,100678.04,69845.06,
2026-07-27T12:55:41+00:00,100682.25,69845.06,
2026-07-27T12:56:41+00:00,100682.25,69845.06,
2026-07-27T12:57:42+00:00,100677.76,69845.06,
2026-07-27T12:58:42+00:00,100677.65,69845.06,
2026-07-27T12:59:42+00:00,100690.03,69845.06,
2026-07-27T13:00:42+00:00,100695.98,69845.06,
2026-07-27T13:01:43+00:00,100680.11,69845.06,
2026-07-27T13:02:43+00:00,100693.21,69845.06,
2026-07-27T13:03:43+00:00,100697.06,69845.06,
2026-07-27T13:04:43+00:00,100686.28,69845.06,
2026-07-27T13:05:43+00:00,100682.41,69845.06,
2026-07-27T13:06:44+00:00,100668.81,69845.06,
2026-07-27T13:07:44+00:00,100666.81,69845.06,
2026-07-27T13:08:44+00:00,100662.58,69845.06,
2026-07-27T13:09:44+00:00,100664.01,69845.06,
2026-07-27T13:10:44+00:00,100685.7,69845.06,
2026-07-27T13:11:45+00:00,100684.89,69845.06,
2026-07-27T13:12:45+00:00,100688.51,69845.06,
2026-07-27T13:13:45+00:00,100685.79,69845.06,
2026-07-27T13:14:45+00:00,100684.29,69845.06,
2026-07-27T13:15:46+00:00,100718.83,69845.06,
2026-07-27T13:16:46+00:00,100729.27,69845.06,
2026-07-27T13:17:46+00:00,100735.83,69845.06,
2026-07-27T13:18:46+00:00,100736.63,69845.06,
2026-07-27T13:19:46+00:00,100730.19,69845.06,
2026-07-27T13:20:47+00:00,100712.7,69845.06,
2026-07-27T13:21:47+00:00,100705.54,69845.06,
2026-07-27T13:22:47+00:00,100718.24,69845.06,
2026-07-27T13:23:47+00:00,100721.26,69845.06,
2026-07-27T13:24:48+00:00,100715.32,69845.06,
2026-07-27T13:25:48+00:00,100721.92,69845.06,
2026-07-27T13:26:48+00:00,100725.59,69845.06,
2026-07-27T13:27:48+00:00,100725.99,69845.06,
2026-07-27T13:28:48+00:00,100696.65,69845.06,
2026-07-27T13:29:49+00:00,100672.34,69845.06,
2026-07-27T13:30:49+00:00,100597.75,71137.61,
2026-07-27T13:31:49+00:00,100666.87,77102.61,
2026-07-27T13:32:49+00:00,100687.88,85637.58,
2026-07-27T13:33:50+00:00,100659.38,89765.58,
2026-07-27T13:34:50+00:00,100659.97,99316.03,
2026-07-27T13:35:50+00:00,100660.76,100297.1,
2026-07-27T13:36:50+00:00,100660.56,100660.56,
2026-07-27T13:39:12+00:00,100660.56,100660.56,
2026-07-27T13:40:13+00:00,100660.56,100660.56,
2026-07-27T13:41:13+00:00,100660.56,100660.56,
2026-07-27T13:42:13+00:00,100660.56,100660.56,
2026-07-27T13:43:13+00:00,100660.56,100660.56,
2026-07-27T13:44:13+00:00,100660.56,100660.56,
2026-07-27T13:45:14+00:00,100660.56,100660.56,
2026-07-27T13:46:14+00:00,100660.56,100660.56,
2026-07-27T13:47:14+00:00,100660.56,100660.56,
2026-07-27T13:48:14+00:00,100660.56,100660.56,
2026-07-27T13:49:15+00:00,100660.56,100660.56,
2026-07-27T13:50:15+00:00,100660.56,100660.56,
2026-07-27T13:51:15+00:00,100660.56,100660.56,
2026-07-27T13:52:15+00:00,100660.56,100660.56,
2026-07-27T13:53:15+00:00,100660.56,100660.56,
2026-07-27T13:54:16+00:00,100660.56,100660.56,
2026-07-27T13:55:16+00:00,100660.56,100660.56,
2026-07-27T13:56:16+00:00,100660.56,100660.56,
2026-07-27T13:57:16+00:00,100660.56,100660.56,
2026-07-27T13:58:17+00:00,100660.56,100660.56,
2026-07-27T13:59:17+00:00,100660.56,100660.56,
2026-07-27T14:00:17+00:00,100660.56,100660.56,
2026-07-27T14:01:17+00:00,100660.56,100660.56,
2026-07-27T14:02:17+00:00,100660.56,100660.56,
2026-07-27T14:03:18+00:00,100660.56,100660.56,
2026-07-27T14:04:18+00:00,100660.56,100660.56,
2026-07-27T14:05:18+00:00,100660.56,100660.56,
2026-07-27T14:06:18+00:00,100660.56,100660.56,
2026-07-27T14:07:19+00:00,100660.56,100660.56,
2026-07-27T14:08:19+00:00,100660.56,100660.56,
2026-07-27T14:09:19+00:00,100660.56,100660.56,
2026-07-27T14:10:19+00:00,100660.56,100660.56,
2026-07-27T14:11:19+00:00,100660.56,100660.56,
2026-07-27T14:12:20+00:00,100660.56,100660.56,
2026-07-27T14:13:20+00:00,100660.56,100660.56,
2026-07-27T14:14:20+00:00,100660.56,100660.56,
2026-07-27T14:15:20+00:00,100660.56,100660.56,
2026-07-27T14:16:20+00:00,100660.56,100660.56,
2026-07-27T14:17:21+00:00,100660.56,100660.56,
2026-07-27T14:18:21+00:00,100660.56,100660.56,
2026-07-27T14:19:21+00:00,100660.56,100660.56,
2026-07-27T14:20:21+00:00,100660.56,100660.56,
2026-07-27T14:21:22+00:00,100660.56,100660.56,
2026-07-27T14:22:22+00:00,100660.56,100660.56,
2026-07-27T14:23:22+00:00,100660.56,100660.56,
2026-07-27T14:24:22+00:00,100660.56,100660.56,
2026-07-27T14:25:22+00:00,100660.56,100660.56,
2026-07-27T14:26:23+00:00,100660.56,100660.56,
2026-07-27T14:27:23+00:00,100660.56,100660.56,
2026-07-27T14:28:23+00:00,100660.56,100660.56,
2026-07-27T14:29:23+00:00,100660.56,100660.56,
2026-07-27T14:30:24+00:00,100660.56,100660.56,
2026-07-27T14:31:24+00:00,100660.56,100660.56,
2026-07-27T14:32:24+00:00,100660.56,100660.56,
2026-07-27T14:33:24+00:00,100660.56,100660.56,
2026-07-27T14:34:24+00:00,100660.56,100660.56,
2026-07-27T14:35:25+00:00,100660.56,100660.56,
2026-07-27T14:36:25+00:00,100660.56,100660.56,
2026-07-27T14:37:25+00:00,100660.56,100660.56,
2026-07-27T14:38:25+00:00,100660.56,100660.56,
2026-07-27T14:39:25+00:00,100660.56,100660.56,
2026-07-27T14:40:26+00:00,100660.56,100660.56,
2026-07-27T14:41:26+00:00,100660.56,100660.56,
2026-07-27T14:42:26+00:00,100660.56,100660.56,
2026-07-27T14:43:26+00:00,100660.56,100660.56,
2026-07-27T14:44:27+00:00,100660.56,100660.56,
2026-07-27T14:45:27+00:00,100660.56,100660.56,
2026-07-27T14:46:27+00:00,100660.56,100660.56,
2026-07-27T14:47:27+00:00,100660.56,100660.56,
2026-07-27T14:48:27+00:00,100660.56,100660.56,
2026-07-27T14:49:28+00:00,100660.56,100660.56,
2026-07-27T14:50:28+00:00,100660.56,100660.56,
2026-07-27T14:51:28+00:00,100660.56,100660.56,
2026-07-27T14:52:28+00:00,100660.56,100660.56,
2026-07-27T14:53:29+00:00,100660.56,100660.56,
2026-07-27T14:54:29+00:00,100660.56,100660.56,
2026-07-27T14:55:29+00:00,100660.56,100660.56,
2026-07-27T14:56:29+00:00,100660.56,100660.56,
2026-07-27T14:57:29+00:00,100660.56,100660.56,
2026-07-27T14:58:30+00:00,100660.56,100660.56,
2026-07-27T14:59:30+00:00,100660.56,100660.56,
2026-07-27T15:00:30+00:00,100660.56,100660.56,
2026-07-27T15:01:30+00:00,100660.56,100660.56,
2026-07-27T15:02:30+00:00,100660.56,100660.56,
2026-07-27T15:03:31+00:00,100660.56,100660.56,
2026-07-27T15:04:31+00:00,100660.56,100660.56,
2026-07-27T15:05:31+00:00,100660.56,100660.56,
2026-07-27T15:06:31+00:00,100660.56,100660.56,
2026-07-27T15:07:32+00:00,100660.56,100660.56,
2026-07-27T15:08:32+00:00,100660.56,100660.56,
2026-07-27T15:09:32+00:00,100660.56,100660.56,
2026-07-27T15:10:32+00:00,100660.56,100660.56,
2026-07-27T15:11:32+00:00,100660.56,100660.56,
2026-07-27T15:12:33+00:00,100660.56,100660.56,
2026-07-27T15:13:33+00:00,100660.56,100660.56,
2026-07-27T15:14:33+00:00,100660.56,100660.56,
2026-07-27T15:15:33+00:00,100660.56,100660.56,
2026-07-27T15:16:34+00:00,100660.56,100660.56,
2026-07-27T15:17:34+00:00,100660.56,100660.56,
2026-07-27T15:18:34+00:00,100660.56,100660.56,
2026-07-27T15:19:34+00:00,100660.56,100660.56,
2026-07-27T15:20:34+00:00,100660.56,100660.56,
2026-07-27T15:21:35+00:00,100660.56,100660.56,
2026-07-27T15:22:35+00:00,100660.56,100660.56,
2026-07-27T15:23:35+00:00,100660.56,100660.56,
2026-07-27T15:24:35+00:00,100660.56,100660.56,
2026-07-27T15:25:36+00:00,100660.56,100660.56,
2026-07-27T15:26:36+00:00,100660.56,100660.56,
2026-07-27T15:27:36+00:00,100660.56,100660.56,
2026-07-27T15:28:37+00:00,100660.56,100660.56,
2026-07-27T15:29:37+00:00,100660.56,100660.56,
2026-07-27T15:30:37+00:00,100660.56,100660.56,
2026-07-27T15:31:37+00:00,100660.56,100660.56,
2026-07-27T15:32:38+00:00,100660.56,100660.56,
2026-07-27T15:33:38+00:00,100660.56,100660.56,
2026-07-27T15:34:38+00:00,100660.56,100660.56,
2026-07-27T15:35:38+00:00,100660.56,100660.56,
2026-07-27T15:36:38+00:00,100660.56,100660.56,
2026-07-27T15:37:39+00:00,100660.56,100660.56,
2026-07-27T15:38:39+00:00,100660.56,100660.56,
2026-07-27T15:39:39+00:00,100660.56,100660.56,
2026-07-27T15:40:39+00:00,100660.56,100660.56,
2026-07-27T15:41:40+00:00,100660.56,100660.56,
2026-07-27T15:42:40+00:00,100660.56,100660.56,
2026-07-27T15:43:40+00:00,100660.56,100660.56,
2026-07-27T15:44:40+00:00,100660.56,100660.56,
2026-07-27T15:45:40+00:00,100660.56,100660.56,
2026-07-27T15:46:41+00:00,100660.56,100660.56,
2026-07-27T15:47:41+00:00,100660.56,100660.56,
2026-07-27T15:48:41+00:00,100660.56,100660.56,
2026-07-27T15:49:41+00:00,100660.56,100660.56,
2026-07-27T15:50:41+00:00,100660.56,100660.56,
2026-07-27T15:51:42+00:00,100660.56,100660.56,
2026-07-27T15:52:42+00:00,100660.56,100660.56,
2026-07-27T15:53:42+00:00,100660.56,100660.56,
2026-07-27T15:54:42+00:00,100660.56,100660.56,
2026-07-27T15:55:43+00:00,100660.56,100660.56,
2026-07-27T15:56:43+00:00,100660.56,100660.56,
2026-07-27T15:57:43+00:00,100660.56,100660.56,
2026-07-27T15:58:43+00:00,100660.56,100660.56,
2026-07-27T15:59:43+00:00,100660.56,100660.56,
2026-07-27T16:00:44+00:00,100660.56,100660.56,
2026-07-27T16:01:44+00:00,100660.56,100660.56,
2026-07-27T16:02:44+00:00,100660.56,100660.56,
2026-07-27T16:03:44+00:00,100660.56,100660.56,
2026-07-27T16:04:45+00:00,100660.56,100660.56,
2026-07-27T16:05:45+00:00,100660.56,100660.56,
2026-07-27T16:06:45+00:00,100660.56,100660.56,
2026-07-27T16:07:45+00:00,100660.56,100660.56,
2026-07-27T16:08:45+00:00,100660.56,100660.56,
2026-07-27T16:09:46+00:00,100660.56,100660.56,
2026-07-27T16:10:46+00:00,100660.56,100660.56,
2026-07-27T16:11:46+00:00,100660.56,100660.56,
2026-07-27T16:12:46+00:00,100660.56,100660.56,
2026-07-27T16:13:46+00:00,100660.56,100660.56,
2026-07-27T16:14:47+00:00,100660.56,100660.56,
2026-07-27T16:15:47+00:00,100660.56,100660.56,
2026-07-27T16:16:47+00:00,100660.56,100660.56,
2026-07-27T16:17:47+00:00,100660.56,100660.56,
2026-07-27T16:18:48+00:00,100660.56,100660.56,
2026-07-27T16:19:48+00:00,100660.56,100660.56,
2026-07-27T16:20:48+00:00,100660.56,100660.56,
2026-07-27T16:21:48+00:00,100660.56,100660.56,
2026-07-27T16:22:48+00:00,100660.56,100660.56,
2026-07-27T16:23:49+00:00,100660.56,100660.56,
2026-07-27T16:24:49+00:00,100660.56,100660.56,
2026-07-27T16:25:49+00:00,100660.56,100660.56,
2026-07-27T16:26:49+00:00,100660.56,100660.56,
2026-07-27T16:27:50+00:00,100660.56,100660.56,
2026-07-27T16:28:50+00:00,100660.56,100660.56,
2026-07-27T16:29:50+00:00,100660.56,100660.56,
2026-07-27T16:30:50+00:00,100660.56,100660.56,
2026-07-27T16:31:50+00:00,100660.56,100660.56,
2026-07-27T16:32:51+00:00,100660.56,100660.56,
2026-07-27T16:33:51+00:00,100660.56,100660.56,
2026-07-27T16:34:51+00:00,100660.56,100660.56,
2026-07-27T16:35:51+00:00,100660.56,100660.56,
2026-07-27T16:36:51+00:00,100660.56,100660.56,
2026-07-27T16:37:52+00:00,100660.56,100660.56,
2026-07-27T16:38:52+00:00,100660.56,100660.56,
2026-07-27T16:39:52+00:00,100660.56,100660.56,
2026-07-27T16:40:52+00:00,100660.56,100660.56,
2026-07-27T16:41:53+00:00,100660.56,100660.56,
2026-07-27T16:42:53+00:00,100660.56,100660.56,
2026-07-27T16:43:53+00:00,100660.56,100660.56,
2026-07-27T16:44:53+00:00,100660.56,100660.56,
2026-07-27T16:45:53+00:00,100660.56,100660.56,
2026-07-27T16:46:54+00:00,100660.56,100660.56,
2026-07-27T16:47:54+00:00,100660.56,100660.56,
2026-07-27T16:48:54+00:00,100660.56,100660.56,
2026-07-27T16:49:54+00:00,100660.56,100660.56,
2026-07-27T16:50:55+00:00,100660.56,100660.56,
2026-07-27T16:51:55+00:00,100660.56,100660.56,
2026-07-27T16:52:55+00:00,100660.56,100660.56,
2026-07-27T16:53:55+00:00,100660.56,100660.56,
2026-07-27T16:54:55+00:00,100660.56,100660.56,
2026-07-27T16:55:56+00:00,100660.56,100660.56,
2026-07-27T16:56:56+00:00,100660.56,100660.56,
2026-07-27T16:57:56+00:00,100660.56,100660.56,
2026-07-27T16:58:56+00:00,100660.56,100660.56,
2026-07-27T16:59:57+00:00,100660.56,100660.56,
2026-07-27T17:00:57+00:00,100660.56,100660.56,
2026-07-27T17:01:57+00:00,100660.56,100660.56,
2026-07-27T17:02:57+00:00,100660.56,100660.56,
2026-07-27T17:03:58+00:00,100660.56,100660.56,
2026-07-27T17:04:58+00:00,100660.56,100660.56,
2026-07-27T17:05:58+00:00,100660.56,100660.56,
2026-07-27T17:06:59+00:00,100660.56,100660.56,
2026-07-27T17:07:59+00:00,100660.56,100660.56,
2026-07-27T17:08:59+00:00,100660.56,100660.56,
2026-07-27T17:09:59+00:00,100660.56,100660.56,
2026-07-27T17:11:00+00:00,100660.56,100660.56,
2026-07-27T17:12:00+00:00,100660.56,100660.56,
2026-07-27T17:13:00+00:00,100660.56,100660.56,
2026-07-27T17:14:00+00:00,100660.56,100660.56,
2026-07-27T17:15:00+00:00,100660.56,100660.56,
2026-07-27T17:16:01+00:00,100660.56,100660.56,
2026-07-27T17:17:01+00:00,100660.56,100660.56,
2026-07-27T17:18:01+00:00,100660.56,100660.56,
2026-07-27T17:19:01+00:00,100660.56,100660.56,
2026-07-27T17:20:02+00:00,100660.56,100660.56,
2026-07-27T17:21:02+00:00,100660.56,100660.56,
2026-07-27T17:22:02+00:00,100660.56,100660.56,
2026-07-27T17:23:02+00:00,100660.56,100660.56,
2026-07-27T17:24:02+00:00,100660.56,100660.56,
2026-07-27T17:25:03+00:00,100660.56,100660.56,
2026-07-27T17:26:03+00:00,100660.56,100660.56,
2026-07-27T17:27:03+00:00,100660.56,100660.56,
2026-07-27T17:28:03+00:00,100660.56,100660.56,
2026-07-27T17:29:04+00:00,100660.56,100660.56,
2026-07-27T17:30:04+00:00,100660.56,100660.56,
2026-07-27T17:31:04+00:00,100660.56,100660.56,
2026-07-27T17:32:04+00:00,100660.56,100660.56,
2026-07-27T17:33:04+00:00,100660.56,100660.56,
2026-07-27T17:34:05+00:00,100660.56,100660.56,
2026-07-27T17:35:05+00:00,100660.56,100660.56,
2026-07-27T17:36:05+00:00,100660.56,100660.56,
2026-07-27T17:37:05+00:00,100660.56,100660.56,
2026-07-27T17:38:06+00:00,100660.56,100660.56,
2026-07-27T17:39:06+00:00,100660.56,100660.56,
2026-07-27T17:40:06+00:00,100660.56,100660.56,
2026-07-27T17:41:06+00:00,100660.56,100660.56,
2026-07-27T17:42:06+00:00,100660.56,100660.56,
2026-07-27T17:43:07+00:00,100660.56,100660.56,
2026-07-27T17:44:07+00:00,100660.56,100660.56,
2026-07-27T17:45:07+00:00,100660.56,100660.56,
2026-07-27T17:46:07+00:00,100660.56,100660.56,
2026-07-27T17:47:08+00:00,100660.56,100660.56,
2026-07-27T17:48:08+00:00,100660.56,100660.56,
2026-07-27T17:49:08+00:00,100660.56,100660.56,
2026-07-27T17:50:08+00:00,100660.56,100660.56,
2026-07-27T17:51:08+00:00,100660.56,100660.56,
2026-07-27T17:52:09+00:00,100660.56,100660.56,
2026-07-27T17:53:09+00:00,100660.56,100660.56,
2026-07-27T17:54:09+00:00,100660.56,100660.56,
2026-07-27T17:55:09+00:00,100660.56,100660.56,
2026-07-27T17:56:10+00:00,100660.56,100660.56,
2026-07-27T17:57:10+00:00,100660.56,100660.56,
2026-07-27T17:58:10+00:00,100660.56,100660.56,
2026-07-27T17:59:10+00:00,100660.56,100660.56,
2026-07-27T18:00:10+00:00,100660.56,100660.56,
2026-07-27T18:01:11+00:00,100660.56,100660.56,
2026-07-27T18:02:11+00:00,100660.56,100660.56,
2026-07-27T18:03:11+00:00,100660.56,100660.56,
2026-07-27T18:04:11+00:00,100660.56,100660.56,
2026-07-27T18:05:11+00:00,100660.56,100660.56,
2026-07-27T18:06:12+00:00,100660.56,100660.56,
2026-07-27T18:07:12+00:00,100660.56,100660.56,
2026-07-27T18:08:12+00:00,100660.56,100660.56,
2026-07-27T18:09:12+00:00,100660.56,100660.56,
2026-07-27T18:10:13+00:00,100660.56,100660.56,
2026-07-27T18:11:13+00:00,100660.56,100660.56,
2026-07-27T18:12:13+00:00,100660.56,100660.56,
2026-07-27T18:13:13+00:00,100660.56,100660.56,
2026-07-27T18:14:13+00:00,100660.56,100660.56,
2026-07-27T18:15:14+00:00,100660.56,100660.56,
2026-07-27T18:16:14+00:00,100660.56,100660.56,
2026-07-27T18:17:14+00:00,100660.56,100660.56,
2026-07-27T18:18:14+00:00,100660.56,100660.56,
2026-07-27T18:19:15+00:00,100660.56,100660.56,
2026-07-27T18:20:15+00:00,100660.56,100660.56,
2026-07-27T18:21:15+00:00,100660.56,100660.56,
2026-07-27T18:22:15+00:00,100660.56,100660.56,
2026-07-27T18:23:15+00:00,100660.56,100660.56,
2026-07-27T18:24:16+00:00,100660.56,100660.56,
2026-07-27T18:25:16+00:00,100660.56,100660.56,
2026-07-27T18:26:16+00:00,100660.56,100660.56,
2026-07-27T18:27:16+00:00,100660.56,100660.56,
2026-07-27T18:28:17+00:00,100660.56,100660.56,
2026-07-27T18:29:17+00:00,100660.56,100660.56,
2026-07-27T18:30:17+00:00,100660.56,100660.56,
2026-07-27T18:31:17+00:00,100660.56,100660.56,
2026-07-27T18:32:17+00:00,100660.56,100660.56,
2026-07-27T18:33:18+00:00,100660.56,100660.56,
2026-07-27T18:34:18+00:00,100660.56,100660.56,
2026-07-27T18:35:18+00:00,100660.56,100660.56,
2026-07-27T18:36:18+00:00,100660.56,100660.56,
2026-07-27T18:37:18+00:00,100660.56,100660.56,
2026-07-27T18:38:19+00:00,100660.56,100660.56,
2026-07-27T18:39:19+00:00,100660.56,100660.56,
2026-07-27T18:40:19+00:00,100660.56,100660.56,
2026-07-27T18:41:19+00:00,100660.56,100660.56,
2026-07-27T18:42:20+00:00,100660.56,100660.56,
2026-07-27T18:43:20+00:00,100660.56,100660.56,
2026-07-27T18:44:20+00:00,100660.56,100660.56,
2026-07-27T18:45:20+00:00,100660.56,100660.56,
2026-07-27T18:46:20+00:00,100660.56,100660.56,
2026-07-27T18:47:21+00:00,100660.56,100660.56,
2026-07-27T18:48:21+00:00,100660.56,100660.56,
2026-07-27T18:49:21+00:00,100660.56,100660.56,
2026-07-27T18:50:21+00:00,100660.56,100660.56,
2026-07-27T18:51:22+00:00,100660.56,100660.56,
2026-07-27T18:52:22+00:00,100660.56,100660.56,
2026-07-27T18:53:22+00:00,100660.56,100660.56,
2026-07-27T18:54:22+00:00,100660.56,100660.56,
2026-07-27T18:55:22+00:00,100660.56,100660.56,
2026-07-27T18:56:23+00:00,100660.56,100660.56,
2026-07-27T18:57:23+00:00,100660.56,100660.56,
2026-07-27T18:58:23+00:00,100660.56,100660.56,
2026-07-27T18:59:23+00:00,100660.56,100660.56,
2026-07-27T19:00:24+00:00,100660.56,100660.56,
2026-07-27T19:01:24+00:00,100660.56,100660.56,
2026-07-27T19:02:24+00:00,100660.56,100660.56,
2026-07-27T19:03:24+00:00,100660.56,100660.56,
2026-07-27T19:04:24+00:00,100660.56,100660.56,
2026-07-27T19:05:25+00:00,100660.56,100660.56,
2026-07-27T19:06:25+00:00,100660.56,100660.56,
2026-07-27T19:07:25+00:00,100660.56,100660.56,
2026-07-27T19:08:25+00:00,100660.56,100660.56,
2026-07-27T19:09:25+00:00,100660.56,100660.56,
2026-07-27T19:10:26+00:00,100660.56,100660.56,
2026-07-27T19:11:26+00:00,100660.56,100660.56,
2026-07-27T19:12:26+00:00,100660.56,100660.56,
2026-07-27T19:13:26+00:00,100660.56,100660.56,
2026-07-27T19:14:27+00:00,100660.56,100660.56,
2026-07-27T19:15:27+00:00,100660.56,100660.56,
2026-07-27T19:16:27+00:00,100660.56,100660.56,
2026-07-27T19:17:27+00:00,100660.56,100660.56,
2026-07-27T19:18:27+00:00,100660.56,100660.56,
2026-07-27T19:19:28+00:00,100660.56,100660.56,
2026-07-27T19:20:28+00:00,100660.56,100660.56,
2026-07-27T19:21:28+00:00,100660.56,100660.56,
2026-07-27T19:22:28+00:00,100660.56,100660.56,
2026-07-27T19:23:29+00:00,100660.56,100660.56,
2026-07-27T19:24:29+00:00,100660.56,100660.56,
2026-07-27T19:25:29+00:00,100660.56,100660.56,
2026-07-27T19:26:29+00:00,100660.56,100660.56,
2026-07-27T19:27:29+00:00,100660.56,100660.56,
2026-07-27T19:28:30+00:00,100660.56,100660.56,
2026-07-27T19:29:30+00:00,100660.56,100660.56,
2026-07-27T19:30:30+00:00,100660.56,100660.56,
2026-07-27T19:31:30+00:00,100660.56,100660.56,
2026-07-27T19:32:30+00:00,100660.56,100660.56,
2026-07-27T19:33:31+00:00,100660.56,100660.56,
2026-07-27T19:34:31+00:00,100660.56,100660.56,
2026-07-27T19:35:31+00:00,100660.56,100660.56,
2026-07-27T19:36:31+00:00,100660.56,100660.56,
2026-07-27T19:37:32+00:00,100660.56,100660.56,
2026-07-27T19:38:32+00:00,100660.56,100660.56,
2026-07-27T19:39:32+00:00,100660.56,100660.56,
2026-07-27T19:40:32+00:00,100660.56,100660.56,
2026-07-27T19:41:32+00:00,100660.56,100660.56,
2026-07-27T19:42:33+00:00,100660.56,100660.56,
2026-07-27T19:43:33+00:00,100660.56,100660.56,
2026-07-27T19:44:33+00:00,100660.56,100660.56,
2026-07-27T19:45:33+00:00,100660.56,100660.56,
2026-07-27T19:46:34+00:00,100660.56,100660.56,
2026-07-27T19:47:34+00:00,100660.56,100660.56,
2026-07-27T19:48:34+00:00,100660.56,100660.56,
2026-07-27T19:49:35+00:00,100660.56,100660.56,
2026-07-27T19:50:35+00:00,100660.56,100660.56,
2026-07-27T19:51:35+00:00,100660.56,100660.56,
2026-07-27T19:52:35+00:00,100660.56,100660.56,
2026-07-27T19:53:36+00:00,100660.56,100660.56,
2026-07-27T19:54:36+00:00,100660.56,100660.56,
2026-07-27T19:55:36+00:00,100660.56,100660.56,
2026-07-27T19:56:36+00:00,100660.56,100660.56,
2026-07-27T19:57:37+00:00,100660.56,100660.56,
2026-07-27T19:58:37+00:00,100660.56,100660.56,
2026-07-27T19:59:37+00:00,100660.56,100660.56,
2026-07-27T20:00:37+00:00,100660.56,100660.56,
2026-07-27T20:01:37+00:00,100660.56,100660.56,
2026-07-27T20:02:38+00:00,100660.56,100660.56,
2026-07-27T20:03:38+00:00,100660.56,100660.56,
2026-07-27T20:04:38+00:00,100660.56,100660.56,
2026-07-27T20:05:38+00:00,100660.56,100660.56,
2026-07-27T20:06:38+00:00,100660.56,100660.56,
2026-07-27T20:07:39+00:00,100660.56,100660.56,
2026-07-27T20:08:39+00:00,100660.56,100660.56,
2026-07-27T20:09:39+00:00,100660.56,100660.56,
2026-07-27T20:10:39+00:00,100660.56,100660.56,
2026-07-27T20:11:40+00:00,100660.56,100660.56,
2026-07-27T20:12:40+00:00,100660.56,100660.56,
2026-07-27T20:13:40+00:00,100660.56,100660.56,
2026-07-27T20:14:40+00:00,100660.56,100660.56,
2026-07-27T20:15:40+00:00,100660.56,100660.56,
2026-07-27T20:16:41+00:00,100660.56,100660.56,
2026-07-27T20:17:41+00:00,100660.56,100660.56,
2026-07-27T20:18:41+00:00,100660.56,100660.56,
2026-07-27T20:19:41+00:00,100660.56,100660.56,
2026-07-27T20:20:41+00:00,100660.56,100660.56,
2026-07-27T20:21:42+00:00,100660.56,100660.56,
2026-07-27T20:22:42+00:00,100660.56,100660.56,
2026-07-27T20:23:42+00:00,100660.56,100660.56,
2026-07-27T20:24:42+00:00,100660.56,100660.56,
2026-07-27T20:25:43+00:00,100660.56,100660.56,
2026-07-27T20:26:43+00:00,100660.56,100660.56,
2026-07-27T20:27:43+00:00,100660.56,100660.56,
2026-07-27T20:28:43+00:00,100660.56,100660.56,
2026-07-27T20:29:43+00:00,100660.56,100660.56,
2026-07-27T20:30:44+00:00,100660.56,100660.56,
2026-07-27T20:31:44+00:00,100660.56,100660.56,
2026-07-27T20:32:44+00:00,100660.56,100660.56,
2026-07-27T20:33:44+00:00,100660.56,100660.56,
2026-07-27T20:34:45+00:00,100660.56,100660.56,
2026-07-27T20:35:45+00:00,100660.56,100660.56,
2026-07-27T20:36:45+00:00,100660.56,100660.56,
2026-07-27T20:37:45+00:00,100660.56,100660.56,
2026-07-27T20:38:45+00:00,100660.56,100660.56,
2026-07-27T20:39:46+00:00,100660.56,100660.56,
2026-07-27T20:40:46+00:00,100660.56,100660.56,
2026-07-27T20:41:46+00:00,100660.56,100660.56,
2026-07-27T20:42:46+00:00,100660.56,100660.56,
2026-07-27T20:43:47+00:00,100660.56,100660.56,
2026-07-27T20:44:47+00:00,100660.56,100660.56,
2026-07-27T20:45:47+00:00,100660.56,100660.56,
2026-07-27T20:46:47+00:00,100660.56,100660.56,
2026-07-27T20:47:47+00:00,100660.56,100660.56,
2026-07-27T20:48:48+00:00,100660.56,100660.56,
2026-07-27T20:49:48+00:00,100660.56,100660.56,
2026-07-27T20:50:48+00:00,100660.56,100660.56,
2026-07-27T20:51:48+00:00,100660.56,100660.56,
2026-07-27T20:52:48+00:00,100660.56,100660.56,
2026-07-27T20:53:49+00:00,100660.56,100660.56,
2026-07-27T20:54:49+00:00,100660.56,100660.56,
2026-07-27T20:55:49+00:00,100660.56,100660.56,
2026-07-27T20:56:49+00:00,100660.56,100660.56,
2026-07-27T20:57:50+00:00,100660.56,100660.56,
2026-07-27T20:58:50+00:00,100660.56,100660.56,
2026-07-27T20:59:50+00:00,100660.56,100660.56,
2026-07-27T21:00:50+00:00,100660.56,100660.56,
2026-07-27T21:01:50+00:00,100660.56,100660.56,
2026-07-27T21:02:51+00:00,100660.56,100660.56,
2026-07-27T21:03:51+00:00,100660.56,100660.56,
2026-07-27T21:04:51+00:00,100660.56,100660.56,
2026-07-27T21:05:51+00:00,100660.56,100660.56,
2026-07-27T21:06:51+00:00,100660.56,100660.56,
2026-07-27T21:07:52+00:00,100660.56,100660.56,
2026-07-27T21:08:52+00:00,100660.56,100660.56,
2026-07-27T21:09:52+00:00,100660.56,100660.56,
2026-07-27T21:10:52+00:00,100660.56,100660.56,
2026-07-27T21:11:53+00:00,100660.56,100660.56,
2026-07-27T21:12:53+00:00,100660.56,100660.56,
2026-07-27T21:13:53+00:00,100660.56,100660.56,
2026-07-27T21:14:53+00:00,100660.56,100660.56,
2026-07-27T21:15:53+00:00,100660.56,100660.56,
2026-07-27T21:16:54+00:00,100660.56,100660.56,
2026-07-27T21:17:54+00:00,100660.56,100660.56,
2026-07-27T21:18:54+00:00,100660.56,100660.56,
2026-07-27T21:19:54+00:00,100660.56,100660.56,
2026-07-27T21:20:54+00:00,100660.56,100660.56,
2026-07-27T21:21:55+00:00,100660.56,100660.56,
2026-07-27T21:22:55+00:00,100660.56,100660.56,
2026-07-27T21:23:55+00:00,100660.56,100660.56,
2026-07-27T21:24:55+00:00,100660.56,100660.56,
2026-07-27T21:25:56+00:00,100660.56,100660.56,
2026-07-27T21:26:56+00:00,100660.56,100660.56,
2026-07-27T21:27:56+00:00,100660.56,100660.56,
2026-07-27T21:28:56+00:00,100660.56,100660.56,
2026-07-27T21:29:56+00:00,100660.56,100660.56,
2026-07-27T21:30:57+00:00,100660.56,100660.56,
2026-07-27T21:31:57+00:00,100660.56,100660.56,
2026-07-27T21:32:57+00:00,100660.56,100660.56,
2026-07-27T21:33:57+00:00,100660.56,100660.56,
2026-07-27T21:34:57+00:00,100660.56,100660.56,
2026-07-27T21:35:58+00:00,100660.56,100660.56,
2026-07-27T21:36:58+00:00,100660.56,100660.56,
2026-07-27T21:38:08+00:00,100660.56,100660.56,
2026-07-27T21:39:08+00:00,100660.56,100660.56,
2026-07-27T21:40:08+00:00,100660.56,100660.56,
2026-07-27T21:41:08+00:00,100660.56,100660.56,
2026-07-27T21:42:09+00:00,100660.56,100660.56,
2026-07-27T21:43:09+00:00,100660.56,100660.56,
2026-07-27T21:44:09+00:00,100660.56,100660.56,
2026-07-27T21:45:09+00:00,100660.56,100660.56,
2026-07-27T21:46:09+00:00,100660.56,100660.56,
2026-07-27T21:47:10+00:00,100660.56,100660.56,
2026-07-27T21:48:10+00:00,100660.56,100660.56,
2026-07-27T21:49:10+00:00,100660.56,100660.56,
2026-07-27T21:50:10+00:00,100660.56,100660.56,
2026-07-27T21:51:11+00:00,100660.56,100660.56,
2026-07-27T21:52:11+00:00,100660.56,100660.56,
2026-07-27T21:53:11+00:00,100660.56,100660.56,
2026-07-27T21:54:11+00:00,100660.56,100660.56,
2026-07-27T21:55:11+00:00,100660.56,100660.56,
2026-07-27T21:56:12+00:00,100660.56,100660.56,
2026-07-27T21:57:12+00:00,100660.56,100660.56,
2026-07-27T21:58:12+00:00,100660.56,100660.56,
2026-07-27T21:59:12+00:00,100660.56,100660.56,
2026-07-27T22:00:13+00:00,100660.56,100660.56,
2026-07-27T22:01:13+00:00,100660.56,100660.56,
2026-07-27T22:02:13+00:00,100660.56,100660.56,
2026-07-27T22:03:13+00:00,100660.56,100660.56,
2026-07-27T22:04:13+00:00,100660.56,100660.56,
2026-07-27T22:05:14+00:00,100660.56,100660.56,
2026-07-27T22:06:14+00:00,100660.56,100660.56,
2026-07-27T22:07:14+00:00,100660.56,100660.56,
2026-07-27T22:08:14+00:00,100660.56,100660.56,
2026-07-27T22:09:14+00:00,100660.56,100660.56,
2026-07-27T22:10:15+00:00,100660.56,100660.56,
2026-07-27T22:11:15+00:00,100660.56,100660.56,
2026-07-27T22:12:15+00:00,100660.56,100660.56,
2026-07-27T22:13:15+00:00,100660.56,100660.56,
2026-07-27T22:14:16+00:00,100660.56,100660.56,
2026-07-27T22:15:16+00:00,100660.56,100660.56,
2026-07-27T22:16:16+00:00,100660.56,100660.56,
2026-07-27T22:17:16+00:00,100660.56,100660.56,
2026-07-27T22:18:16+00:00,100660.56,100660.56,
2026-07-27T22:19:17+00:00,100660.56,100660.56,
2026-07-27T22:20:17+00:00,100660.56,100660.56,
2026-07-27T22:21:17+00:00,100660.56,100660.56,
2026-07-27T22:22:17+00:00,100660.56,100660.56,
2026-07-27T22:23:17+00:00,100660.56,100660.56,
2026-07-27T22:24:18+00:00,100660.56,100660.56,
2026-07-27T22:25:18+00:00,100660.56,100660.56,
2026-07-27T22:26:18+00:00,100660.56,100660.56,
2026-07-27T22:27:18+00:00,100660.56,100660.56,
2026-07-27T22:28:19+00:00,100660.56,100660.56,
2026-07-27T22:29:19+00:00,100660.56,100660.56,
2026-07-27T22:30:19+00:00,100660.56,100660.56,
2026-07-27T22:31:19+00:00,100660.56,100660.56,
2026-07-27T22:32:19+00:00,100660.56,100660.56,
2026-07-27T22:33:20+00:00,100660.56,100660.56,
2026-07-27T22:34:20+00:00,100660.56,100660.56,
2026-07-27T22:35:20+00:00,100660.56,100660.56,
2026-07-27T22:36:20+00:00,100660.56,100660.56,
2026-07-27T22:37:21+00:00,100660.56,100660.56,
2026-07-27T22:38:21+00:00,100660.56,100660.56,
2026-07-27T22:39:21+00:00,100660.56,100660.56,
2026-07-27T22:40:21+00:00,100660.56,100660.56,
2026-07-27T22:41:21+00:00,100660.56,100660.56,
2026-07-27T22:42:22+00:00,100660.56,100660.56,
2026-07-27T22:43:22+00:00,100660.56,100660.56,
2026-07-27T22:44:22+00:00,100660.56,100660.56,
2026-07-27T22:45:22+00:00,100660.56,100660.56,
2026-07-27T22:46:22+00:00,100660.56,100660.56,
2026-07-27T22:47:23+00:00,100660.56,100660.56,
2026-07-27T22:48:23+00:00,100660.56,100660.56,
2026-07-27T22:49:23+00:00,100660.56,100660.56,
2026-07-27T22:50:23+00:00,100660.56,100660.56,
2026-07-27T22:51:24+00:00,100660.56,100660.56,
2026-07-27T22:52:24+00:00,100660.56,100660.56,
2026-07-27T22:53:24+00:00,100660.56,100660.56,
2026-07-27T22:54:24+00:00,100660.56,100660.56,
2026-07-27T22:55:24+00:00,100660.56,100660.56,
2026-07-27T22:56:25+00:00,100660.56,100660.56,
2026-07-27T22:57:25+00:00,100660.56,100660.56,
2026-07-27T22:58:25+00:00,100660.56,100660.56,
2026-07-27T22:59:25+00:00,100660.56,100660.56,
2026-07-27T23:00:26+00:00,100660.56,100660.56,
2026-07-27T23:01:26+00:00,100660.56,100660.56,
2026-07-27T23:09:20+00:00,100660.56,100660.56,
2026-07-27T23:10:20+00:00,100660.56,100660.56,
2026-07-27T23:11:20+00:00,100660.56,100660.56,
2026-07-27T23:12:20+00:00,100660.56,100660.56,
2026-07-27T23:13:21+00:00,100660.56,100660.56,
2026-07-27T23:14:21+00:00,100660.56,100660.56,
2026-07-27T23:15:21+00:00,100660.56,100660.56,
2026-07-27T23:16:21+00:00,100660.56,100660.56,
2026-07-27T23:17:22+00:00,100660.56,100660.56,
2026-07-27T23:18:22+00:00,100660.56,100660.56,
2026-07-27T23:19:22+00:00,100660.56,100660.56,
2026-07-27T23:20:22+00:00,100660.56,100660.56,
2026-07-27T23:21:22+00:00,100660.56,100660.56,
2026-07-28T04:30:17+00:00,100660.56,100660.56,
2026-07-28T04:31:17+00:00,100660.56,100660.56,
2026-07-28T04:32:17+00:00,100660.56,100660.56,
2026-07-28T04:33:18+00:00,100660.56,100660.56,
2026-07-28T04:34:18+00:00,100660.56,100660.56,
2026-07-28T04:35:18+00:00,100660.56,100660.56,
2026-07-28T04:36:18+00:00,100660.56,100660.56,
2026-07-28T04:37:18+00:00,100660.56,100660.56,
2026-07-28T04:38:19+00:00,100660.56,100660.56,
2026-07-28T04:39:19+00:00,100660.56,100660.56,
2026-07-28T04:40:19+00:00,100660.56,100660.56,
2026-07-28T04:41:19+00:00,100660.56,100660.56,
2026-07-28T04:42:19+00:00,100660.56,100660.56,
2026-07-28T04:43:20+00:00,100660.56,100660.56,
2026-07-28T04:44:20+00:00,100660.56,100660.56,
2026-07-28T04:45:20+00:00,100660.56,100660.56,
2026-07-28T04:46:20+00:00,100660.56,100660.56,
2026-07-28T04:47:21+00:00,100660.56,100660.56,
2026-07-28T04:48:21+00:00,100660.56,100660.56,
2026-07-28T04:49:21+00:00,100660.56,100660.56,
2026-07-28T04:50:21+00:00,100660.56,100660.56,
2026-07-28T04:51:21+00:00,100660.56,100660.56,
2026-07-28T04:52:22+00:00,100660.56,100660.56,
2026-07-28T04:53:22+00:00,100660.56,100660.56,
2026-07-28T04:54:22+00:00,100660.56,100660.56,
2026-07-28T04:55:22+00:00,100660.56,100660.56,
2026-07-28T04:56:23+00:00,100660.56,100660.56,
2026-07-28T04:57:23+00:00,100660.56,100660.56,
2026-07-28T04:58:23+00:00,100660.56,100660.56,
2026-07-28T04:59:23+00:00,100660.56,100660.56,
2026-07-28T05:00:23+00:00,100660.56,100660.56,
2026-07-28T05:01:24+00:00,100660.56,100660.56,
2026-07-28T05:02:24+00:00,100660.56,100660.56,
2026-07-28T05:03:24+00:00,100660.56,100660.56,
2026-07-28T05:04:24+00:00,100660.56,100660.56,
2026-07-28T05:05:24+00:00,100660.56,100660.56,
2026-07-28T05:06:25+00:00,100660.56,100660.56,
2026-07-28T05:07:25+00:00,100660.56,100660.56,
2026-07-28T05:08:25+00:00,100660.56,100660.56,
2026-07-28T05:09:25+00:00,100660.56,100660.56,
2026-07-28T05:10:26+00:00,100660.56,100660.56,
2026-07-28T05:11:26+00:00,100660.56,100660.56,
2026-07-28T05:12:26+00:00,100660.56,100660.56,
2026-07-28T05:13:26+00:00,100660.56,100660.56,
2026-07-28T05:14:26+00:00,100660.56,100660.56,
2026-07-28T05:15:27+00:00,100660.56,100660.56,
2026-07-28T05:16:27+00:00,100660.56,100660.56,
2026-07-28T05:17:27+00:00,100660.56,100660.56,
2026-07-28T05:18:27+00:00,100660.56,100660.56,
2026-07-28T05:19:27+00:00,100660.56,100660.56,
2026-07-28T05:20:28+00:00,100660.56,100660.56,
2026-07-28T05:21:28+00:00,100660.56,100660.56,
2026-07-28T05:22:28+00:00,100660.56,100660.56,
2026-07-28T05:23:29+00:00,100660.56,100660.56,
2026-07-28T05:24:29+00:00,100660.56,100660.56,
2026-07-28T05:25:29+00:00,100660.56,100660.56,
2026-07-28T06:56:21+00:00,100660.56,100660.56,
2026-07-28T09:04:50+00:00,100660.53,100660.53,
2026-07-28T09:05:50+00:00,100660.53,100660.53,
2026-07-28T09:06:50+00:00,100660.53,100660.53,
2026-07-28T09:07:50+00:00,100660.53,100660.53,
2026-07-28T09:08:50+00:00,100660.53,100660.53,
2026-07-28T09:09:51+00:00,100660.53,100660.53,
2026-07-28T09:10:51+00:00,100660.53,100660.53,
2026-07-28T09:11:51+00:00,100660.53,100660.53,
2026-07-28T09:12:51+00:00,100660.53,100660.53,
2026-07-28T09:13:52+00:00,100660.53,100660.53,
2026-07-28T09:14:52+00:00,100660.53,100660.53,
2026-07-28T09:15:52+00:00,100660.53,100660.53,
2026-07-28T09:16:52+00:00,100660.53,100660.53,
2026-07-28T09:17:52+00:00,100660.53,100660.53,
2026-07-28T09:18:53+00:00,100660.53,100660.53,
2026-07-28T09:19:53+00:00,100660.53,100660.53,
2026-07-28T09:20:53+00:00,100660.53,100660.53,
2026-07-28T09:21:53+00:00,100660.53,100660.53,
2026-07-28T09:22:53+00:00,100660.53,100660.53,
2026-07-28T09:23:54+00:00,100660.53,100660.53,
2026-07-28T09:24:54+00:00,100660.53,100660.53,
2026-07-28T09:25:54+00:00,100660.53,100660.53,
2026-07-28T09:26:54+00:00,100660.53,100660.53,
2026-07-28T09:27:55+00:00,100660.53,100660.53,
2026-07-28T09:28:55+00:00,100660.53,100660.53,
2026-07-28T09:29:55+00:00,100660.53,100660.53,
2026-07-28T09:30:55+00:00,100660.53,100660.53,
2026-07-28T09:31:55+00:00,100660.53,100660.53,
2026-07-28T09:32:56+00:00,100660.53,100660.53,
2026-07-28T09:33:56+00:00,100660.53,100660.53,
2026-07-28T09:34:56+00:00,100660.53,100660.53,
2026-07-28T09:35:56+00:00,100660.53,100660.53,
2026-07-28T09:36:57+00:00,100660.53,100660.53,
2026-07-28T09:37:57+00:00,100660.53,100660.53,
2026-07-28T09:38:57+00:00,100660.53,100660.53,
2026-07-28T09:39:57+00:00,100660.53,100660.53,
2026-07-28T09:40:57+00:00,100660.53,100660.53,
2026-07-28T09:41:58+00:00,100660.53,100660.53,
2026-07-28T09:42:58+00:00,100660.53,100660.53,
2026-07-28T09:43:58+00:00,100660.53,100660.53,
2026-07-28T09:44:58+00:00,100660.53,100660.53,
2026-07-28T09:45:58+00:00,100660.53,100660.53,
2026-07-28T09:46:59+00:00,100660.53,100660.53,
2026-07-28T09:47:59+00:00,100660.53,100660.53,
2026-07-28T09:48:59+00:00,100660.53,100660.53,
2026-07-28T09:49:59+00:00,100660.53,100660.53,
2026-07-28T09:51:00+00:00,100660.53,100660.53,
2026-07-28T09:52:00+00:00,100660.53,100660.53,
2026-07-28T09:53:00+00:00,100660.53,100660.53,
2026-07-28T09:54:00+00:00,100660.53,100660.53,
2026-07-28T09:55:00+00:00,100660.53,100660.53,
2026-07-28T09:56:01+00:00,100660.53,100660.53,
2026-07-28T09:57:01+00:00,100660.53,100660.53,
2026-07-28T09:58:01+00:00,100660.53,100660.53,
2026-07-28T09:59:01+00:00,100660.53,100660.53,
2026-07-28T10:00:02+00:00,100660.53,100660.53,
2026-07-28T10:01:02+00:00,100660.53,100660.53,
2026-07-28T10:02:02+00:00,100660.53,100660.53,
2026-07-28T10:03:02+00:00,100660.53,100660.53,
2026-07-28T10:04:02+00:00,100660.53,100660.53,
2026-07-28T10:05:03+00:00,100660.53,100660.53,
2026-07-28T10:06:03+00:00,100660.53,100660.53,
2026-07-28T10:07:03+00:00,100660.53,100660.53,
2026-07-28T10:08:03+00:00,100660.53,100660.53,
2026-07-28T10:09:03+00:00,100660.53,100660.53,
2026-07-28T10:10:04+00:00,100660.53,100660.53,
2026-07-28T10:11:04+00:00,100660.53,100660.53,
2026-07-28T10:12:04+00:00,100660.53,100660.53,
2026-07-28T10:13:04+00:00,100660.53,100660.53,
2026-07-28T10:14:05+00:00,100660.53,100660.53,
2026-07-28T10:15:05+00:00,100660.53,100660.53,
2026-07-28T10:16:05+00:00,100660.53,100660.53,
2026-07-28T10:17:05+00:00,100660.53,100660.53,
2026-07-28T10:18:05+00:00,100660.53,100660.53,
2026-07-28T10:19:06+00:00,100660.53,100660.53,
2026-07-28T10:20:06+00:00,100660.53,100660.53,
2026-07-28T10:21:06+00:00,100660.53,100660.53,
2026-07-28T10:22:06+00:00,100660.53,100660.53,
2026-07-28T10:23:07+00:00,100660.53,100660.53,
2026-07-28T10:24:07+00:00,100660.53,100660.53,
2026-07-28T10:25:07+00:00,100660.53,100660.53,
2026-07-28T10:26:07+00:00,100660.53,100660.53,
2026-07-28T10:27:07+00:00,100660.53,100660.53,
2026-07-28T10:28:08+00:00,100660.53,100660.53,
2026-07-28T10:29:08+00:00,100660.53,100660.53,
2026-07-28T10:30:08+00:00,100660.53,100660.53,
2026-07-28T10:31:08+00:00,100660.53,100660.53,
2026-07-28T10:32:09+00:00,100660.53,100660.53,
2026-07-28T10:33:09+00:00,100660.53,100660.53,
2026-07-28T10:34:09+00:00,100660.53,100660.53,
2026-07-28T10:35:09+00:00,100660.53,100660.53,
2026-07-28T10:36:09+00:00,100660.53,100660.53,
2026-07-28T10:37:10+00:00,100660.53,100660.53,
2026-07-28T10:38:10+00:00,100660.53,100660.53,
2026-07-28T10:39:10+00:00,100660.53,100660.53,
2026-07-28T10:40:10+00:00,100660.53,100660.53,
2026-07-28T10:41:11+00:00,100660.53,100660.53,
2026-07-28T10:42:11+00:00,100660.53,100660.53,
2026-07-28T10:43:11+00:00,100660.53,100660.53,
2026-07-28T10:44:11+00:00,100660.53,100660.53,
2026-07-28T10:45:11+00:00,100660.53,100660.53,
2026-07-28T10:46:12+00:00,100660.53,100660.53,
2026-07-28T10:47:12+00:00,100660.53,100660.53,
2026-07-28T10:48:12+00:00,100660.53,100660.53,
2026-07-28T10:49:12+00:00,100660.53,100660.53,
2026-07-28T10:50:12+00:00,100660.53,100660.53,
2026-07-28T10:51:13+00:00,100660.53,100660.53,
2026-07-28T10:52:13+00:00,100660.53,100660.53,
2026-07-28T10:53:13+00:00,100660.53,100660.53,
2026-07-28T10:54:13+00:00,100660.53,100660.53,
2026-07-28T10:55:14+00:00,100660.53,100660.53,
2026-07-28T10:56:14+00:00,100660.53,100660.53,
2026-07-28T10:57:14+00:00,100660.53,100660.53,
2026-07-28T10:58:14+00:00,100660.53,100660.53,
2026-07-28T10:59:14+00:00,100660.53,100660.53,
2026-07-28T11:00:15+00:00,100660.53,100660.53,
2026-07-28T11:01:15+00:00,100660.53,100660.53,
2026-07-28T11:02:15+00:00,100660.53,100660.53,
2026-07-28T11:03:15+00:00,100660.53,100660.53,
2026-07-28T11:04:16+00:00,100660.53,100660.53,
2026-07-28T11:05:16+00:00,100660.53,100660.53,
2026-07-28T11:06:16+00:00,100660.53,100660.53,
2026-07-28T11:07:16+00:00,100660.53,100660.53,
2026-07-28T11:08:16+00:00,100660.53,100660.53,
2026-07-28T11:09:17+00:00,100660.53,100660.53,
2026-07-28T11:10:17+00:00,100660.53,100660.53,
2026-07-28T11:11:17+00:00,100660.53,100660.53,
2026-07-28T11:12:17+00:00,100660.53,100660.53,
2026-07-28T11:13:18+00:00,100660.53,100660.53,
2026-07-28T11:14:18+00:00,100660.53,100660.53,
2026-07-28T11:15:18+00:00,100660.53,100660.53,
2026-07-28T11:16:18+00:00,100660.53,100660.53,
2026-07-28T11:17:18+00:00,100660.53,100660.53,
2026-07-28T11:18:19+00:00,100660.53,100660.53,
2026-07-28T11:19:19+00:00,100660.53,100660.53,
2026-07-28T11:20:19+00:00,100660.53,100660.53,
2026-07-28T11:21:19+00:00,100660.53,100660.53,
2026-07-28T11:22:19+00:00,100660.53,100660.53,
2026-07-28T11:23:20+00:00,100660.53,100660.53,
2026-07-28T11:24:20+00:00,100660.53,100660.53,
2026-07-28T11:25:20+00:00,100660.53,100660.53,
2026-07-28T11:26:20+00:00,100660.53,100660.53,
2026-07-28T11:27:21+00:00,100660.53,100660.53,
2026-07-28T11:28:21+00:00,100660.53,100660.53,
2026-07-28T11:29:21+00:00,100660.53,100660.53,
2026-07-28T11:30:21+00:00,100660.53,100660.53,
2026-07-28T11:31:21+00:00,100660.53,100660.53,
2026-07-28T11:32:22+00:00,100660.53,100660.53,
2026-07-28T11:33:22+00:00,100660.53,100660.53,
2026-07-28T11:34:22+00:00,100660.53,100660.53,
2026-07-28T11:35:22+00:00,100660.53,100660.53,
2026-07-28T11:36:22+00:00,100660.53,100660.53,
2026-07-28T11:37:23+00:00,100660.53,100660.53,
2026-07-28T11:38:23+00:00,100660.53,100660.53,
2026-07-28T11:39:23+00:00,100660.53,100660.53,
2026-07-28T11:40:23+00:00,100660.53,100660.53,
2026-07-28T11:41:24+00:00,100660.53,100660.53,
2026-07-28T11:42:24+00:00,100660.53,100660.53,
2026-07-28T11:43:24+00:00,100660.53,100660.53,
2026-07-28T11:44:24+00:00,100660.53,100660.53,
2026-07-28T11:45:24+00:00,100660.53,100660.53,
2026-07-28T11:46:25+00:00,100660.53,100660.53,
2026-07-28T11:47:25+00:00,100660.53,100660.53,
2026-07-28T11:48:25+00:00,100660.53,100660.53,
2026-07-28T11:49:25+00:00,100660.53,100660.53,
2026-07-28T11:50:26+00:00,100660.53,100660.53,
2026-07-28T11:51:26+00:00,100660.53,100660.53,
2026-07-28T11:52:26+00:00,100660.53,100660.53,
2026-07-28T11:53:26+00:00,100660.53,100660.53,
2026-07-28T11:54:26+00:00,100660.53,100660.53,
2026-07-28T11:55:27+00:00,100660.53,100660.53,
2026-07-28T11:56:27+00:00,100660.53,100660.53,
2026-07-28T11:57:27+00:00,100660.53,100660.53,
2026-07-28T11:58:27+00:00,100660.53,100660.53,
2026-07-28T11:59:27+00:00,100660.53,100660.53,
2026-07-28T12:00:28+00:00,100660.53,100660.53,
2026-07-28T12:01:28+00:00,100660.53,100660.53,
2026-07-28T12:02:28+00:00,100660.53,100660.53,
2026-07-28T12:03:28+00:00,100660.53,100660.53,
2026-07-28T12:04:29+00:00,100660.53,100660.53,
2026-07-28T12:05:29+00:00,100660.53,100660.53,
2026-07-28T12:06:29+00:00,100660.53,100660.53,
2026-07-28T12:07:29+00:00,100660.53,100660.53,
2026-07-28T12:08:29+00:00,100660.53,100660.53,
2026-07-28T12:09:30+00:00,100660.53,100660.53,
2026-07-28T12:10:30+00:00,100660.53,100660.53,
2026-07-28T12:11:30+00:00,100660.53,100660.53,
2026-07-28T12:12:30+00:00,100660.53,100660.53,
2026-07-28T12:13:31+00:00,100660.53,100660.53,
2026-07-28T12:14:31+00:00,100660.53,100660.53,
2026-07-28T12:15:31+00:00,100660.53,100660.53,
2026-07-28T12:16:31+00:00,100660.53,100660.53,
2026-07-28T12:17:31+00:00,100660.53,100660.53,
2026-07-28T12:18:32+00:00,100660.53,100660.53,
2026-07-28T12:19:32+00:00,100660.53,100660.53,
2026-07-28T12:20:32+00:00,100660.53,100660.53,
2026-07-28T12:21:32+00:00,100660.53,100660.53,
2026-07-28T12:22:33+00:00,100660.53,100660.53,
2026-07-28T12:23:33+00:00,100660.53,100660.53,
2026-07-28T12:24:33+00:00,100660.53,100660.53,
2026-07-28T12:25:33+00:00,100660.53,100660.53,
2026-07-28T12:26:33+00:00,100660.53,100660.53,
2026-07-28T12:27:34+00:00,100660.53,100660.53,
2026-07-28T12:28:34+00:00,100660.53,100660.53,
2026-07-28T12:29:34+00:00,100660.53,100660.53,
2026-07-28T12:30:34+00:00,100660.53,100660.53,
2026-07-28T12:31:34+00:00,100660.53,100660.53,
2026-07-28T12:32:35+00:00,100660.53,100660.53,
2026-07-28T12:33:35+00:00,100660.53,100660.53,
2026-07-28T12:34:35+00:00,100660.53,100660.53,
2026-07-28T12:35:35+00:00,100660.53,100660.53,
2026-07-28T12:36:36+00:00,100660.53,100660.53,
2026-07-28T12:37:36+00:00,100660.53,100660.53,
2026-07-28T12:38:36+00:00,100660.53,100660.53,
2026-07-28T12:39:36+00:00,100660.53,100660.53,
2026-07-28T12:40:36+00:00,100660.53,100660.53,
2026-07-28T12:41:37+00:00,100660.53,100660.53,
2026-07-28T12:42:37+00:00,100660.53,100660.53,
2026-07-28T12:43:37+00:00,100660.53,100660.53,
2026-07-28T12:44:37+00:00,100660.53,100660.53,
2026-07-28T12:45:38+00:00,100660.53,100660.53,
2026-07-28T12:46:38+00:00,100660.53,100660.53,
2026-07-28T12:47:38+00:00,100660.53,100660.53,
2026-07-28T12:48:38+00:00,100660.53,100660.53,
2026-07-28T12:49:38+00:00,100660.53,100660.53,
2026-07-28T12:50:39+00:00,100660.53,100660.53,
2026-07-28T12:51:39+00:00,100660.53,100660.53,
2026-07-28T12:52:39+00:00,100660.53,100660.53,
2026-07-28T12:53:39+00:00,100660.53,100660.53,
2026-07-28T12:54:39+00:00,100660.53,100660.53,
2026-07-28T12:55:40+00:00,100660.53,100660.53,
2026-07-28T12:56:40+00:00,100660.53,100660.53,
2026-07-28T12:57:40+00:00,100660.53,100660.53,
2026-07-28T12:58:40+00:00,100660.53,100660.53,
2026-07-28T12:59:41+00:00,100660.53,100660.53,
2026-07-28T13:00:41+00:00,100660.53,100660.53,
2026-07-28T13:01:41+00:00,100660.53,100660.53,
2026-07-28T13:02:41+00:00,100660.53,100660.53,
2026-07-28T13:03:41+00:00,100660.53,100660.53,
2026-07-28T13:04:42+00:00,100660.53,100660.53,
2026-07-28T13:05:42+00:00,100660.53,100660.53,
2026-07-28T13:06:42+00:00,100660.53,100660.53,
2026-07-28T13:07:42+00:00,100660.53,100660.53,
2026-07-28T13:08:43+00:00,100660.53,100660.53,
2026-07-28T13:09:43+00:00,100660.53,100660.53,
2026-07-28T13:10:43+00:00,100660.53,100660.53,
2026-07-28T13:11:43+00:00,100660.53,100660.53,
2026-07-28T13:12:43+00:00,100660.53,100660.53,
2026-07-28T13:13:44+00:00,100660.53,100660.53,
2026-07-28T13:14:44+00:00,100660.53,100660.53,
2026-07-28T13:15:44+00:00,100660.53,100660.53,
2026-07-28T13:16:44+00:00,100660.53,100660.53,
2026-07-28T13:17:44+00:00,100660.53,100660.53,
2026-07-28T13:18:45+00:00,100660.53,100660.53,
2026-07-28T13:19:45+00:00,100660.53,100660.53,
2026-07-28T13:20:45+00:00,100660.53,100660.53,
2026-07-28T13:21:45+00:00,100660.53,100660.53,
2026-07-28T13:22:46+00:00,100660.53,100660.53,
2026-07-28T13:23:46+00:00,100660.53,100660.53,
2026-07-28T13:24:46+00:00,100660.53,100660.53,
2026-07-28T13:25:46+00:00,100660.53,100660.53,
2026-07-28T13:26:46+00:00,100660.53,100660.53,
2026-07-28T13:27:47+00:00,100660.53,100660.53,
2026-07-28T13:28:47+00:00,100660.53,100660.53,
2026-07-28T13:29:47+00:00,100660.53,100660.53,
2026-07-28T13:30:47+00:00,100660.53,100660.53,
2026-07-28T13:31:47+00:00,100660.53,100660.53,
2026-07-28T13:32:48+00:00,100660.53,100660.53,
2026-07-28T13:33:48+00:00,100660.53,100660.53,
2026-07-28T13:34:48+00:00,100660.53,100660.53,
2026-07-28T13:35:04+00:00,100660.53,100660.53,
2026-07-28T13:36:04+00:00,100660.53,100660.53,
2026-07-28T13:37:04+00:00,100660.53,100660.53,
2026-07-28T13:38:05+00:00,100660.53,100660.53,
2026-07-28T13:39:05+00:00,100660.53,100660.53,
2026-07-28T13:40:05+00:00,100660.53,100660.53,
2026-07-28T13:41:05+00:00,100660.53,100660.53,
2026-07-28T13:42:06+00:00,100660.53,100660.53,
2026-07-28T13:43:06+00:00,100660.53,100660.53,
2026-07-28T13:44:06+00:00,100660.53,100660.53,
2026-07-28T13:45:06+00:00,100660.53,100660.53,
2026-07-28T13:46:06+00:00,100660.53,100660.53,
2026-07-28T13:47:07+00:00,100660.53,100660.53,
2026-07-28T13:48:07+00:00,100660.53,100660.53,
2026-07-28T13:49:07+00:00,100660.53,100660.53,
2026-07-28T13:50:07+00:00,100660.53,100660.53,
2026-07-28T13:51:08+00:00,100660.53,100660.53,
2026-07-28T13:52:08+00:00,100660.53,100660.53,
2026-07-28T13:53:09+00:00,100660.53,100660.53,
2026-07-28T13:54:09+00:00,100660.53,100660.53,
2026-07-28T13:55:09+00:00,100660.53,100660.53,
2026-07-28T13:56:09+00:00,100660.53,100660.53,
2026-07-28T13:57:09+00:00,100660.53,100660.53,
2026-07-28T13:58:10+00:00,100660.53,100660.53,
2026-07-28T13:59:10+00:00,100660.53,100660.53,
2026-07-28T14:00:10+00:00,100660.53,100660.53,
2026-07-28T14:01:10+00:00,100660.53,100660.53,
2026-07-28T14:02:11+00:00,100660.53,100660.53,
2026-07-28T14:03:11+00:00,100660.53,100660.53,
2026-07-28T14:04:11+00:00,100660.53,100660.53,
2026-07-28T14:05:11+00:00,100660.53,100660.53,
2026-07-28T14:06:11+00:00,100660.53,100660.53,
2026-07-28T14:07:12+00:00,100660.53,100660.53,
2026-07-28T14:08:12+00:00,100660.53,100660.53,
2026-07-28T14:09:12+00:00,100660.53,100660.53,
2026-07-28T14:10:12+00:00,100660.53,100660.53,
2026-07-28T14:11:12+00:00,100660.53,100660.53,
2026-07-28T14:12:13+00:00,100660.53,100660.53,
2026-07-28T14:13:13+00:00,100660.53,100660.53,
2026-07-28T14:14:13+00:00,100660.53,100660.53,
2026-07-28T14:15:13+00:00,100660.53,100660.53,
2026-07-28T14:16:14+00:00,100660.53,100660.53,
2026-07-28T14:17:14+00:00,100660.53,100660.53,
2026-07-28T14:18:14+00:00,100660.53,100660.53,
2026-07-28T14:19:15+00:00,100660.53,100660.53,
2026-07-28T14:20:15+00:00,100660.53,100660.53,
2026-07-28T14:21:15+00:00,100660.53,100660.53,
2026-07-28T14:22:16+00:00,100660.53,100660.53,
2026-07-28T14:23:16+00:00,100660.53,100660.53,
2026-07-28T14:24:16+00:00,100660.53,100660.53,
2026-07-28T14:25:16+00:00,100660.53,100660.53,
2026-07-28T14:26:16+00:00,100660.53,100660.53,
2026-07-28T14:27:17+00:00,100660.53,100660.53,
2026-07-28T14:28:17+00:00,100660.53,100660.53,
2026-07-28T14:29:17+00:00,100660.53,100660.53,
2026-07-28T14:30:17+00:00,100660.53,100660.53,
2026-07-28T14:31:17+00:00,100660.53,100660.53,
2026-07-28T14:32:18+00:00,100660.53,100660.53,
2026-07-28T14:33:18+00:00,100660.53,100660.53,
2026-07-28T14:34:18+00:00,100660.53,100660.53,
2026-07-28T14:35:18+00:00,100660.53,100660.53,
2026-07-28T14:36:19+00:00,100660.53,100660.53,
2026-07-28T14:37:19+00:00,100660.53,100660.53,
2026-07-28T14:38:19+00:00,100660.53,100660.53,
2026-07-28T14:39:19+00:00,100660.53,100660.53,
2026-07-28T14:40:19+00:00,100660.53,100660.53,
2026-07-28T14:41:20+00:00,100660.53,100660.53,
2026-07-28T14:42:20+00:00,100660.53,100660.53,
2026-07-28T14:43:20+00:00,100660.53,100660.53,
2026-07-28T14:44:20+00:00,100660.53,100660.53,
2026-07-28T14:45:21+00:00,100660.53,100660.53,
2026-07-28T14:46:21+00:00,100660.53,100660.53,
2026-07-28T14:47:21+00:00,100660.53,100660.53,
2026-07-28T14:48:21+00:00,100660.53,100660.53,
2026-07-28T14:49:21+00:00,100660.53,100660.53,
2026-07-28T14:50:22+00:00,100660.53,100660.53,
2026-07-28T14:51:22+00:00,100660.53,100660.53,
2026-07-28T14:52:22+00:00,100660.53,100660.53,
2026-07-28T14:53:22+00:00,100660.53,100660.53,
2026-07-28T14:54:22+00:00,100660.53,100660.53,
2026-07-28T14:55:23+00:00,100660.53,100660.53,
2026-07-28T14:56:23+00:00,100660.53,100660.53,
2026-07-28T14:57:23+00:00,100660.53,100660.53,
2026-07-28T14:58:23+00:00,100660.53,100660.53,
2026-07-28T14:59:24+00:00,100660.53,100660.53,
2026-07-28T15:00:24+00:00,100660.53,100660.53,
2026-07-28T15:01:24+00:00,100660.53,100660.53,
2026-07-28T15:02:24+00:00,100660.53,100660.53,
2026-07-28T15:03:24+00:00,100660.53,100660.53,
2026-07-28T15:04:25+00:00,100660.53,100660.53,
2026-07-28T15:05:25+00:00,100660.53,100660.53,
2026-07-28T15:06:25+00:00,100660.53,100660.53,
2026-07-28T15:07:25+00:00,100660.53,100660.53,
2026-07-28T15:08:25+00:00,100660.53,100660.53,
2026-07-28T15:09:26+00:00,100660.53,100660.53,
2026-07-28T15:10:26+00:00,100660.53,100660.53,
2026-07-28T15:11:26+00:00,100660.53,100660.53,
2026-07-28T15:12:26+00:00,100660.53,100660.53,
2026-07-28T15:13:27+00:00,100660.53,100660.53,
2026-07-28T15:14:27+00:00,100660.53,100660.53,
2026-07-28T15:15:27+00:00,100660.53,100660.53,
2026-07-28T15:16:27+00:00,100660.53,100660.53,
2026-07-28T15:17:27+00:00,100660.53,100660.53,
2026-07-28T15:18:28+00:00,100660.53,100660.53,
2026-07-28T15:19:28+00:00,100660.53,100660.53,
2026-07-28T15:20:28+00:00,100660.53,100660.53,
2026-07-28T15:21:28+00:00,100660.53,100660.53,
2026-07-28T15:22:29+00:00,100660.53,100660.53,
2026-07-28T15:23:29+00:00,100660.53,100660.53,
2026-07-28T15:24:30+00:00,100660.53,100660.53,
2026-07-28T15:25:30+00:00,100660.53,100660.53,
2026-07-28T15:26:30+00:00,100660.53,100660.53,
2026-07-28T15:27:30+00:00,100660.53,100660.53,
2026-07-28T15:28:30+00:00,100660.53,100660.53,
2026-07-28T15:29:31+00:00,100660.53,100660.53,
2026-07-28T15:30:31+00:00,100660.53,100660.53,
2026-07-28T15:31:31+00:00,100660.53,100660.53,
2026-07-28T15:32:31+00:00,100660.53,100660.53,
2026-07-28T15:33:31+00:00,100660.53,100660.53,
2026-07-28T15:34:32+00:00,100660.53,100660.53,
2026-07-28T15:35:32+00:00,100660.53,100660.53,
2026-07-28T15:36:32+00:00,100660.53,100660.53,
2026-07-28T15:37:32+00:00,100660.53,100660.53,
2026-07-28T15:38:33+00:00,100660.53,100660.53,
2026-07-28T15:39:33+00:00,100660.53,100660.53,
2026-07-28T15:40:33+00:00,100660.53,100660.53,
2026-07-28T15:41:33+00:00,100660.53,100660.53,
2026-07-28T15:42:33+00:00,100660.53,100660.53,
2026-07-28T15:43:34+00:00,100660.53,100660.53,
2026-07-28T15:44:34+00:00,100660.53,100660.53,
2026-07-28T15:45:34+00:00,100660.53,100660.53,
2026-07-28T15:46:34+00:00,100660.53,100660.53,
2026-07-28T15:47:35+00:00,100660.53,100660.53,
2026-07-28T15:48:35+00:00,100660.53,100660.53,
2026-07-28T15:49:35+00:00,100660.53,100660.53,
2026-07-28T15:50:35+00:00,100660.53,100660.53,
2026-07-28T15:51:35+00:00,100660.53,100660.53,
2026-07-28T15:52:36+00:00,100660.53,100660.53,
2026-07-28T15:53:36+00:00,100660.53,100660.53,
2026-07-28T15:54:36+00:00,100660.53,100660.53,
2026-07-28T15:55:36+00:00,100660.53,100660.53,
2026-07-28T15:56:36+00:00,100660.53,100660.53,
2026-07-28T15:57:37+00:00,100660.53,100660.53,
2026-07-28T15:58:37+00:00,100660.53,100660.53,
2026-07-28T15:59:37+00:00,100660.53,100660.53,
2026-07-28T16:00:37+00:00,100660.53,100660.53,
2026-07-28T16:01:38+00:00,100660.53,100660.53,
2026-07-28T16:02:38+00:00,100660.53,100660.53,
2026-07-28T16:03:38+00:00,100660.53,100660.53,
2026-07-28T16:04:38+00:00,100660.53,100660.53,
2026-07-28T16:05:38+00:00,100660.53,100660.53,
2026-07-28T16:06:39+00:00,100660.53,100660.53,
2026-07-28T16:07:39+00:00,100660.53,100660.53,
2026-07-28T16:08:39+00:00,100660.53,100660.53,
2026-07-28T16:09:39+00:00,100660.53,100660.53,
2026-07-28T16:10:40+00:00,100660.53,100660.53,
2026-07-28T16:11:40+00:00,100660.53,100660.53,
2026-07-28T16:12:40+00:00,100660.53,100660.53,
2026-07-28T16:13:40+00:00,100660.53,100660.53,
2026-07-28T16:14:40+00:00,100660.53,100660.53,
2026-07-28T16:15:41+00:00,100660.53,100660.53,
2026-07-28T16:16:41+00:00,100660.53,100660.53,
2026-07-28T16:17:41+00:00,100660.53,100660.53,
2026-07-28T16:18:41+00:00,100660.53,100660.53,
2026-07-28T16:19:41+00:00,100660.53,100660.53,
2026-07-28T16:20:42+00:00,100660.53,100660.53,
2026-07-28T16:21:42+00:00,100660.53,100660.53,
2026-07-28T16:22:42+00:00,100660.53,100660.53,
2026-07-28T16:23:42+00:00,100660.53,100660.53,
2026-07-28T16:24:43+00:00,100660.53,100660.53,
2026-07-28T16:25:43+00:00,100660.53,100660.53,
2026-07-28T16:26:44+00:00,100660.53,100660.53,
2026-07-28T16:27:44+00:00,100660.53,100660.53,
2026-07-28T16:28:44+00:00,100660.53,100660.53,
2026-07-28T16:29:44+00:00,100660.53,100660.53,
2026-07-28T16:30:45+00:00,100660.53,100660.53,
2026-07-28T16:31:45+00:00,100660.53,100660.53,
2026-07-28T16:32:45+00:00,100660.53,100660.53,
2026-07-28T16:33:45+00:00,100660.53,100660.53,
2026-07-28T16:34:45+00:00,100660.53,100660.53,
2026-07-28T16:35:46+00:00,100660.53,100660.53,
2026-07-28T16:36:46+00:00,100660.53,100660.53,
2026-07-28T16:37:46+00:00,100660.53,100660.53,
2026-07-28T16:38:46+00:00,100660.53,100660.53,
2026-07-28T16:39:47+00:00,100660.53,100660.53,
2026-07-28T16:40:47+00:00,100660.53,100660.53,
2026-07-28T16:41:47+00:00,100660.53,100660.53,
2026-07-28T16:42:47+00:00,100660.53,100660.53,
2026-07-28T16:43:47+00:00,100660.53,100660.53,
2026-07-28T16:44:48+00:00,100660.53,100660.53,
2026-07-28T16:45:48+00:00,100660.53,100660.53,
2026-07-28T16:46:48+00:00,100660.53,100660.53,
2026-07-28T16:47:48+00:00,100660.53,100660.53,
2026-07-28T16:48:48+00:00,100660.53,100660.53,
2026-07-28T16:49:49+00:00,100660.53,100660.53,
2026-07-28T16:50:49+00:00,100660.53,100660.53,
2026-07-28T16:51:49+00:00,100660.53,100660.53,
2026-07-28T16:52:49+00:00,100660.53,100660.53,
2026-07-28T16:53:50+00:00,100660.53,100660.53,
2026-07-28T16:54:50+00:00,100660.53,100660.53,
2026-07-28T16:55:50+00:00,100660.53,100660.53,
2026-07-28T16:56:50+00:00,100660.53,100660.53,
2026-07-28T16:57:50+00:00,100660.53,100660.53,
2026-07-28T16:58:51+00:00,100660.53,100660.53,
2026-07-28T16:59:51+00:00,100660.53,100660.53,
2026-07-28T17:00:51+00:00,100660.53,100660.53,
2026-07-28T17:01:51+00:00,100660.53,100660.53,
2026-07-28T17:02:51+00:00,100660.53,100660.53,
2026-07-28T17:03:52+00:00,100660.53,100660.53,
2026-07-28T17:04:52+00:00,100660.53,100660.53,
2026-07-28T17:05:52+00:00,100660.53,100660.53,
2026-07-28T17:06:52+00:00,100660.53,100660.53,
2026-07-28T17:07:53+00:00,100660.53,100660.53,
2026-07-28T17:08:53+00:00,100660.53,100660.53,
2026-07-28T17:09:53+00:00,100660.53,100660.53,
2026-07-28T17:10:53+00:00,100660.53,100660.53,
2026-07-28T17:11:53+00:00,100660.53,100660.53,
2026-07-28T17:12:54+00:00,100660.53,100660.53,
2026-07-28T17:13:54+00:00,100660.53,100660.53,
2026-07-28T17:14:54+00:00,100660.53,100660.53,
2026-07-28T17:15:54+00:00,100660.53,100660.53,
2026-07-28T17:16:54+00:00,100660.53,100660.53,
2026-07-28T17:17:55+00:00,100660.53,100660.53,
2026-07-28T17:18:55+00:00,100660.53,100660.53,
2026-07-28T17:19:55+00:00,100660.53,100660.53,
2026-07-28T17:20:55+00:00,100660.53,100660.53,
2026-07-28T17:21:56+00:00,100660.53,100660.53,
2026-07-28T17:22:56+00:00,100660.53,100660.53,
2026-07-28T17:23:56+00:00,100660.53,100660.53,
2026-07-28T17:24:56+00:00,100660.53,100660.53,
2026-07-28T17:25:56+00:00,100660.53,100660.53,
2026-07-28T17:26:57+00:00,100660.53,100660.53,
2026-07-28T17:27:57+00:00,100660.53,100660.53,
2026-07-28T17:28:57+00:00,100660.53,100660.53,
2026-07-28T17:29:57+00:00,100660.53,100660.53,
2026-07-28T17:30:57+00:00,100660.53,100660.53,
2026-07-28T17:31:58+00:00,100660.53,100660.53,
2026-07-28T17:32:58+00:00,100660.53,100660.53,
2026-07-28T17:33:58+00:00,100660.53,100660.53,
2026-07-28T17:34:58+00:00,100660.53,100660.53,
2026-07-28T17:35:59+00:00,100660.53,100660.53,
2026-07-28T17:36:59+00:00,100660.53,100660.53,
2026-07-28T17:37:59+00:00,100660.53,100660.53,
2026-07-28T17:38:59+00:00,100660.53,100660.53,
2026-07-28T17:39:59+00:00,100660.53,100660.53,
2026-07-28T17:41:00+00:00,100660.53,100660.53,
2026-07-28T17:42:00+00:00,100660.53,100660.53,
2026-07-28T17:43:00+00:00,100660.53,100660.53,
2026-07-28T17:44:00+00:00,100660.53,100660.53,
2026-07-28T17:45:01+00:00,100660.53,100660.53,
2026-07-28T17:46:01+00:00,100660.53,100660.53,
2026-07-28T17:47:01+00:00,100660.53,100660.53,
2026-07-28T17:48:01+00:00,100660.53,100660.53,
2026-07-28T17:49:01+00:00,100660.53,100660.53,
2026-07-28T17:50:02+00:00,100660.53,100660.53,
2026-07-28T17:51:02+00:00,100660.53,100660.53,
2026-07-28T17:52:02+00:00,100660.53,100660.53,
2026-07-28T17:53:02+00:00,100660.53,100660.53,
2026-07-28T17:54:03+00:00,100660.53,100660.53,
2026-07-28T17:55:03+00:00,100660.53,100660.53,
2026-07-28T17:56:03+00:00,100660.53,100660.53,
2026-07-28T17:57:03+00:00,100660.53,100660.53,
2026-07-28T17:58:03+00:00,100660.53,100660.53,
2026-07-28T17:59:04+00:00,100660.53,100660.53,
2026-07-28T18:00:04+00:00,100660.53,100660.53,
2026-07-28T18:01:04+00:00,100660.53,100660.53,
2026-07-28T18:02:04+00:00,100660.53,100660.53,
2026-07-28T18:03:04+00:00,100660.53,100660.53,
2026-07-28T18:04:05+00:00,100660.53,100660.53,
2026-07-28T18:05:05+00:00,100660.53,100660.53,
2026-07-28T18:06:06+00:00,100660.53,100660.53,
2026-07-28T18:07:06+00:00,100660.53,100660.53,
2026-07-28T18:08:06+00:00,100660.53,100660.53,
2026-07-28T18:09:06+00:00,100660.53,100660.53,
2026-07-28T18:10:07+00:00,100660.53,100660.53,
2026-07-28T18:11:07+00:00,100660.53,100660.53,
2026-07-28T18:12:07+00:00,100660.53,100660.53,
2026-07-28T18:13:07+00:00,100660.53,100660.53,
2026-07-28T18:14:08+00:00,100660.53,100660.53,
2026-07-28T18:15:08+00:00,100660.53,100660.53,
2026-07-28T18:16:08+00:00,100660.53,100660.53,
2026-07-28T18:17:08+00:00,100660.53,100660.53,
2026-07-28T18:18:08+00:00,100660.53,100660.53,
2026-07-28T18:19:09+00:00,100660.53,100660.53,
2026-07-28T18:20:09+00:00,100660.53,100660.53,
2026-07-28T18:21:09+00:00,100660.53,100660.53,
2026-07-28T18:22:09+00:00,100660.53,100660.53,
2026-07-28T18:23:09+00:00,100660.53,100660.53,
2026-07-28T18:24:10+00:00,100660.53,100660.53,
2026-07-28T18:25:10+00:00,100660.53,100660.53,
2026-07-28T18:26:10+00:00,100660.53,100660.53,
2026-07-28T18:27:10+00:00,100660.53,100660.53,
2026-07-28T18:28:11+00:00,100660.53,100660.53,
2026-07-28T18:29:11+00:00,100660.53,100660.53,
2026-07-28T18:30:11+00:00,100660.53,100660.53,
2026-07-28T18:31:11+00:00,100660.53,100660.53,
2026-07-28T18:32:11+00:00,100660.53,100660.53,
2026-07-28T18:33:12+00:00,100660.53,100660.53,
2026-07-28T18:34:12+00:00,100660.53,100660.53,
2026-07-28T18:35:12+00:00,100660.53,100660.53,
2026-07-28T18:36:12+00:00,100660.53,100660.53,
2026-07-28T18:37:12+00:00,100660.53,100660.53,
2026-07-28T18:38:13+00:00,100660.53,100660.53,
2026-07-28T18:39:13+00:00,100660.53,100660.53,
2026-07-28T18:40:13+00:00,100660.53,100660.53,
2026-07-28T18:41:13+00:00,100660.53,100660.53,
2026-07-28T18:42:14+00:00,100660.53,100660.53,
2026-07-28T18:43:14+00:00,100660.53,100660.53,
2026-07-28T18:44:14+00:00,100660.53,100660.53,
2026-07-28T18:45:14+00:00,100660.53,100660.53,
2026-07-28T18:46:14+00:00,100660.53,100660.53,
2026-07-28T18:47:15+00:00,100660.53,100660.53,
2026-07-28T18:48:15+00:00,100660.53,100660.53,
2026-07-28T18:49:17+00:00,100660.53,100660.53,
2026-07-28T18:50:17+00:00,100660.53,100660.53,
2026-07-28T18:51:17+00:00,100660.53,100660.53,
2026-07-28T18:52:18+00:00,100660.53,100660.53,
2026-07-28T18:53:18+00:00,100660.53,100660.53,
2026-07-28T18:54:18+00:00,100660.53,100660.53,
2026-07-28T18:55:18+00:00,100660.53,100660.53,
2026-07-28T18:56:18+00:00,100660.53,100660.53,
2026-07-28T18:57:19+00:00,100660.53,100660.53,
2026-07-28T18:58:19+00:00,100660.53,100660.53,
2026-07-28T18:59:19+00:00,100660.53,100660.53,
2026-07-28T19:00:19+00:00,100660.53,100660.53,
2026-07-28T19:01:19+00:00,100660.53,100660.53,
2026-07-28T19:02:20+00:00,100660.53,100660.53,
2026-07-28T19:03:20+00:00,100660.53,100660.53,
2026-07-28T19:04:20+00:00,100660.53,100660.53,
2026-07-28T19:05:20+00:00,100660.53,100660.53,
2026-07-28T19:06:21+00:00,100660.53,100660.53,
2026-07-28T19:07:21+00:00,100660.53,100660.53,
2026-07-28T19:08:21+00:00,100660.53,100660.53,
2026-07-28T19:09:21+00:00,100660.53,100660.53,
2026-07-28T19:10:21+00:00,100660.53,100660.53,
2026-07-28T19:11:22+00:00,100660.53,100660.53,
2026-07-28T19:12:22+00:00,100660.53,100660.53,
2026-07-28T19:13:22+00:00,100660.53,100660.53,
2026-07-28T19:14:22+00:00,100660.53,100660.53,
2026-07-28T19:15:22+00:00,100660.53,100660.53,
2026-07-28T19:16:23+00:00,100660.53,100660.53,
2026-07-28T19:17:23+00:00,100660.53,100660.53,
2026-07-28T19:18:23+00:00,100660.53,100660.53,
2026-07-28T19:19:23+00:00,100660.53,100660.53,
2026-07-28T19:20:24+00:00,100660.53,100660.53,
2026-07-28T19:21:24+00:00,100660.53,100660.53,
2026-07-28T19:22:24+00:00,100660.53,100660.53,
2026-07-28T19:23:24+00:00,100660.53,100660.53,
2026-07-28T19:24:24+00:00,100660.53,100660.53,
2026-07-28T19:25:25+00:00,100660.53,100660.53,
2026-07-28T19:26:25+00:00,100660.53,100660.53,
2026-07-28T19:27:25+00:00,100660.53,100660.53,
2026-07-28T19:28:25+00:00,100660.53,100660.53,
2026-07-28T19:29:26+00:00,100660.53,100660.53,
2026-07-28T19:30:26+00:00,100660.53,100660.53,
2026-07-28T19:31:26+00:00,100660.53,100660.53,
2026-07-28T19:32:26+00:00,100660.53,100660.53,
2026-07-28T19:33:26+00:00,100660.53,100660.53,
2026-07-28T19:34:27+00:00,100660.53,100660.53,
2026-07-28T19:35:27+00:00,100660.53,100660.53,
2026-07-28T19:36:27+00:00,100660.53,100660.53,
2026-07-28T19:37:27+00:00,100660.53,100660.53,
2026-07-28T19:38:27+00:00,100660.53,100660.53,
2026-07-28T19:39:28+00:00,100660.53,100660.53,
2026-07-28T19:40:28+00:00,100660.53,100660.53,
2026-07-28T19:41:28+00:00,100660.53,100660.53,
2026-07-28T19:42:28+00:00,100660.53,100660.53,
2026-07-28T19:43:29+00:00,100660.53,100660.53,
2026-07-28T19:44:29+00:00,100660.53,100660.53,
2026-07-28T19:45:29+00:00,100660.53,100660.53,
2026-07-28T19:46:29+00:00,100660.53,100660.53,
2026-07-28T19:47:29+00:00,100660.53,100660.53,
2026-07-28T19:48:30+00:00,100660.53,100660.53,
2026-07-28T19:49:30+00:00,100660.53,100660.53,
2026-07-28T19:50:30+00:00,100660.53,100660.53,
2026-07-28T19:51:30+00:00,100660.53,100660.53,
2026-07-28T19:52:31+00:00,100660.53,100660.53,
2026-07-28T19:53:31+00:00,100660.53,100660.53,
2026-07-28T19:54:31+00:00,100660.53,100660.53,
2026-07-28T19:55:31+00:00,100660.53,100660.53,
2026-07-28T19:56:31+00:00,100660.53,100660.53,
2026-07-28T19:57:32+00:00,100660.53,100660.53,
2026-07-28T19:58:32+00:00,100660.53,100660.53,
2026-07-28T19:59:32+00:00,100660.53,100660.53,
2026-07-28T20:00:32+00:00,100660.53,100660.53,
2026-07-28T20:01:33+00:00,100660.53,100660.53,
2026-07-28T20:02:33+00:00,100660.53,100660.53,
2026-07-28T20:03:33+00:00,100660.53,100660.53,
2026-07-28T20:04:33+00:00,100660.53,100660.53,
2026-07-28T20:05:33+00:00,100660.53,100660.53,
2026-07-28T20:06:34+00:00,100660.53,100660.53,
2026-07-28T20:07:34+00:00,100660.53,100660.53,
2026-07-28T20:08:34+00:00,100660.53,100660.53,
2026-07-28T20:09:34+00:00,100660.53,100660.53,
2026-07-28T20:10:34+00:00,100660.53,100660.53,
2026-07-28T20:11:35+00:00,100660.53,100660.53,
2026-07-28T20:12:35+00:00,100660.53,100660.53,
2026-07-28T20:13:35+00:00,100660.53,100660.53,
2026-07-28T20:14:35+00:00,100660.53,100660.53,
2026-07-28T20:15:36+00:00,100660.53,100660.53,
2026-07-28T20:16:36+00:00,100660.53,100660.53,
2026-07-28T20:17:37+00:00,100660.53,100660.53,
2026-07-28T20:18:37+00:00,100660.53,100660.53,
2026-07-28T20:19:37+00:00,100660.53,100660.53,
2026-07-28T20:20:37+00:00,100660.53,100660.53,
2026-07-28T20:21:37+00:00,100660.53,100660.53,
2026-07-28T20:22:38+00:00,100660.53,100660.53,
2026-07-28T20:23:38+00:00,100660.53,100660.53,
2026-07-28T20:24:38+00:00,100660.53,100660.53,
2026-07-28T20:25:38+00:00,100660.53,100660.53,
2026-07-28T20:26:39+00:00,100660.53,100660.53,
2026-07-28T20:27:39+00:00,100660.53,100660.53,
2026-07-28T20:28:39+00:00,100660.53,100660.53,
2026-07-28T20:29:39+00:00,100660.53,100660.53,
2026-07-28T20:30:39+00:00,100660.53,100660.53,
2026-07-28T20:31:40+00:00,100660.53,100660.53,
2026-07-28T20:32:40+00:00,100660.53,100660.53,
2026-07-28T20:33:40+00:00,100660.53,100660.53,
2026-07-28T20:34:40+00:00,100660.53,100660.53,
2026-07-28T20:35:41+00:00,100660.53,100660.53,
2026-07-28T20:36:41+00:00,100660.53,100660.53,
2026-07-28T20:37:41+00:00,100660.53,100660.53,
2026-07-28T20:38:41+00:00,100660.53,100660.53,
2026-07-28T20:39:41+00:00,100660.53,100660.53,
2026-07-28T20:40:42+00:00,100660.53,100660.53,
2026-07-28T20:41:42+00:00,100660.53,100660.53,
2026-07-28T20:42:42+00:00,100660.53,100660.53,
2026-07-28T20:43:42+00:00,100660.53,100660.53,
2026-07-28T20:44:43+00:00,100660.53,100660.53,
2026-07-28T20:45:43+00:00,100660.53,100660.53,
2026-07-28T20:46:43+00:00,100660.53,100660.53,
2026-07-28T20:47:43+00:00,100660.53,100660.53,
2026-07-28T20:48:43+00:00,100660.53,100660.53,
2026-07-28T20:49:44+00:00,100660.53,100660.53,
2026-07-28T20:50:44+00:00,100660.53,100660.53,
2026-07-28T20:51:44+00:00,100660.53,100660.53,
2026-07-28T20:52:44+00:00,100660.53,100660.53,
2026-07-28T20:53:44+00:00,100660.53,100660.53,
2026-07-28T20:54:45+00:00,100660.53,100660.53,
2026-07-28T20:55:45+00:00,100660.53,100660.53,
2026-07-28T20:56:45+00:00,100660.53,100660.53,
2026-07-28T20:57:45+00:00,100660.53,100660.53,
2026-07-28T20:58:46+00:00,100660.53,100660.53,
2026-07-28T20:59:46+00:00,100660.53,100660.53,
2026-07-28T21:00:47+00:00,100660.53,100660.53,
2026-07-28T21:01:47+00:00,100660.53,100660.53,
2026-07-28T21:02:47+00:00,100660.53,100660.53,
2026-07-28T21:03:47+00:00,100660.53,100660.53,
2026-07-28T21:04:48+00:00,100660.53,100660.53,
2026-07-28T21:05:48+00:00,100660.53,100660.53,
2026-07-28T21:06:48+00:00,100660.53,100660.53,
2026-07-28T21:07:48+00:00,100660.53,100660.53,
2026-07-28T21:08:48+00:00,100660.53,100660.53,
2026-07-28T21:09:49+00:00,100660.53,100660.53,
2026-07-28T21:10:49+00:00,100660.53,100660.53,
2026-07-28T21:11:49+00:00,100660.53,100660.53,
2026-07-28T21:12:49+00:00,100660.53,100660.53,
2026-07-28T21:13:49+00:00,100660.53,100660.53,
2026-07-28T21:14:50+00:00,100660.53,100660.53,
2026-07-28T21:15:50+00:00,100660.53,100660.53,
2026-07-28T21:16:50+00:00,100660.53,100660.53,
2026-07-28T21:17:50+00:00,100660.53,100660.53,
2026-07-28T21:18:51+00:00,100660.53,100660.53,
2026-07-28T21:19:51+00:00,100660.53,100660.53,
2026-07-28T21:20:51+00:00,100660.53,100660.53,
2026-07-28T21:21:51+00:00,100660.53,100660.53,
2026-07-28T21:22:51+00:00,100660.53,100660.53,
2026-07-28T21:23:52+00:00,100660.53,100660.53,
2026-07-28T21:24:52+00:00,100660.53,100660.53,
2026-07-28T21:25:52+00:00,100660.53,100660.53,
2026-07-28T21:26:52+00:00,100660.53,100660.53,
2026-07-28T21:27:53+00:00,100660.53,100660.53,
2026-07-28T21:28:53+00:00,100660.53,100660.53,
2026-07-28T21:29:53+00:00,100660.53,100660.53,
2026-07-28T21:30:53+00:00,100660.53,100660.53,
2026-07-28T21:31:53+00:00,100660.53,100660.53,
2026-07-28T21:32:54+00:00,100660.53,100660.53,
2026-07-28T21:33:54+00:00,100660.53,100660.53,
2026-07-28T21:34:54+00:00,100660.53,100660.53,
2026-07-28T21:35:54+00:00,100660.53,100660.53,
2026-07-28T21:36:55+00:00,100660.53,100660.53,
2026-07-28T21:37:55+00:00,100660.53,100660.53,
2026-07-28T21:38:55+00:00,100660.53,100660.53,
2026-07-28T21:39:55+00:00,100660.53,100660.53,
2026-07-28T21:40:55+00:00,100660.53,100660.53,
2026-07-28T21:41:56+00:00,100660.53,100660.53,
2026-07-28T21:42:56+00:00,100660.53,100660.53,
2026-07-28T21:43:56+00:00,100660.53,100660.53,
2026-07-28T21:44:56+00:00,100660.53,100660.53,
2026-07-28T21:45:56+00:00,100660.53,100660.53,
2026-07-28T21:46:57+00:00,100660.53,100660.53,
2026-07-28T21:47:57+00:00,100660.53,100660.53,
2026-07-28T21:48:57+00:00,100660.53,100660.53,
2026-07-28T21:49:57+00:00,100660.53,100660.53,
2026-07-28T21:50:58+00:00,100660.53,100660.53,
2026-07-28T21:51:58+00:00,100660.53,100660.53,
2026-07-28T21:52:58+00:00,100660.53,100660.53,
2026-07-28T21:53:58+00:00,100660.53,100660.53,
2026-07-28T21:54:58+00:00,100660.53,100660.53,
2026-07-28T21:55:59+00:00,100660.53,100660.53,
2026-07-28T21:56:59+00:00,100660.53,100660.53,
2026-07-28T21:57:59+00:00,100660.53,100660.53,
2026-07-28T21:58:59+00:00,100660.53,100660.53,
2026-07-28T22:00:00+00:00,100660.53,100660.53,
2026-07-28T22:01:00+00:00,100660.53,100660.53,
2026-07-28T22:02:00+00:00,100660.53,100660.53,
2026-07-28T22:03:00+00:00,100660.53,100660.53,
2026-07-28T22:04:00+00:00,100660.53,100660.53,
2026-07-28T22:05:01+00:00,100660.53,100660.53,
2026-07-28T22:06:01+00:00,100660.53,100660.53,
2026-07-28T22:07:01+00:00,100660.53,100660.53,
2026-07-28T22:08:01+00:00,100660.53,100660.53,
2026-07-28T22:09:01+00:00,100660.53,100660.53,
2026-07-28T22:10:02+00:00,100660.53,100660.53,
2026-07-28T22:11:02+00:00,100660.53,100660.53,
2026-07-28T22:12:02+00:00,100660.53,100660.53,
2026-07-28T22:13:02+00:00,100660.53,100660.53,
2026-07-28T22:14:03+00:00,100660.53,100660.53,
2026-07-28T22:15:03+00:00,100660.53,100660.53,
2026-07-28T22:16:03+00:00,100660.53,100660.53,
2026-07-28T22:17:03+00:00,100660.53,100660.53,
2026-07-28T22:18:03+00:00,100660.53,100660.53,
2026-07-28T22:19:04+00:00,100660.53,100660.53,
2026-07-28T22:20:04+00:00,100660.53,100660.53,
2026-07-28T22:21:04+00:00,100660.53,100660.53,
2026-07-28T22:22:04+00:00,100660.53,100660.53,
2026-07-28T22:23:05+00:00,100660.53,100660.53,
2026-07-28T22:24:05+00:00,100660.53,100660.53,
2026-07-28T22:25:05+00:00,100660.53,100660.53,
2026-07-28T22:26:05+00:00,100660.53,100660.53,
2026-07-28T22:27:05+00:00,100660.53,100660.53,
2026-07-28T22:28:06+00:00,100660.53,100660.53,
2026-07-28T22:29:06+00:00,100660.53,100660.53,
2026-07-28T22:30:06+00:00,100660.53,100660.53,
2026-07-28T22:31:06+00:00,100660.53,100660.53,
2026-07-28T22:32:07+00:00,100660.53,100660.53,
2026-07-28T22:33:07+00:00,100660.53,100660.53,
2026-07-28T22:34:08+00:00,100660.53,100660.53,
2026-07-28T22:35:08+00:00,100660.53,100660.53,
2026-07-28T22:36:08+00:00,100660.53,100660.53,
2026-07-28T22:37:08+00:00,100660.53,100660.53,
2026-07-28T22:38:08+00:00,100660.53,100660.53,
2026-07-28T22:39:09+00:00,100660.53,100660.53,
2026-07-28T22:40:09+00:00,100660.53,100660.53,
2026-07-28T22:41:09+00:00,100660.53,100660.53,
2026-07-28T22:42:09+00:00,100660.53,100660.53,
2026-07-28T22:43:09+00:00,100660.53,100660.53,
2026-07-28T22:44:10+00:00,100660.53,100660.53,
2026-07-28T22:45:10+00:00,100660.53,100660.53,
2026-07-28T22:46:10+00:00,100660.53,100660.53,
2026-07-28T22:47:10+00:00,100660.53,100660.53,
2026-07-28T22:48:11+00:00,100660.53,100660.53,
2026-07-28T22:49:11+00:00,100660.53,100660.53,
2026-07-28T22:50:11+00:00,100660.53,100660.53,
2026-07-28T22:51:11+00:00,100660.53,100660.53,
2026-07-28T22:52:11+00:00,100660.53,100660.53,
2026-07-28T22:53:12+00:00,100660.53,100660.53,
2026-07-28T22:54:12+00:00,100660.53,100660.53,
2026-07-28T22:55:12+00:00,100660.53,100660.53,
2026-07-28T22:56:12+00:00,100660.53,100660.53,
2026-07-28T22:57:13+00:00,100660.53,100660.53,
2026-07-28T22:58:14+00:00,100660.53,100660.53,
2026-07-28T22:59:14+00:00,100660.53,100660.53,
2026-07-28T23:00:14+00:00,100660.53,100660.53,
2026-07-28T23:01:14+00:00,100660.53,100660.53,
2026-07-28T23:02:14+00:00,100660.53,100660.53,
2026-07-28T23:03:15+00:00,100660.53,100660.53,
2026-07-28T23:04:15+00:00,100660.53,100660.53,
2026-07-28T23:05:15+00:00,100660.53,100660.53,
2026-07-28T23:06:15+00:00,100660.53,100660.53,
2026-07-28T23:07:16+00:00,100660.53,100660.53,
2026-07-28T23:08:16+00:00,100660.53,100660.53,
2026-07-28T23:09:16+00:00,100660.53,100660.53,
2026-07-28T23:10:16+00:00,100660.53,100660.53,
2026-07-28T23:11:16+00:00,100660.53,100660.53,
2026-07-28T23:12:17+00:00,100660.53,100660.53,
2026-07-28T23:13:17+00:00,100660.53,100660.53,
2026-07-28T23:14:17+00:00,100660.53,100660.53,
2026-07-28T23:15:17+00:00,100660.53,100660.53,
2026-07-28T23:16:17+00:00,100660.53,100660.53,
2026-07-28T23:17:18+00:00,100660.53,100660.53,
2026-07-28T23:18:18+00:00,100660.53,100660.53,
2026-07-28T23:19:18+00:00,100660.53,100660.53,
2026-07-28T23:20:18+00:00,100660.53,100660.53,
2026-07-28T23:21:19+00:00,100660.53,100660.53,
2026-07-28T23:22:19+00:00,100660.53,100660.53,
2026-07-28T23:23:19+00:00,100660.53,100660.53,
2026-07-28T23:24:19+00:00,100660.53,100660.53,
2026-07-28T23:25:19+00:00,100660.53,100660.53,
2026-07-28T23:26:20+00:00,100660.53,100660.53,
2026-07-28T23:27:20+00:00,100660.53,100660.53,
2026-07-28T23:28:20+00:00,100660.53,100660.53,
2026-07-29T09:54:27+00:00,100660.53,100660.53,
2026-07-29T09:55:27+00:00,100660.53,100660.53,
2026-07-29T09:56:27+00:00,100660.53,100660.53,
2026-07-29T09:57:28+00:00,100660.53,100660.53,
2026-07-29T09:58:28+00:00,100660.53,100660.53,
2026-07-29T09:59:28+00:00,100660.53,100660.53,
2026-07-29T10:00:28+00:00,100660.53,100660.53,
2026-07-29T10:01:28+00:00,100660.53,100660.53,
2026-07-29T10:02:29+00:00,100660.53,100660.53,
2026-07-29T10:03:29+00:00,100660.53,100660.53,
2026-07-29T10:04:29+00:00,100660.53,100660.53,
2026-07-29T10:05:29+00:00,100660.53,100660.53,
2026-07-29T10:06:30+00:00,100660.53,100660.53,
2026-07-29T10:07:30+00:00,100660.53,100660.53,
2026-07-29T10:08:30+00:00,100660.53,100660.53,
2026-07-29T10:09:30+00:00,100660.53,100660.53,
2026-07-29T10:10:31+00:00,100660.53,100660.53,
2026-07-29T10:11:31+00:00,100660.53,100660.53,
2026-07-29T10:12:31+00:00,100660.53,100660.53,
2026-07-29T10:13:31+00:00,100660.53,100660.53,
2026-07-29T10:14:31+00:00,100660.53,100660.53,
2026-07-29T10:15:32+00:00,100660.53,100660.53,
2026-07-29T10:16:32+00:00,100660.53,100660.53,
2026-07-29T10:17:32+00:00,100660.53,100660.53,
2026-07-29T10:18:32+00:00,100660.53,100660.53,
2026-07-29T10:19:33+00:00,100660.53,100660.53,
2026-07-29T10:20:33+00:00,100660.53,100660.53,
2026-07-29T10:21:33+00:00,100660.53,100660.53,
2026-07-29T10:22:33+00:00,100660.53,100660.53,
2026-07-29T10:23:33+00:00,100660.53,100660.53,
2026-07-29T10:24:34+00:00,100660.53,100660.53,
2026-07-29T10:25:34+00:00,100660.53,100660.53,
2026-07-29T10:26:34+00:00,100660.53,100660.53,
2026-07-29T10:27:34+00:00,100660.53,100660.53,
2026-07-29T10:28:34+00:00,100660.53,100660.53,
2026-07-29T10:29:35+00:00,100660.53,100660.53,
2026-07-29T10:30:35+00:00,100660.53,100660.53,
2026-07-29T10:31:35+00:00,100660.53,100660.53,
2026-07-29T10:32:35+00:00,100660.53,100660.53,
2026-07-29T10:33:36+00:00,100660.53,100660.53,
2026-07-29T10:34:36+00:00,100660.53,100660.53,
2026-07-29T10:35:36+00:00,100660.53,100660.53,
2026-07-29T10:36:36+00:00,100660.53,100660.53,
2026-07-29T10:37:36+00:00,100660.53,100660.53,
2026-07-29T10:38:37+00:00,100660.53,100660.53,
2026-07-29T10:39:37+00:00,100660.53,100660.53,
2026-07-29T10:40:37+00:00,100660.53,100660.53,
2026-07-29T10:41:37+00:00,100660.53,100660.53,
2026-07-29T10:42:38+00:00,100660.53,100660.53,
2026-07-29T10:43:38+00:00,100660.53,100660.53,
2026-07-29T10:44:38+00:00,100660.53,100660.53,
2026-07-29T10:45:38+00:00,100660.53,100660.53,
2026-07-29T10:46:38+00:00,100660.53,100660.53,
2026-07-29T10:47:39+00:00,100660.53,100660.53,
2026-07-29T10:48:39+00:00,100660.53,100660.53,
2026-07-29T10:49:39+00:00,100660.53,100660.53,
2026-07-29T10:50:39+00:00,100660.53,100660.53,
2026-07-29T10:51:39+00:00,100660.53,100660.53,
2026-07-29T10:52:40+00:00,100660.53,100660.53,
2026-07-29T10:53:40+00:00,100660.53,100660.53,
2026-07-29T10:54:40+00:00,100660.53,100660.53,
2026-07-29T10:55:40+00:00,100660.53,100660.53,
2026-07-29T10:56:41+00:00,100660.53,100660.53,
2026-07-29T10:57:41+00:00,100660.53,100660.53,
2026-07-29T10:58:41+00:00,100660.53,100660.53,
2026-07-29T10:59:41+00:00,100660.53,100660.53,
2026-07-29T11:00:41+00:00,100660.53,100660.53,
2026-07-29T11:01:42+00:00,100660.53,100660.53,
2026-07-29T11:02:42+00:00,100660.53,100660.53,
2026-07-29T11:03:42+00:00,100660.53,100660.53,
2026-07-29T11:04:42+00:00,100660.53,100660.53,
2026-07-29T11:05:43+00:00,100660.53,100660.53,
2026-07-29T11:06:43+00:00,100660.53,100660.53,
2026-07-29T11:07:43+00:00,100660.53,100660.53,
2026-07-29T11:08:43+00:00,100660.53,100660.53,
2026-07-29T11:09:43+00:00,100660.53,100660.53,
2026-07-29T11:10:44+00:00,100660.53,100660.53,
2026-07-29T11:11:44+00:00,100660.53,100660.53,
2026-07-29T11:12:44+00:00,100660.53,100660.53,
2026-07-29T11:13:44+00:00,100660.53,100660.53,
2026-07-29T11:14:45+00:00,100660.53,100660.53,
2026-07-29T11:15:45+00:00,100660.53,100660.53,
2026-07-29T11:16:45+00:00,100660.53,100660.53,
2026-07-29T11:17:45+00:00,100660.53,100660.53,
2026-07-29T11:18:45+00:00,100660.53,100660.53,
2026-07-29T11:19:46+00:00,100660.53,100660.53,
2026-07-29T11:20:46+00:00,100660.53,100660.53,
2026-07-29T11:21:46+00:00,100660.53,100660.53,
2026-07-29T11:22:46+00:00,100660.53,100660.53,
2026-07-29T11:23:46+00:00,100660.53,100660.53,
2026-07-29T11:24:47+00:00,100660.53,100660.53,
2026-07-29T11:25:47+00:00,100660.53,100660.53,
2026-07-29T11:26:47+00:00,100660.53,100660.53,
2026-07-29T11:27:47+00:00,100660.53,100660.53,
2026-07-29T11:28:48+00:00,100660.53,100660.53,
2026-07-29T11:29:48+00:00,100660.53,100660.53,
2026-07-29T11:30:48+00:00,100660.53,100660.53,
2026-07-29T11:31:48+00:00,100660.53,100660.53,
2026-07-29T11:32:48+00:00,100660.53,100660.53,
2026-07-29T11:33:49+00:00,100660.53,100660.53,
2026-07-29T11:34:49+00:00,100660.53,100660.53,
2026-07-29T11:35:49+00:00,100660.53,100660.53,
2026-07-29T11:36:49+00:00,100660.53,100660.53,
2026-07-29T11:37:50+00:00,100660.53,100660.53,
2026-07-29T11:38:50+00:00,100660.53,100660.53,
2026-07-29T11:39:50+00:00,100660.53,100660.53,
2026-07-29T11:40:50+00:00,100660.53,100660.53,
2026-07-29T11:41:50+00:00,100660.53,100660.53,
2026-07-29T11:42:51+00:00,100660.53,100660.53,
2026-07-29T11:43:51+00:00,100660.53,100660.53,
2026-07-29T11:44:51+00:00,100660.53,100660.53,
2026-07-29T11:45:51+00:00,100660.53,100660.53,
2026-07-29T11:46:51+00:00,100660.53,100660.53,
2026-07-29T11:47:52+00:00,100660.53,100660.53,
2026-07-29T11:48:52+00:00,100660.53,100660.53,
2026-07-29T11:49:52+00:00,100660.53,100660.53,
2026-07-29T11:50:52+00:00,100660.53,100660.53,
2026-07-29T11:51:53+00:00,100660.53,100660.53,
2026-07-29T11:52:53+00:00,100660.53,100660.53,
2026-07-29T11:53:53+00:00,100660.53,100660.53,
2026-07-29T11:54:53+00:00,100660.53,100660.53,
2026-07-29T11:55:53+00:00,100660.53,100660.53,
2026-07-29T11:56:54+00:00,100660.53,100660.53,
2026-07-29T11:57:54+00:00,100660.53,100660.53,
2026-07-29T11:58:54+00:00,100660.53,100660.53,
2026-07-29T11:59:54+00:00,100660.53,100660.53,
2026-07-29T12:00:54+00:00,100660.53,100660.53,
2026-07-29T12:01:55+00:00,100660.53,100660.53,
2026-07-29T12:02:55+00:00,100660.53,100660.53,
2026-07-29T12:03:55+00:00,100660.53,100660.53,
2026-07-29T12:04:55+00:00,100660.53,100660.53,
2026-07-29T12:05:56+00:00,100660.53,100660.53,
2026-07-29T12:06:56+00:00,100660.53,100660.53,
2026-07-29T12:07:56+00:00,100660.53,100660.53,
2026-07-29T12:08:56+00:00,100660.53,100660.53,
2026-07-29T12:09:56+00:00,100660.53,100660.53,
2026-07-29T12:10:57+00:00,100660.53,100660.53,
2026-07-29T12:11:57+00:00,100660.53,100660.53,
2026-07-29T12:12:57+00:00,100660.53,100660.53,
2026-07-29T12:13:57+00:00,100660.53,100660.53,
2026-07-29T12:14:57+00:00,100660.53,100660.53,
2026-07-29T12:15:58+00:00,100660.53,100660.53,
2026-07-29T12:16:58+00:00,100660.53,100660.53,
2026-07-29T12:17:58+00:00,100660.53,100660.53,
2026-07-29T12:18:58+00:00,100660.53,100660.53,
2026-07-29T12:19:59+00:00,100660.53,100660.53,
2026-07-29T12:20:59+00:00,100660.53,100660.53,
2026-07-29T12:21:59+00:00,100660.53,100660.53,
2026-07-29T12:22:59+00:00,100660.53,100660.53,
2026-07-29T12:23:59+00:00,100660.53,100660.53,
2026-07-29T12:25:00+00:00,100660.53,100660.53,
2026-07-29T12:26:00+00:00,100660.53,100660.53,
2026-07-29T12:27:00+00:00,100660.53,100660.53,
2026-07-29T12:28:00+00:00,100660.53,100660.53,
2026-07-29T12:29:01+00:00,100660.53,100660.53,
2026-07-29T12:30:01+00:00,100660.53,100660.53,
2026-07-29T12:31:01+00:00,100660.53,100660.53,
2026-07-29T12:32:01+00:00,100660.53,100660.53,
2026-07-29T12:33:01+00:00,100660.53,100660.53,
2026-07-29T12:34:02+00:00,100660.53,100660.53,
2026-07-29T12:35:02+00:00,100660.53,100660.53,
2026-07-29T12:36:02+00:00,100660.53,100660.53,
2026-07-29T12:37:02+00:00,100660.53,100660.53,
2026-07-29T12:38:02+00:00,100660.53,100660.53,
2026-07-29T12:39:03+00:00,100660.53,100660.53,
2026-07-29T12:40:03+00:00,100660.53,100660.53,
2026-07-29T12:41:03+00:00,100660.53,100660.53,
2026-07-29T12:42:03+00:00,100660.53,100660.53,
2026-07-29T12:43:04+00:00,100660.53,100660.53,
2026-07-29T12:44:04+00:00,100660.53,100660.53,
2026-07-29T12:45:04+00:00,100660.53,100660.53,
2026-07-29T12:46:04+00:00,100660.53,100660.53,
2026-07-29T12:47:04+00:00,100660.53,100660.53,
2026-07-29T12:48:05+00:00,100660.53,100660.53,
2026-07-29T12:49:05+00:00,100660.53,100660.53,
2026-07-29T12:50:05+00:00,100660.53,100660.53,
2026-07-29T12:51:05+00:00,100660.53,100660.53,
2026-07-29T12:52:05+00:00,100660.53,100660.53,
2026-07-29T12:53:06+00:00,100660.53,100660.53,
2026-07-29T12:54:06+00:00,100660.53,100660.53,
2026-07-29T12:55:06+00:00,100660.53,100660.53,
2026-07-29T12:56:06+00:00,100660.53,100660.53,
2026-07-29T12:57:07+00:00,100660.53,100660.53,
2026-07-29T12:58:07+00:00,100660.53,100660.53,
2026-07-29T12:59:07+00:00,100660.53,100660.53,
2026-07-29T13:00:07+00:00,100660.53,100660.53,
2026-07-29T13:01:07+00:00,100660.53,100660.53,
2026-07-29T13:02:08+00:00,100660.53,100660.53,
2026-07-29T13:03:08+00:00,100660.53,100660.53,
2026-07-29T13:04:08+00:00,100660.53,100660.53,
2026-07-29T13:05:08+00:00,100660.53,100660.53,
2026-07-29T13:06:09+00:00,100660.53,100660.53,
2026-07-29T13:07:09+00:00,100660.53,100660.53,
2026-07-29T13:08:09+00:00,100660.53,100660.53,
2026-07-29T13:09:09+00:00,100660.53,100660.53,
2026-07-29T13:10:09+00:00,100660.53,100660.53,
2026-07-29T13:11:10+00:00,100660.53,100660.53,
2026-07-29T13:12:10+00:00,100660.53,100660.53,
2026-07-29T13:13:10+00:00,100660.53,100660.53,
2026-07-29T13:14:10+00:00,100660.53,100660.53,
2026-07-29T13:15:10+00:00,100660.53,100660.53,
2026-07-29T13:16:11+00:00,100660.53,100660.53,
2026-07-29T13:17:11+00:00,100660.53,100660.53,
2026-07-29T13:18:11+00:00,100660.53,100660.53,
2026-07-29T13:19:11+00:00,100660.53,100660.53,
2026-07-29T13:20:12+00:00,100660.53,100660.53,
2026-07-29T13:21:12+00:00,100660.53,100660.53,
2026-07-29T13:22:12+00:00,100660.53,100660.53,
2026-07-29T13:23:12+00:00,100660.53,100660.53,
2026-07-29T13:24:12+00:00,100660.53,100660.53,
2026-07-29T13:25:13+00:00,100660.53,100660.53,
2026-07-29T13:26:13+00:00,100660.53,100660.53,
2026-07-29T13:27:13+00:00,100660.53,100660.53,
2026-07-29T13:28:13+00:00,100660.53,100660.53,
2026-07-29T13:29:14+00:00,100660.53,100660.53,
2026-07-29T13:30:14+00:00,100660.53,100660.53,
2026-07-29T13:31:14+00:00,100660.53,100660.53,
2026-07-29T13:32:14+00:00,100660.53,100660.53,
2026-07-29T13:33:14+00:00,100660.53,100660.53,
2026-07-29T13:34:15+00:00,100660.53,100660.53,
2026-07-29T13:35:15+00:00,100660.53,100660.53,
2026-07-29T13:36:15+00:00,100660.53,100660.53,
2026-07-29T13:37:15+00:00,100660.53,100660.53,
2026-07-29T13:38:15+00:00,100660.53,100660.53,
2026-07-29T13:39:16+00:00,100660.53,100660.53,
2026-07-29T13:40:16+00:00,100660.53,100660.53,
2026-07-29T13:41:16+00:00,100660.53,100660.53,
2026-07-29T13:42:16+00:00,100660.53,100660.53,
2026-07-29T13:43:17+00:00,100660.53,100660.53,
2026-07-29T13:44:17+00:00,100660.53,100660.53,
2026-07-29T13:45:17+00:00,100660.53,100660.53,
2026-07-29T13:46:17+00:00,100660.53,100660.53,
2026-07-29T13:47:17+00:00,100660.53,100660.53,
2026-07-29T13:48:18+00:00,100660.53,100660.53,
2026-07-29T13:49:18+00:00,100660.53,100660.53,
2026-07-29T13:50:18+00:00,100660.53,100660.53,
2026-07-29T13:51:18+00:00,100660.53,100660.53,
2026-07-29T13:52:19+00:00,100660.53,100660.53,
2026-07-29T13:53:19+00:00,100660.53,100660.53,
2026-07-29T13:54:19+00:00,100660.53,100660.53,
2026-07-29T13:55:19+00:00,100660.53,100660.53,
2026-07-29T13:56:19+00:00,100660.53,100660.53,
2026-07-29T13:57:20+00:00,100660.53,100660.53,
2026-07-29T13:58:20+00:00,100660.53,100660.53,
2026-07-29T13:59:20+00:00,100660.53,100660.53,
2026-07-29T14:00:20+00:00,100660.53,100660.53,
2026-07-29T14:01:20+00:00,100660.53,100660.53,
2026-07-29T14:02:21+00:00,100660.53,100660.53,
2026-07-29T14:03:21+00:00,100660.53,100660.53,
2026-07-29T14:04:21+00:00,100660.53,100660.53,
2026-07-29T14:05:21+00:00,100660.53,100660.53,
2026-07-29T14:06:22+00:00,100660.53,100660.53,
2026-07-29T14:07:22+00:00,100660.53,100660.53,
2026-07-29T14:08:22+00:00,100660.53,100660.53,
2026-07-29T14:09:22+00:00,100660.53,100660.53,
2026-07-29T14:10:22+00:00,100660.53,100660.53,
2026-07-29T14:11:23+00:00,100660.53,100660.53,
2026-07-29T14:12:23+00:00,100660.53,100660.53,
2026-07-29T14:13:23+00:00,100660.53,100660.53,
2026-07-29T14:14:23+00:00,100660.53,100660.53,
2026-07-29T14:15:24+00:00,100660.53,100660.53,
2026-07-29T14:16:24+00:00,100660.53,100660.53,
2026-07-29T14:17:24+00:00,100660.53,100660.53,
2026-07-29T14:18:24+00:00,100660.53,100660.53,
2026-07-29T14:19:24+00:00,100660.53,100660.53,
2026-07-29T14:20:25+00:00,100660.53,100660.53,
2026-07-29T14:21:25+00:00,100660.53,100660.53,
2026-07-29T14:22:25+00:00,100660.53,100660.53,
2026-07-29T14:23:25+00:00,100660.53,100660.53,
2026-07-29T14:24:26+00:00,100660.53,100660.53,
2026-07-29T14:25:26+00:00,100660.53,100660.53,
2026-07-29T14:26:26+00:00,100660.53,100660.53,
2026-07-29T14:27:26+00:00,100660.53,100660.53,
2026-07-29T14:28:26+00:00,100660.53,100660.53,
2026-07-29T14:29:30+00:00,100660.53,100660.53,
2026-07-29T14:30:30+00:00,100660.53,100660.53,
2026-07-29T14:31:30+00:00,100660.53,100660.53,
2026-07-29T14:32:30+00:00,100660.53,100660.53,
2026-07-29T14:33:31+00:00,100660.53,100660.53,
2026-07-29T14:34:31+00:00,100660.53,100660.53,
2026-07-29T14:35:31+00:00,100660.53,100660.53,
2026-07-29T14:36:31+00:00,100660.53,100660.53,
2026-07-29T14:37:31+00:00,100660.53,100660.53,
2026-07-29T14:38:32+00:00,100660.53,100660.53,
2026-07-29T14:39:32+00:00,100660.53,100660.53,
2026-07-29T14:40:32+00:00,100660.53,100660.53,
2026-07-29T14:41:32+00:00,100660.53,100660.53,
2026-07-29T14:42:33+00:00,100660.53,100660.53,
2026-07-29T14:43:33+00:00,100660.53,100660.53,
2026-07-29T14:44:33+00:00,100660.53,100660.53,
2026-07-29T14:45:33+00:00,100660.53,100660.53,
2026-07-29T14:46:33+00:00,100660.53,100660.53,
2026-07-29T14:47:34+00:00,100660.53,100660.53,
2026-07-29T14:48:34+00:00,100660.53,100660.53,
2026-07-29T14:49:34+00:00,100660.53,100660.53,
2026-07-29T14:50:34+00:00,100660.53,100660.53,
2026-07-29T14:51:35+00:00,100660.53,100660.53,
2026-07-29T14:52:35+00:00,100660.53,100660.53,
2026-07-29T14:53:35+00:00,100660.53,100660.53,
2026-07-29T14:54:35+00:00,100660.53,100660.53,
2026-07-29T14:55:35+00:00,100660.53,100660.53,
2026-07-29T14:56:36+00:00,100660.53,100660.53,
2026-07-29T14:57:36+00:00,100660.53,100660.53,
2026-07-29T14:58:36+00:00,100660.53,100660.53,
2026-07-29T14:59:36+00:00,100660.53,100660.53,
2026-07-29T15:00:36+00:00,100660.53,100660.53,
2026-07-29T15:01:37+00:00,100660.53,100660.53,
2026-07-29T15:02:37+00:00,100660.53,100660.53,
2026-07-29T15:03:37+00:00,100660.53,100660.53,
2026-07-29T15:04:37+00:00,100660.53,100660.53,
2026-07-29T15:05:38+00:00,100660.53,100660.53,
2026-07-29T15:06:38+00:00,100660.53,100660.53,
2026-07-29T15:07:38+00:00,100660.53,100660.53,
2026-07-29T15:08:38+00:00,100660.53,100660.53,
2026-07-29T15:09:38+00:00,100660.53,100660.53,
2026-07-29T15:10:39+00:00,100660.53,100660.53,
2026-07-29T15:11:39+00:00,100660.53,100660.53,
2026-07-29T15:12:39+00:00,100660.53,100660.53,
2026-07-29T15:13:39+00:00,100660.53,100660.53,
2026-07-29T15:14:40+00:00,100660.53,100660.53,
2026-07-29T15:15:40+00:00,100660.53,100660.53,
2026-07-29T15:16:40+00:00,100660.53,100660.53,
2026-07-29T15:17:40+00:00,100660.53,100660.53,
2026-07-29T15:18:40+00:00,100660.53,100660.53,
2026-07-29T15:19:41+00:00,100660.53,100660.53,
2026-07-29T15:20:41+00:00,100660.53,100660.53,
2026-07-29T15:21:41+00:00,100660.53,100660.53,
2026-07-29T15:22:41+00:00,100660.53,100660.53,
2026-07-29T15:23:42+00:00,100660.53,100660.53,
2026-07-29T15:24:42+00:00,100660.53,100660.53,
2026-07-29T15:25:42+00:00,100660.53,100660.53,
2026-07-29T15:26:42+00:00,100660.53,100660.53,
2026-07-29T15:27:42+00:00,100660.53,100660.53,
2026-07-29T15:28:43+00:00,100660.53,100660.53,
2026-07-29T15:29:43+00:00,100660.53,100660.53,
2026-07-29T15:30:43+00:00,100660.53,100660.53,
2026-07-29T15:31:43+00:00,100660.53,100660.53,
2026-07-29T15:32:43+00:00,100660.53,100660.53,
2026-07-29T15:33:44+00:00,100660.53,100660.53,
2026-07-29T15:34:44+00:00,100660.53,100660.53,
2026-07-29T15:35:44+00:00,100660.53,100660.53,
2026-07-29T15:36:44+00:00,100660.53,100660.53,
2026-07-29T15:37:45+00:00,100660.53,100660.53,
2026-07-29T15:38:45+00:00,100660.53,100660.53,
2026-07-29T15:39:45+00:00,100660.53,100660.53,
2026-07-29T15:40:45+00:00,100660.53,100660.53,
2026-07-29T15:41:45+00:00,100660.53,100660.53,
2026-07-29T15:42:46+00:00,100660.53,100660.53,
2026-07-29T15:43:46+00:00,100660.53,100660.53,
2026-07-29T15:44:46+00:00,100660.53,100660.53,
2026-07-29T15:45:46+00:00,100660.53,100660.53,
2026-07-29T15:46:47+00:00,100660.53,100660.53,
2026-07-29T15:47:47+00:00,100660.53,100660.53,
2026-07-29T15:48:47+00:00,100660.53,100660.53,
2026-07-29T15:49:47+00:00,100660.53,100660.53,
2026-07-29T15:50:47+00:00,100660.53,100660.53,
2026-07-29T15:51:48+00:00,100660.53,100660.53,
2026-07-29T15:52:48+00:00,100660.53,100660.53,
2026-07-29T15:53:48+00:00,100660.53,100660.53,
2026-07-29T15:54:48+00:00,100660.53,100660.53,
2026-07-29T15:55:48+00:00,100660.53,100660.53,
2026-07-29T15:56:49+00:00,100660.53,100660.53,
2026-07-29T15:57:49+00:00,100660.53,100660.53,
2026-07-29T15:58:49+00:00,100660.53,100660.53,
2026-07-29T15:59:49+00:00,100660.53,100660.53,
2026-07-29T16:00:50+00:00,100660.53,100660.53,
2026-07-29T16:01:50+00:00,100660.53,100660.53,
2026-07-29T16:02:50+00:00,100660.53,100660.53,
2026-07-29T16:03:50+00:00,100660.53,100660.53,
2026-07-29T16:04:50+00:00,100660.53,100660.53,
2026-07-29T16:05:51+00:00,100660.53,100660.53,
2026-07-29T16:06:51+00:00,100660.53,100660.53,
2026-07-29T16:07:51+00:00,100660.53,100660.53,
2026-07-29T16:08:51+00:00,100660.53,100660.53,
2026-07-29T16:09:52+00:00,100660.53,100660.53,
2026-07-29T16:10:52+00:00,100660.53,100660.53,
2026-07-29T16:11:52+00:00,100660.53,100660.53,
2026-07-29T16:12:52+00:00,100660.53,100660.53,
2026-07-29T16:13:52+00:00,100660.53,100660.53,
2026-07-29T16:14:53+00:00,100660.53,100660.53,
2026-07-29T16:15:53+00:00,100660.53,100660.53,
2026-07-29T16:16:53+00:00,100660.53,100660.53,
2026-07-29T16:17:53+00:00,100660.53,100660.53,
2026-07-29T16:18:53+00:00,100660.53,100660.53,
2026-07-29T16:19:54+00:00,100660.53,100660.53,
2026-07-29T16:20:54+00:00,100660.53,100660.53,
2026-07-29T16:21:54+00:00,100660.53,100660.53,
2026-07-29T16:22:54+00:00,100660.53,100660.53,
2026-07-29T16:23:55+00:00,100660.53,100660.53,
2026-07-29T16:24:55+00:00,100660.53,100660.53,
2026-07-29T16:25:55+00:00,100660.53,100660.53,
2026-07-29T16:26:55+00:00,100660.53,100660.53,
2026-07-29T16:27:55+00:00,100660.53,100660.53,
2026-07-29T16:28:56+00:00,100660.53,100660.53,
2026-07-29T16:29:56+00:00,100660.53,100660.53,
2026-07-29T16:30:56+00:00,100660.53,100660.53,
2026-07-29T16:31:56+00:00,100660.53,100660.53,
2026-07-29T16:32:57+00:00,100660.53,100660.53,
2026-07-29T16:33:57+00:00,100660.53,100660.53,
2026-07-29T16:34:57+00:00,100660.53,100660.53,
2026-07-29T16:35:57+00:00,100660.53,100660.53,
2026-07-29T16:36:57+00:00,100660.53,100660.53,
2026-07-29T16:37:58+00:00,100660.53,100660.53,
2026-07-29T16:38:58+00:00,100660.53,100660.53,
2026-07-29T16:39:58+00:00,100660.53,100660.53,
2026-07-29T16:40:58+00:00,100660.53,100660.53,
2026-07-29T16:41:58+00:00,100660.53,100660.53,
2026-07-29T16:42:59+00:00,100660.53,100660.53,
2026-07-29T16:43:59+00:00,100660.53,100660.53,
2026-07-29T16:44:59+00:00,100660.53,100660.53,
2026-07-29T16:45:59+00:00,100660.53,100660.53,
2026-07-29T16:47:00+00:00,100660.53,100660.53,
2026-07-29T16:48:00+00:00,100660.53,100660.53,
2026-07-29T16:49:00+00:00,100660.53,100660.53,
2026-07-29T16:50:00+00:00,100660.53,100660.53,
2026-07-29T16:51:00+00:00,100660.53,100660.53,
2026-07-29T16:52:01+00:00,100660.53,100660.53,
2026-07-29T16:53:01+00:00,100660.53,100660.53,
2026-07-29T16:54:01+00:00,100660.53,100660.53,
2026-07-29T16:55:01+00:00,100660.53,100660.53,
2026-07-29T16:56:02+00:00,100660.53,100660.53,
2026-07-29T16:57:02+00:00,100660.53,100660.53,
2026-07-29T16:58:02+00:00,100660.53,100660.53,
2026-07-29T16:59:02+00:00,100660.53,100660.53,
2026-07-29T17:00:02+00:00,100660.53,100660.53,
2026-07-29T17:01:03+00:00,100660.53,100660.53,
2026-07-29T17:02:03+00:00,100660.53,100660.53,
2026-07-29T17:03:03+00:00,100660.53,100660.53,
2026-07-29T17:04:03+00:00,100660.53,100660.53,
2026-07-29T17:05:03+00:00,100660.53,100660.53,
2026-07-29T17:06:04+00:00,100660.53,100660.53,
2026-07-29T17:07:04+00:00,100660.53,100660.53,
2026-07-29T17:08:04+00:00,100660.53,100660.53,
2026-07-29T17:09:04+00:00,100660.53,100660.53,
2026-07-29T17:10:05+00:00,100660.53,100660.53,
2026-07-29T17:11:05+00:00,100660.53,100660.53,
2026-07-29T17:12:05+00:00,100660.53,100660.53,
2026-07-29T17:13:05+00:00,100660.53,100660.53,
2026-07-29T17:14:06+00:00,100660.53,100660.53,
2026-07-29T17:15:06+00:00,100660.53,100660.53,
2026-07-29T17:16:06+00:00,100660.53,100660.53,
2026-07-29T17:17:07+00:00,100660.53,100660.53,
2026-07-29T17:18:07+00:00,100660.53,100660.53,
2026-07-29T17:19:07+00:00,100660.53,100660.53,
2026-07-29T17:20:07+00:00,100660.53,100660.53,
2026-07-29T17:21:08+00:00,100660.53,100660.53,
2026-07-29T17:22:08+00:00,100660.53,100660.53,
2026-07-29T17:23:08+00:00,100660.53,100660.53,
2026-07-29T17:24:08+00:00,100660.53,100660.53,
2026-07-29T17:25:08+00:00,100660.53,100660.53,
2026-07-29T17:26:09+00:00,100660.53,100660.53,
2026-07-29T17:27:09+00:00,100660.53,100660.53,
2026-07-29T17:28:09+00:00,100660.53,100660.53,
2026-07-29T17:29:09+00:00,100660.53,100660.53,
2026-07-29T17:30:10+00:00,100660.53,100660.53,
2026-07-29T17:31:10+00:00,100660.53,100660.53,
2026-07-29T17:32:10+00:00,100660.53,100660.53,
2026-07-29T17:33:10+00:00,100660.53,100660.53,
2026-07-29T17:34:10+00:00,100660.53,100660.53,
2026-07-29T17:35:11+00:00,100660.53,100660.53,
2026-07-29T17:36:11+00:00,100660.53,100660.53,
2026-07-29T17:37:11+00:00,100660.53,100660.53,
2026-07-29T17:38:11+00:00,100660.53,100660.53,
2026-07-29T17:39:11+00:00,100660.53,100660.53,
2026-07-29T17:40:12+00:00,100660.53,100660.53,
2026-07-29T17:41:12+00:00,100660.53,100660.53,
2026-07-29T17:42:12+00:00,100660.53,100660.53,
2026-07-29T17:43:12+00:00,100660.53,100660.53,
2026-07-29T17:44:13+00:00,100660.53,100660.53,
2026-07-29T17:45:13+00:00,100660.53,100660.53,
2026-07-29T17:46:13+00:00,100660.53,100660.53,
2026-07-29T17:47:13+00:00,100660.53,100660.53,
2026-07-29T17:48:13+00:00,100660.53,100660.53,
2026-07-29T17:49:14+00:00,100660.53,100660.53,
2026-07-29T17:50:14+00:00,100660.53,100660.53,
2026-07-29T17:51:14+00:00,100660.53,100660.53,
2026-07-29T17:52:14+00:00,100660.53,100660.53,
2026-07-29T17:53:15+00:00,100660.53,100660.53,
2026-07-29T17:54:15+00:00,100660.53,100660.53,
2026-07-29T17:55:15+00:00,100660.53,100660.53,
2026-07-29T17:56:15+00:00,100660.53,100660.53,
2026-07-29T17:57:15+00:00,100660.53,100660.53,
2026-07-29T17:58:16+00:00,100660.53,100660.53,
2026-07-29T17:59:16+00:00,100660.53,100660.53,
2026-07-29T18:00:16+00:00,100660.53,100660.53,
2026-07-29T18:01:16+00:00,100660.53,100660.53,
2026-07-29T18:02:17+00:00,100660.53,100660.53,
2026-07-29T18:03:17+00:00,100660.53,100660.53,
2026-07-29T18:04:17+00:00,100660.53,100660.53,
2026-07-29T18:05:17+00:00,100660.53,100660.53,
2026-07-29T18:06:17+00:00,100660.53,100660.53,
2026-07-29T18:07:18+00:00,100660.53,100660.53,
2026-07-29T18:08:18+00:00,100660.53,100660.53,
2026-07-29T18:09:18+00:00,100660.53,100660.53,
2026-07-29T18:10:18+00:00,100660.53,100660.53,
2026-07-29T18:11:18+00:00,100660.53,100660.53,
2026-07-29T18:12:19+00:00,100660.53,100660.53,
2026-07-29T18:13:19+00:00,100660.53,100660.53,
2026-07-29T18:14:19+00:00,100660.53,100660.53,
2026-07-29T18:15:19+00:00,100660.53,100660.53,
2026-07-29T18:16:20+00:00,100660.53,100660.53,
2026-07-29T18:17:20+00:00,100660.53,100660.53,
2026-07-29T18:18:20+00:00,100660.53,100660.53,
2026-07-29T18:19:20+00:00,100660.53,100660.53,
2026-07-29T18:20:20+00:00,100660.53,100660.53,
2026-07-29T18:21:21+00:00,100660.53,100660.53,
2026-07-29T18:22:21+00:00,100660.53,100660.53,
2026-07-29T18:23:21+00:00,100660.53,100660.53,
2026-07-29T18:24:21+00:00,100660.53,100660.53,
2026-07-29T18:25:21+00:00,100660.53,100660.53,
2026-07-29T18:26:22+00:00,100660.53,100660.53,
2026-07-29T18:27:22+00:00,100660.53,100660.53,
2026-07-29T18:28:22+00:00,100660.53,100660.53,
2026-07-29T18:29:22+00:00,100660.53,100660.53,
2026-07-29T18:30:23+00:00,100660.53,100660.53,
2026-07-29T18:31:23+00:00,100660.53,100660.53,
2026-07-29T18:32:23+00:00,100660.53,100660.53,
2026-07-29T18:33:23+00:00,100660.53,100660.53,
2026-07-29T18:34:23+00:00,100660.53,100660.53,
2026-07-29T18:35:24+00:00,100660.53,100660.53,
2026-07-29T18:36:24+00:00,100660.53,100660.53,
2026-07-29T18:37:24+00:00,100660.53,100660.53,
2026-07-29T18:38:24+00:00,100660.53,100660.53,
2026-07-29T18:39:24+00:00,100660.53,100660.53,
2026-07-29T18:40:25+00:00,100660.53,100660.53,
2026-07-29T18:41:25+00:00,100660.53,100660.53,
2026-07-29T18:42:25+00:00,100660.53,100660.53,
2026-07-29T18:43:25+00:00,100660.53,100660.53,
2026-07-29T18:44:26+00:00,100660.53,100660.53,
2026-07-29T18:45:26+00:00,100660.53,100660.53,
2026-07-29T18:46:26+00:00,100660.53,100660.53,
2026-07-29T18:47:26+00:00,100660.53,100660.53,
2026-07-29T18:48:26+00:00,100660.53,100660.53,
2026-07-29T18:49:27+00:00,100660.53,100660.53,
2026-07-29T18:50:27+00:00,100660.53,100660.53,
2026-07-29T18:51:27+00:00,100660.53,100660.53,
2026-07-29T18:52:27+00:00,100660.53,100660.53,
2026-07-29T18:53:28+00:00,100660.53,100660.53,
2026-07-29T18:54:28+00:00,100660.53,100660.53,
2026-07-29T18:55:28+00:00,100660.53,100660.53,
2026-07-29T18:56:28+00:00,100660.53,100660.53,
2026-07-29T18:57:28+00:00,100660.53,100660.53,
2026-07-29T18:58:29+00:00,100660.53,100660.53,
2026-07-29T18:59:29+00:00,100660.53,100660.53,
2026-07-29T19:00:29+00:00,100660.53,100660.53,
2026-07-29T19:01:29+00:00,100660.53,100660.53,
2026-07-29T19:02:30+00:00,100660.53,100660.53,
2026-07-29T19:03:30+00:00,100660.53,100660.53,
2026-07-29T19:04:30+00:00,100660.53,100660.53,
2026-07-29T19:05:30+00:00,100660.53,100660.53,
2026-07-29T19:06:30+00:00,100660.53,100660.53,
2026-07-29T19:07:31+00:00,100660.53,100660.53,
2026-07-29T19:08:31+00:00,100660.53,100660.53,
2026-07-29T19:09:31+00:00,100660.53,100660.53,
2026-07-29T19:10:31+00:00,100660.53,100660.53,
2026-07-29T19:11:31+00:00,100660.53,100660.53,
2026-07-29T19:12:32+00:00,100660.53,100660.53,
2026-07-29T19:13:32+00:00,100660.53,100660.53,
2026-07-29T19:14:32+00:00,100660.53,100660.53,
2026-07-29T19:15:32+00:00,100660.53,100660.53,
2026-07-29T19:16:33+00:00,100660.53,100660.53,
2026-07-29T19:17:33+00:00,100660.53,100660.53,
2026-07-29T19:18:33+00:00,100660.53,100660.53,
2026-07-29T19:19:33+00:00,100660.53,100660.53,
2026-07-29T19:20:33+00:00,100660.53,100660.53,
2026-07-29T19:21:34+00:00,100660.53,100660.53,
2026-07-29T19:22:34+00:00,100660.53,100660.53,
2026-07-29T19:23:34+00:00,100660.53,100660.53,
2026-07-29T19:24:34+00:00,100660.53,100660.53,
2026-07-29T19:25:35+00:00,100660.53,100660.53,
2026-07-29T19:26:35+00:00,100660.53,100660.53,
2026-07-29T19:27:35+00:00,100660.53,100660.53,
2026-07-29T19:28:35+00:00,100660.53,100660.53,
2026-07-29T19:29:35+00:00,100660.53,100660.53,
2026-07-29T19:30:36+00:00,100660.53,100660.53,
2026-07-29T19:31:36+00:00,100660.53,100660.53,
2026-07-29T19:32:36+00:00,100660.53,100660.53,
2026-07-29T19:33:36+00:00,100660.53,100660.53,
2026-07-29T19:34:36+00:00,100660.53,100660.53,
2026-07-29T19:35:37+00:00,100660.53,100660.53,
2026-07-29T19:36:37+00:00,100660.53,100660.53,
2026-07-29T19:37:37+00:00,100660.53,100660.53,
2026-07-29T19:38:37+00:00,100660.53,100660.53,
2026-07-29T19:39:38+00:00,100660.53,100660.53,
2026-07-29T19:40:38+00:00,100660.53,100660.53,
2026-07-29T19:41:38+00:00,100660.53,100660.53,
2026-07-29T19:42:38+00:00,100660.53,100660.53,
2026-07-29T19:43:38+00:00,100660.53,100660.53,
2026-07-29T19:44:39+00:00,100660.53,100660.53,
2026-07-29T19:45:39+00:00,100660.53,100660.53,
2026-07-29T19:46:39+00:00,100660.53,100660.53,
2026-07-29T19:47:39+00:00,100660.53,100660.53,
2026-07-29T19:48:40+00:00,100660.53,100660.53,
2026-07-29T19:49:40+00:00,100660.53,100660.53,
2026-07-29T19:50:40+00:00,100660.53,100660.53,
2026-07-29T19:51:40+00:00,100660.53,100660.53,
2026-07-29T19:52:40+00:00,100660.53,100660.53,
2026-07-29T19:53:41+00:00,100660.53,100660.53,
2026-07-29T19:54:41+00:00,100660.53,100660.53,
2026-07-29T19:55:41+00:00,100660.53,100660.53,
2026-07-29T19:56:41+00:00,100660.53,100660.53,
2026-07-29T19:57:41+00:00,100660.53,100660.53,
2026-07-29T19:58:42+00:00,100660.53,100660.53,
2026-07-29T19:59:42+00:00,100660.53,100660.53,
2026-07-29T20:00:42+00:00,100660.53,100660.53,
2026-07-29T20:01:42+00:00,100660.53,100660.53,
2026-07-29T20:02:43+00:00,100660.53,100660.53,
2026-07-29T20:03:43+00:00,100660.53,100660.53,
2026-07-29T20:04:43+00:00,100660.53,100660.53,
2026-07-29T20:05:43+00:00,100660.53,100660.53,
2026-07-29T20:06:43+00:00,100660.53,100660.53,
2026-07-29T20:07:44+00:00,100660.53,100660.53,
2026-07-29T20:08:44+00:00,100660.53,100660.53,
2026-07-29T20:09:44+00:00,100660.53,100660.53,
2026-07-29T20:10:44+00:00,100660.53,100660.53,
2026-07-29T20:11:45+00:00,100660.53,100660.53,
2026-07-29T20:12:45+00:00,100660.53,100660.53,
2026-07-29T20:13:45+00:00,100660.53,100660.53,
2026-07-29T20:14:45+00:00,100660.53,100660.53,
2026-07-29T20:15:45+00:00,100660.53,100660.53,
2026-07-29T20:16:46+00:00,100660.53,100660.53,
2026-07-29T20:17:46+00:00,100660.53,100660.53,
2026-07-29T20:18:46+00:00,100660.53,100660.53,
2026-07-29T20:19:46+00:00,100660.53,100660.53,
2026-07-29T20:20:46+00:00,100660.53,100660.53,
2026-07-29T20:21:47+00:00,100660.53,100660.53,
2026-07-29T20:22:47+00:00,100660.53,100660.53,
2026-07-29T20:23:47+00:00,100660.53,100660.53,
2026-07-29T20:24:47+00:00,100660.53,100660.53,
2026-07-29T20:25:48+00:00,100660.53,100660.53,
2026-07-29T20:26:48+00:00,100660.53,100660.53,
2026-07-29T20:27:48+00:00,100660.53,100660.53,
2026-07-29T20:28:48+00:00,100660.53,100660.53,
2026-07-29T20:29:48+00:00,100660.53,100660.53,
2026-07-29T20:30:49+00:00,100660.53,100660.53,
2026-07-29T20:31:49+00:00,100660.53,100660.53,
2026-07-29T20:32:49+00:00,100660.53,100660.53,
2026-07-29T20:33:49+00:00,100660.53,100660.53,
2026-07-29T20:34:49+00:00,100660.53,100660.53,
2026-07-29T20:35:50+00:00,100660.53,100660.53,
2026-07-29T20:36:50+00:00,100660.53,100660.53,
2026-07-29T20:37:50+00:00,100660.53,100660.53,
2026-07-29T20:38:50+00:00,100660.53,100660.53,
2026-07-29T20:39:51+00:00,100660.53,100660.53,
2026-07-29T20:40:51+00:00,100660.53,100660.53,
2026-07-29T20:41:51+00:00,100660.53,100660.53,
2026-07-29T20:42:51+00:00,100660.53,100660.53,
2026-07-29T20:43:51+00:00,100660.53,100660.53,
2026-07-29T20:44:52+00:00,100660.53,100660.53,
2026-07-29T20:45:52+00:00,100660.53,100660.53,
2026-07-29T20:46:52+00:00,100660.53,100660.53,
2026-07-29T20:47:52+00:00,100660.53,100660.53,
2026-07-29T20:48:53+00:00,100660.53,100660.53,
2026-07-29T20:49:53+00:00,100660.53,100660.53,
2026-07-29T20:50:53+00:00,100660.53,100660.53,
2026-07-29T20:51:53+00:00,100660.53,100660.53,
2026-07-29T20:52:53+00:00,100660.53,100660.53,
2026-07-29T20:53:54+00:00,100660.53,100660.53,
2026-07-29T20:54:54+00:00,100660.53,100660.53,
2026-07-29T20:55:54+00:00,100660.53,100660.53,
2026-07-29T20:56:54+00:00,100660.53,100660.53,
2026-07-29T20:57:54+00:00,100660.53,100660.53,
2026-07-29T20:58:55+00:00,100660.53,100660.53,
2026-07-29T20:59:55+00:00,100660.53,100660.53,
2026-07-29T21:00:55+00:00,100660.53,100660.53,
2026-07-29T21:01:55+00:00,100660.53,100660.53,
2026-07-29T21:02:56+00:00,100660.53,100660.53,
2026-07-29T21:03:56+00:00,100660.53,100660.53,
2026-07-29T21:04:56+00:00,100660.53,100660.53,
2026-07-29T21:05:56+00:00,100660.53,100660.53,
2026-07-29T21:06:56+00:00,100660.53,100660.53,
2026-07-29T21:07:57+00:00,100660.53,100660.53,
2026-07-29T21:08:57+00:00,100660.53,100660.53,
2026-07-29T21:09:57+00:00,100660.53,100660.53,
2026-07-29T21:10:57+00:00,100660.53,100660.53,
2026-07-29T21:11:58+00:00,100660.53,100660.53,
2026-07-29T21:12:58+00:00,100660.53,100660.53,
2026-07-29T21:13:58+00:00,100660.53,100660.53,
2026-07-29T21:14:58+00:00,100660.53,100660.53,
2026-07-29T21:15:58+00:00,100660.53,100660.53,
2026-07-29T21:16:59+00:00,100660.53,100660.53,
2026-07-29T21:17:59+00:00,100660.53,100660.53,
2026-07-29T21:18:59+00:00,100660.53,100660.53,
2026-07-29T21:19:59+00:00,100660.53,100660.53,
2026-07-29T21:20:59+00:00,100660.53,100660.53,
2026-07-29T21:22:00+00:00,100660.53,100660.53,
2026-07-29T21:23:00+00:00,100660.53,100660.53,
2026-07-29T21:24:00+00:00,100660.53,100660.53,
2026-07-29T21:25:00+00:00,100660.53,100660.53,
2026-07-29T21:26:01+00:00,100660.53,100660.53,
2026-07-29T21:27:01+00:00,100660.53,100660.53,
2026-07-29T21:28:01+00:00,100660.53,100660.53,
2026-07-29T21:29:01+00:00,100660.53,100660.53,
2026-07-29T21:30:01+00:00,100660.53,100660.53,
2026-07-29T21:31:02+00:00,100660.53,100660.53,
2026-07-29T21:32:02+00:00,100660.53,100660.53,
2026-07-29T21:33:02+00:00,100660.53,100660.53,
2026-07-29T21:34:02+00:00,100660.53,100660.53,
2026-07-29T21:35:03+00:00,100660.53,100660.53,
2026-07-29T21:36:03+00:00,100660.53,100660.53,
2026-07-29T21:37:03+00:00,100660.53,100660.53,
2026-07-29T21:38:03+00:00,100660.53,100660.53,
2026-07-29T21:39:03+00:00,100660.53,100660.53,
2026-07-29T21:40:04+00:00,100660.53,100660.53,
2026-07-29T21:41:04+00:00,100660.53,100660.53,
2026-07-29T21:42:04+00:00,100660.53,100660.53,
2026-07-29T21:43:04+00:00,100660.53,100660.53,
2026-07-29T21:44:04+00:00,100660.53,100660.53,
2026-07-29T21:45:05+00:00,100660.53,100660.53,
2026-07-29T21:46:05+00:00,100660.53,100660.53,
2026-07-29T21:47:05+00:00,100660.53,100660.53,
2026-07-29T21:48:05+00:00,100660.53,100660.53,
2026-07-29T21:49:06+00:00,100660.53,100660.53,
2026-07-29T21:50:06+00:00,100660.53,100660.53,
2026-07-29T21:51:06+00:00,100660.53,100660.53,
2026-07-29T21:52:06+00:00,100660.53,100660.53,
2026-07-29T21:53:06+00:00,100660.53,100660.53,
2026-07-29T21:54:07+00:00,100660.53,100660.53,
2026-07-29T21:55:07+00:00,100660.53,100660.53,
2026-07-29T21:56:08+00:00,100660.53,100660.53,
2026-07-29T21:57:08+00:00,100660.53,100660.53,
2026-07-29T21:58:08+00:00,100660.53,100660.53,
2026-07-29T21:59:08+00:00,100660.53,100660.53,
2026-07-29T22:00:09+00:00,100660.53,100660.53,
2026-07-29T22:01:09+00:00,100660.53,100660.53,
2026-07-29T22:02:09+00:00,100660.53,100660.53,
2026-07-29T22:03:09+00:00,100660.53,100660.53,
2026-07-29T22:04:09+00:00,100660.53,100660.53,
2026-07-29T22:05:10+00:00,100660.53,100660.53,
2026-07-29T22:06:10+00:00,100660.53,100660.53,
2026-07-29T22:07:10+00:00,100660.53,100660.53,
2026-07-29T22:08:10+00:00,100660.53,100660.53,
2026-07-29T22:09:11+00:00,100660.53,100660.53,
2026-07-29T22:10:11+00:00,100660.53,100660.53,
2026-07-29T22:11:11+00:00,100660.53,100660.53,
2026-07-29T22:12:11+00:00,100660.53,100660.53,
2026-07-29T22:13:11+00:00,100660.53,100660.53,
2026-07-29T22:14:12+00:00,100660.53,100660.53,
2026-07-29T22:15:12+00:00,100660.53,100660.53,
2026-07-29T22:16:12+00:00,100660.53,100660.53,
2026-07-29T22:17:12+00:00,100660.53,100660.53,
2026-07-29T22:18:12+00:00,100660.53,100660.53,
2026-07-29T22:19:13+00:00,100660.53,100660.53,
2026-07-29T22:20:13+00:00,100660.53,100660.53,
2026-07-29T22:21:13+00:00,100660.53,100660.53,
2026-07-29T22:22:13+00:00,100660.53,100660.53,
2026-07-29T22:23:14+00:00,100660.53,100660.53,
2026-07-29T22:24:14+00:00,100660.53,100660.53,
2026-07-29T22:25:14+00:00,100660.53,100660.53,
2026-07-29T22:26:14+00:00,100660.53,100660.53,
2026-07-29T22:27:14+00:00,100660.53,100660.53,
2026-07-29T22:28:15+00:00,100660.53,100660.53,
2026-07-29T22:29:15+00:00,100660.53,100660.53,
2026-07-29T22:30:15+00:00,100660.53,100660.53,
2026-07-29T22:31:15+00:00,100660.53,100660.53,
2026-07-29T22:32:16+00:00,100660.53,100660.53,
2026-07-29T22:33:16+00:00,100660.53,100660.53,
2026-07-29T22:34:16+00:00,100660.53,100660.53,
2026-07-29T22:35:16+00:00,100660.53,100660.53,
2026-07-29T22:36:16+00:00,100660.53,100660.53,
2026-07-29T22:37:17+00:00,100660.53,100660.53,
2026-07-29T22:38:17+00:00,100660.53,100660.53,
2026-07-29T22:39:17+00:00,100660.53,100660.53,
2026-07-29T22:40:17+00:00,100660.53,100660.53,
2026-07-29T22:41:17+00:00,100660.53,100660.53,
2026-07-29T22:42:18+00:00,100660.53,100660.53,
2026-07-29T22:43:18+00:00,100660.53,100660.53,
2026-07-29T22:44:18+00:00,100660.53,100660.53,
2026-07-29T22:45:18+00:00,100660.53,100660.53,
2026-07-29T22:46:19+00:00,100660.53,100660.53,
2026-07-29T22:47:19+00:00,100660.53,100660.53,
2026-07-29T22:48:19+00:00,100660.53,100660.53,
2026-07-29T22:49:19+00:00,100660.53,100660.53,
2026-07-29T22:50:19+00:00,100660.53,100660.53,
2026-07-29T22:51:20+00:00,100660.53,100660.53,
2026-07-29T22:52:20+00:00,100660.53,100660.53,
2026-07-29T22:53:20+00:00,100660.53,100660.53,
2026-07-29T22:54:20+00:00,100660.53,100660.53,
2026-07-29T22:55:21+00:00,100660.53,100660.53,
2026-07-29T22:56:21+00:00,100660.53,100660.53,
2026-07-29T22:57:21+00:00,100660.53,100660.53,
2026-07-29T22:58:21+00:00,100660.53,100660.53,
2026-07-29T22:59:21+00:00,100660.53,100660.53,
2026-07-29T23:00:22+00:00,100660.53,100660.53,
2026-07-29T23:01:22+00:00,100660.53,100660.53,
2026-07-29T23:02:22+00:00,100660.53,100660.53,
2026-07-29T23:03:22+00:00,100660.53,100660.53,
2026-07-29T23:04:23+00:00,100660.53,100660.53,
2026-07-29T23:05:23+00:00,100660.53,100660.53,
2026-07-29T23:06:23+00:00,100660.53,100660.53,
2026-07-29T23:07:23+00:00,100660.53,100660.53,
2026-07-29T23:08:23+00:00,100660.53,100660.53,
2026-07-29T23:09:24+00:00,100660.53,100660.53,
2026-07-29T23:10:24+00:00,100660.53,100660.53,
2026-07-29T23:11:24+00:00,100660.53,100660.53,
2026-07-29T23:12:24+00:00,100660.53,100660.53,
2026-07-29T23:13:24+00:00,100660.53,100660.53,
2026-07-29T23:14:25+00:00,100660.53,100660.53,
2026-07-29T23:15:25+00:00,100660.53,100660.53,
2026-07-29T23:16:25+00:00,100660.53,100660.53,
2026-07-29T23:17:25+00:00,100660.53,100660.53,
2026-07-29T23:18:26+00:00,100660.53,100660.53,
2026-07-29T23:19:26+00:00,100660.53,100660.53,
2026-07-29T23:20:26+00:00,100660.53,100660.53,
2026-07-29T23:21:26+00:00,100660.53,100660.53,
2026-07-29T23:22:26+00:00,100660.53,100660.53,
2026-07-29T23:23:27+00:00,100660.53,100660.53,
2026-07-29T23:24:27+00:00,100660.53,100660.53,
2026-07-29T23:25:27+00:00,100660.53,100660.53,
2026-07-29T23:26:27+00:00,100660.53,100660.53,
2026-07-29T23:27:27+00:00,100660.53,100660.53,
2026-07-29T23:28:28+00:00,100660.53,100660.53,
2026-07-29T23:29:28+00:00,100660.53,100660.53,
2026-07-29T23:30:28+00:00,100660.53,100660.53,
2026-07-29T23:31:28+00:00,100660.53,100660.53,
2026-07-29T23:32:29+00:00,100660.53,100660.53,
2026-07-29T23:33:29+00:00,100660.53,100660.53,
2026-07-29T23:34:29+00:00,100660.53,100660.53,
2026-07-29T23:35:29+00:00,100660.53,100660.53,
2026-07-29T23:36:29+00:00,100660.53,100660.53,
2026-07-29T23:37:30+00:00,100660.53,100660.53,
2026-07-29T23:38:30+00:00,100660.53,100660.53,
2026-07-29T23:39:30+00:00,100660.53,100660.53,
2026-07-29T23:40:30+00:00,100660.53,100660.53,
2026-07-29T23:41:30+00:00,100660.53,100660.53,
2026-07-29T23:42:31+00:00,100660.53,100660.53,
2026-07-29T23:43:31+00:00,100660.53,100660.53,
2026-07-29T23:44:31+00:00,100660.53,100660.53,
2026-07-29T23:45:31+00:00,100660.53,100660.53,
2026-07-29T23:46:32+00:00,100660.53,100660.53,
2026-07-29T23:47:32+00:00,100660.53,100660.53,
2026-07-29T23:48:32+00:00,100660.53,100660.53,
2026-07-29T23:49:32+00:00,100660.53,100660.53,
2026-07-29T23:50:32+00:00,100660.53,100660.53,
2026-07-29T23:51:33+00:00,100660.53,100660.53,
2026-07-29T23:52:33+00:00,100660.53,100660.53,
2026-07-29T23:53:33+00:00,100660.53,100660.53,
2026-07-29T23:54:33+00:00,100660.53,100660.53,
2026-07-29T23:55:33+00:00,100660.53,100660.53,
2026-07-29T23:56:34+00:00,100660.53,100660.53,
2026-07-29T23:57:34+00:00,100660.53,100660.53,
2026-07-29T23:58:34+00:00,100660.53,100660.53,
2026-07-29T23:59:34+00:00,100660.53,100660.53,
2026-07-30T00:00:34+00:00,100660.53,100660.53,
2026-07-30T00:01:35+00:00,100660.53,100660.53,
2026-07-30T00:02:35+00:00,100660.53,100660.53,
2026-07-30T00:03:35+00:00,100660.53,100660.53,
2026-07-30T00:04:35+00:00,100660.53,100660.53,
2026-07-30T00:05:36+00:00,100660.53,100660.53,
2026-07-30T00:06:36+00:00,100660.53,100660.53,
2026-07-30T00:07:36+00:00,100660.53,100660.53,
2026-07-30T00:08:36+00:00,100660.53,100660.53,
2026-07-30T00:09:36+00:00,100660.53,100660.53,
2026-07-30T00:10:37+00:00,100660.53,100660.53,
2026-07-30T00:11:37+00:00,100660.53,100660.53,
2026-07-30T00:12:37+00:00,100660.53,100660.53,
2026-07-30T00:13:37+00:00,100660.53,100660.53,
2026-07-30T00:14:37+00:00,100660.53,100660.53,
2026-07-30T00:15:38+00:00,100660.53,100660.53,
2026-07-30T00:16:38+00:00,100660.53,100660.53,
2026-07-30T00:17:38+00:00,100660.53,100660.53,
2026-07-30T00:18:38+00:00,100660.53,100660.53,
2026-07-30T00:19:39+00:00,100660.53,100660.53,
2026-07-30T00:20:39+00:00,100660.53,100660.53,
2026-07-30T00:21:39+00:00,100660.53,100660.53,
2026-07-30T00:22:39+00:00,100660.53,100660.53,
2026-07-30T00:23:39+00:00,100660.53,100660.53,
2026-07-30T00:24:40+00:00,100660.53,100660.53,
2026-07-30T00:25:40+00:00,100660.53,100660.53,
2026-07-30T00:26:40+00:00,100660.53,100660.53,
2026-07-30T00:27:40+00:00,100660.53,100660.53,
2026-07-30T00:28:40+00:00,100660.53,100660.53,
2026-07-30T00:29:41+00:00,100660.53,100660.53,
2026-07-30T00:30:41+00:00,100660.53,100660.53,
2026-07-30T00:31:41+00:00,100660.53,100660.53,
2026-07-30T00:32:41+00:00,100660.53,100660.53,
2026-07-30T00:33:41+00:00,100660.53,100660.53,
2026-07-30T00:34:42+00:00,100660.53,100660.53,
2026-07-30T00:35:42+00:00,100660.53,100660.53,
2026-07-30T00:36:42+00:00,100660.53,100660.53,
2026-07-30T00:37:42+00:00,100660.53,100660.53,
2026-07-30T00:38:43+00:00,100660.53,100660.53,
2026-07-30T00:39:43+00:00,100660.53,100660.53,
2026-07-30T00:40:43+00:00,100660.53,100660.53,
2026-07-30T00:41:43+00:00,100660.53,100660.53,
2026-07-30T00:42:43+00:00,100660.53,100660.53,
2026-07-30T00:43:44+00:00,100660.53,100660.53,
2026-07-30T00:44:44+00:00,100660.53,100660.53,
2026-07-30T00:45:44+00:00,100660.53,100660.53,
2026-07-30T00:46:44+00:00,100660.53,100660.53,
2026-07-30T00:47:44+00:00,100660.53,100660.53,
2026-07-30T00:48:45+00:00,100660.53,100660.53,
2026-07-30T00:49:45+00:00,100660.53,100660.53,
2026-07-30T00:50:45+00:00,100660.53,100660.53,
2026-07-30T00:51:45+00:00,100660.53,100660.53,
2026-07-30T00:52:46+00:00,100660.53,100660.53,
2026-07-30T00:53:46+00:00,100660.53,100660.53,
2026-07-30T00:54:46+00:00,100660.53,100660.53,
2026-07-30T00:55:46+00:00,100660.53,100660.53,
2026-07-30T00:56:46+00:00,100660.53,100660.53,
2026-07-30T00:57:47+00:00,100660.53,100660.53,
2026-07-30T00:58:47+00:00,100660.53,100660.53,
2026-07-30T00:59:47+00:00,100660.53,100660.53,
2026-07-30T01:00:47+00:00,100660.53,100660.53,
2026-07-30T01:01:48+00:00,100660.53,100660.53,
2026-07-30T01:02:48+00:00,100660.53,100660.53,
2026-07-30T01:03:48+00:00,100660.53,100660.53,
2026-07-30T01:04:48+00:00,100660.53,100660.53,
2026-07-30T01:05:48+00:00,100660.53,100660.53,
2026-07-30T01:06:49+00:00,100660.53,100660.53,
2026-07-30T01:07:49+00:00,100660.53,100660.53,
2026-07-30T01:08:49+00:00,100660.53,100660.53,
2026-07-30T01:09:49+00:00,100660.53,100660.53,
2026-07-30T01:10:49+00:00,100660.53,100660.53,
2026-07-30T01:11:50+00:00,100660.53,100660.53,
2026-07-30T01:12:50+00:00,100660.53,100660.53,
2026-07-30T01:13:50+00:00,100660.53,100660.53,
2026-07-30T01:14:50+00:00,100660.53,100660.53,
2026-07-30T01:15:50+00:00,100660.53,100660.53,
2026-07-30T01:16:51+00:00,100660.53,100660.53,
2026-07-30T01:17:51+00:00,100660.53,100660.53,
2026-07-30T01:18:51+00:00,100660.53,100660.53,
2026-07-30T01:19:51+00:00,100660.53,100660.53,
2026-07-30T01:20:52+00:00,100660.53,100660.53,
2026-07-30T01:21:52+00:00,100660.53,100660.53,
2026-07-30T01:22:52+00:00,100660.53,100660.53,
2026-07-30T01:23:52+00:00,100660.53,100660.53,
2026-07-30T01:24:52+00:00,100660.53,100660.53,
2026-07-30T01:25:53+00:00,100660.53,100660.53,
2026-07-30T01:26:53+00:00,100660.53,100660.53,
2026-07-30T01:27:53+00:00,100660.53,100660.53,
2026-07-30T01:28:53+00:00,100660.53,100660.53,
2026-07-30T01:29:54+00:00,100660.53,100660.53,
2026-07-30T01:30:54+00:00,100660.53,100660.53,
2026-07-30T01:31:54+00:00,100660.53,100660.53,
2026-07-30T01:32:54+00:00,100660.53,100660.53,
2026-07-30T01:33:54+00:00,100660.53,100660.53,
2026-07-30T01:34:55+00:00,100660.53,100660.53,
2026-07-30T01:35:55+00:00,100660.53,100660.53,
2026-07-30T01:36:55+00:00,100660.53,100660.53,
2026-07-30T01:37:55+00:00,100660.53,100660.53,
2026-07-30T01:38:56+00:00,100660.53,100660.53,
2026-07-30T01:39:56+00:00,100660.53,100660.53,
2026-07-30T01:40:56+00:00,100660.53,100660.53,
2026-07-30T01:41:56+00:00,100660.53,100660.53,
2026-07-30T01:42:56+00:00,100660.53,100660.53,
2026-07-30T01:43:57+00:00,100660.53,100660.53,
2026-07-30T01:44:57+00:00,100660.53,100660.53,
2026-07-30T01:45:57+00:00,100660.53,100660.53,
2026-07-30T01:46:57+00:00,100660.53,100660.53,
2026-07-30T01:47:58+00:00,100660.53,100660.53,
2026-07-30T01:48:58+00:00,100660.53,100660.53,
2026-07-30T01:49:58+00:00,100660.53,100660.53,
2026-07-30T01:50:58+00:00,100660.53,100660.53,
2026-07-30T01:51:58+00:00,100660.53,100660.53,
2026-07-30T01:52:59+00:00,100660.53,100660.53,
2026-07-30T01:53:59+00:00,100660.53,100660.53,
2026-07-30T01:54:59+00:00,100660.53,100660.53,
2026-07-30T01:55:59+00:00,100660.53,100660.53,
2026-07-30T01:57:00+00:00,100660.53,100660.53,
2026-07-30T01:58:00+00:00,100660.53,100660.53,
2026-07-30T01:59:00+00:00,100660.53,100660.53,
2026-07-30T02:00:00+00:00,100660.53,100660.53,
2026-07-30T02:01:00+00:00,100660.53,100660.53,
2026-07-30T02:02:01+00:00,100660.53,100660.53,
2026-07-30T02:03:01+00:00,100660.53,100660.53,
2026-07-30T02:04:01+00:00,100660.53,100660.53,
2026-07-30T02:05:01+00:00,100660.53,100660.53,
2026-07-30T02:06:01+00:00,100660.53,100660.53,
2026-07-30T02:07:02+00:00,100660.53,100660.53,
2026-07-30T02:08:02+00:00,100660.53,100660.53,
2026-07-30T02:09:02+00:00,100660.53,100660.53,
2026-07-30T02:10:02+00:00,100660.53,100660.53,
2026-07-30T02:11:03+00:00,100660.53,100660.53,
2026-07-30T02:12:03+00:00,100660.53,100660.53,
2026-07-30T02:13:03+00:00,100660.53,100660.53,
2026-07-30T02:14:03+00:00,100660.53,100660.53,
2026-07-30T02:15:03+00:00,100660.53,100660.53,
2026-07-30T02:16:04+00:00,100660.53,100660.53,
2026-07-30T02:17:04+00:00,100660.53,100660.53,
2026-07-30T02:18:04+00:00,100660.53,100660.53,
2026-07-30T02:19:04+00:00,100660.53,100660.53,
2026-07-30T02:20:05+00:00,100660.53,100660.53,
2026-07-30T02:21:05+00:00,100660.53,100660.53,
2026-07-30T02:22:05+00:00,100660.53,100660.53,
2026-07-30T02:23:05+00:00,100660.53,100660.53,
2026-07-30T02:24:05+00:00,100660.53,100660.53,
2026-07-30T02:25:06+00:00,100660.53,100660.53,
2026-07-30T02:26:06+00:00,100660.53,100660.53,
2026-07-30T02:27:06+00:00,100660.53,100660.53,
2026-07-30T02:28:06+00:00,100660.53,100660.53,
2026-07-30T02:29:07+00:00,100660.53,100660.53,
2026-07-30T02:30:07+00:00,100660.53,100660.53,
2026-07-30T02:31:07+00:00,100660.53,100660.53,
2026-07-30T02:32:07+00:00,100660.53,100660.53,
2026-07-30T02:33:07+00:00,100660.53,100660.53,
2026-07-30T02:34:08+00:00,100660.53,100660.53,
2026-07-30T02:35:08+00:00,100660.53,100660.53,
2026-07-30T02:36:08+00:00,100660.53,100660.53,
2026-07-30T02:37:08+00:00,100660.53,100660.53,
2026-07-30T02:38:08+00:00,100660.53,100660.53,
2026-07-30T02:39:09+00:00,100660.53,100660.53,
2026-07-30T02:40:09+00:00,100660.53,100660.53,
2026-07-30T02:41:09+00:00,100660.53,100660.53,
2026-07-30T02:42:09+00:00,100660.53,100660.53,
2026-07-30T02:43:10+00:00,100660.53,100660.53,
2026-07-30T02:44:10+00:00,100660.53,100660.53,
2026-07-30T02:45:10+00:00,100660.53,100660.53,
2026-07-30T02:46:10+00:00,100660.53,100660.53,
2026-07-30T02:47:10+00:00,100660.53,100660.53,
2026-07-30T02:48:11+00:00,100660.53,100660.53,
2026-07-30T02:49:11+00:00,100660.53,100660.53,
2026-07-30T02:50:11+00:00,100660.53,100660.53,
2026-07-30T02:51:11+00:00,100660.53,100660.53,
2026-07-30T02:52:12+00:00,100660.53,100660.53,
2026-07-30T02:53:12+00:00,100660.53,100660.53,
2026-07-30T02:54:12+00:00,100660.53,100660.53,
2026-07-30T02:55:12+00:00,100660.53,100660.53,
2026-07-30T02:56:12+00:00,100660.53,100660.53,
2026-07-30T02:57:13+00:00,100660.53,100660.53,
2026-07-30T02:58:13+00:00,100660.53,100660.53,
2026-07-30T02:59:13+00:00,100660.53,100660.53,
2026-07-30T03:00:13+00:00,100660.53,100660.53,
2026-07-30T03:01:13+00:00,100660.53,100660.53,
2026-07-30T03:02:14+00:00,100660.53,100660.53,
2026-07-30T03:03:14+00:00,100660.53,100660.53,
2026-07-30T03:04:14+00:00,100660.53,100660.53,
2026-07-30T03:05:14+00:00,100660.53,100660.53,
2026-07-30T03:06:14+00:00,100660.53,100660.53,
2026-07-30T03:07:15+00:00,100660.53,100660.53,
2026-07-30T03:08:15+00:00,100660.53,100660.53,
2026-07-30T03:09:15+00:00,100660.53,100660.53,
2026-07-30T03:10:15+00:00,100660.53,100660.53,
2026-07-30T03:11:16+00:00,100660.53,100660.53,
2026-07-30T03:12:16+00:00,100660.53,100660.53,
2026-07-30T03:13:16+00:00,100660.53,100660.53,
2026-07-30T03:14:16+00:00,100660.53,100660.53,
2026-07-30T03:15:16+00:00,100660.53,100660.53,
2026-07-30T03:16:17+00:00,100660.53,100660.53,
2026-07-30T03:17:17+00:00,100660.53,100660.53,
2026-07-30T03:18:17+00:00,100660.53,100660.53,
2026-07-30T03:19:17+00:00,100660.53,100660.53,
2026-07-30T03:20:17+00:00,100660.53,100660.53,
2026-07-30T03:21:18+00:00,100660.53,100660.53,
2026-07-30T03:22:18+00:00,100660.53,100660.53,
2026-07-30T03:23:18+00:00,100660.53,100660.53,
2026-07-30T03:24:18+00:00,100660.53,100660.53,
2026-07-30T03:25:18+00:00,100660.53,100660.53,
2026-07-30T03:26:19+00:00,100660.53,100660.53,
2026-07-30T03:27:19+00:00,100660.53,100660.53,
2026-07-30T03:28:19+00:00,100660.53,100660.53,
2026-07-30T03:29:19+00:00,100660.53,100660.53,
2026-07-30T03:30:20+00:00,100660.53,100660.53,
2026-07-30T03:31:20+00:00,100660.53,100660.53,
2026-07-30T03:32:20+00:00,100660.53,100660.53,
2026-07-30T03:33:20+00:00,100660.53,100660.53,
2026-07-30T03:34:20+00:00,100660.53,100660.53,
2026-07-30T03:35:21+00:00,100660.53,100660.53,
2026-07-30T03:36:21+00:00,100660.53,100660.53,
2026-07-30T03:37:21+00:00,100660.53,100660.53,
2026-07-30T03:38:21+00:00,100660.53,100660.53,
2026-07-30T03:39:21+00:00,100660.53,100660.53,
2026-07-30T03:40:22+00:00,100660.53,100660.53,
2026-07-30T03:41:22+00:00,100660.53,100660.53,
2026-07-30T03:42:22+00:00,100660.53,100660.53,
2026-07-30T03:43:22+00:00,100660.53,100660.53,
2026-07-30T03:44:22+00:00,100660.53,100660.53,
2026-07-30T03:45:23+00:00,100660.53,100660.53,
2026-07-30T03:46:23+00:00,100660.53,100660.53,
2026-07-30T03:47:23+00:00,100660.53,100660.53,
2026-07-30T03:48:23+00:00,100660.53,100660.53,
2026-07-30T03:49:24+00:00,100660.53,100660.53,
2026-07-30T03:50:24+00:00,100660.53,100660.53,
2026-07-30T03:51:24+00:00,100660.53,100660.53,
2026-07-30T03:52:24+00:00,100660.53,100660.53,
2026-07-30T03:53:24+00:00,100660.53,100660.53,
2026-07-30T03:54:25+00:00,100660.53,100660.53,
2026-07-30T03:55:26+00:00,100660.53,100660.53,
2026-07-30T03:56:26+00:00,100660.53,100660.53,
2026-07-30T03:57:26+00:00,100660.53,100660.53,
2026-07-30T03:58:26+00:00,100660.53,100660.53,
2026-07-30T03:59:26+00:00,100660.53,100660.53,
2026-07-30T04:00:27+00:00,100660.53,100660.53,
2026-07-30T04:01:27+00:00,100660.53,100660.53,
2026-07-30T04:02:27+00:00,100660.53,100660.53,
2026-07-30T04:03:27+00:00,100660.53,100660.53,
2026-07-30T04:04:28+00:00,100660.53,100660.53,
2026-07-30T04:05:28+00:00,100660.53,100660.53,
2026-07-30T04:06:28+00:00,100660.53,100660.53,
2026-07-30T04:07:28+00:00,100660.53,100660.53,
2026-07-30T04:08:28+00:00,100660.53,100660.53,
2026-07-30T04:09:29+00:00,100660.53,100660.53,
2026-07-30T04:10:29+00:00,100660.53,100660.53,
2026-07-30T04:11:29+00:00,100660.53,100660.53,
2026-07-30T04:12:29+00:00,100660.53,100660.53,
2026-07-30T04:13:30+00:00,100660.53,100660.53,
2026-07-30T04:14:30+00:00,100660.53,100660.53,
2026-07-30T04:15:30+00:00,100660.53,100660.53,
2026-07-30T04:16:30+00:00,100660.53,100660.53,
2026-07-30T04:17:30+00:00,100660.53,100660.53,
2026-07-30T04:18:31+00:00,100660.53,100660.53,
2026-07-30T04:19:31+00:00,100660.53,100660.53,
2026-07-30T04:20:31+00:00,100660.53,100660.53,
2026-07-30T04:21:31+00:00,100660.53,100660.53,
2026-07-30T04:22:32+00:00,100660.53,100660.53,
2026-07-30T04:23:32+00:00,100660.53,100660.53,
2026-07-30T04:24:32+00:00,100660.53,100660.53,
2026-07-30T04:25:32+00:00,100660.53,100660.53,
2026-07-30T04:26:32+00:00,100660.53,100660.53,
2026-07-30T04:27:33+00:00,100660.53,100660.53,
2026-07-30T04:28:33+00:00,100660.53,100660.53,
2026-07-30T04:29:33+00:00,100660.53,100660.53,
2026-07-30T04:30:33+00:00,100660.53,100660.53,
2026-07-30T04:31:34+00:00,100660.53,100660.53,
2026-07-30T04:32:34+00:00,100660.53,100660.53,
2026-07-30T04:33:34+00:00,100660.53,100660.53,
2026-07-30T04:34:34+00:00,100660.53,100660.53,
2026-07-30T04:35:34+00:00,100660.53,100660.53,
2026-07-30T04:36:35+00:00,100660.53,100660.53,
2026-07-30T04:37:35+00:00,100660.53,100660.53,
2026-07-30T04:38:35+00:00,100660.53,100660.53,
2026-07-30T04:39:35+00:00,100660.53,100660.53,
2026-07-30T04:40:35+00:00,100660.53,100660.53,
2026-07-30T04:41:36+00:00,100660.53,100660.53,
2026-07-30T04:42:36+00:00,100660.53,100660.53,
2026-07-30T04:43:36+00:00,100660.53,100660.53,
2026-07-30T04:44:36+00:00,100660.53,100660.53,
2026-07-30T04:45:37+00:00,100660.53,100660.53,
2026-07-30T04:46:37+00:00,100660.53,100660.53,
2026-07-30T04:47:37+00:00,100660.53,100660.53,
2026-07-30T04:48:37+00:00,100660.53,100660.53,
2026-07-30T04:49:37+00:00,100660.53,100660.53,
2026-07-30T04:50:38+00:00,100660.53,100660.53,
2026-07-30T04:51:38+00:00,100660.53,100660.53,
2026-07-30T04:52:38+00:00,100660.53,100660.53,
2026-07-30T04:53:38+00:00,100660.53,100660.53,
2026-07-30T04:54:39+00:00,100660.53,100660.53,
2026-07-30T04:55:39+00:00,100660.53,100660.53,
2026-07-30T04:56:39+00:00,100660.53,100660.53,
2026-07-30T04:57:39+00:00,100660.53,100660.53,
2026-07-30T04:58:39+00:00,100660.53,100660.53,
2026-07-30T04:59:40+00:00,100660.53,100660.53,
2026-07-30T05:00:40+00:00,100660.53,100660.53,
2026-07-30T05:01:40+00:00,100660.53,100660.53,
2026-07-30T05:02:40+00:00,100660.53,100660.53,
2026-07-30T05:03:41+00:00,100660.53,100660.53,
2026-07-30T05:04:41+00:00,100660.53,100660.53,
2026-07-30T05:05:41+00:00,100660.53,100660.53,
2026-07-30T05:06:41+00:00,100660.53,100660.53,
2026-07-30T05:07:41+00:00,100660.53,100660.53,
2026-07-30T05:08:42+00:00,100660.53,100660.53,
2026-07-30T05:09:42+00:00,100660.53,100660.53,
2026-07-30T05:10:42+00:00,100660.53,100660.53,
2026-07-30T05:11:42+00:00,100660.53,100660.53,
2026-07-30T05:12:43+00:00,100660.53,100660.53,
2026-07-30T05:13:43+00:00,100660.53,100660.53,
2026-07-30T05:14:43+00:00,100660.53,100660.53,
2026-07-30T05:15:43+00:00,100660.53,100660.53,
2026-07-30T05:16:43+00:00,100660.53,100660.53,
2026-07-30T05:17:44+00:00,100660.53,100660.53,
2026-07-30T05:18:44+00:00,100660.53,100660.53,
2026-07-30T05:19:44+00:00,100660.53,100660.53,
2026-07-30T05:20:44+00:00,100660.53,100660.53,
2026-07-30T05:21:44+00:00,100660.53,100660.53,
2026-07-30T05:22:45+00:00,100660.53,100660.53,
2026-07-30T05:23:45+00:00,100660.53,100660.53,
2026-07-30T05:24:45+00:00,100660.53,100660.53,
2026-07-30T05:25:45+00:00,100660.53,100660.53,
2026-07-30T05:26:46+00:00,100660.53,100660.53,
2026-07-30T05:27:46+00:00,100660.53,100660.53,
2026-07-30T05:28:46+00:00,100660.53,100660.53,
2026-07-30T05:29:46+00:00,100660.53,100660.53,
2026-07-30T05:30:46+00:00,100660.53,100660.53,
2026-07-30T05:31:47+00:00,100660.53,100660.53,
2026-07-30T05:32:47+00:00,100660.53,100660.53,
2026-07-30T05:33:47+00:00,100660.53,100660.53,
2026-07-30T05:34:47+00:00,100660.53,100660.53,
2026-07-30T05:35:47+00:00,100660.53,100660.53,
2026-07-30T05:36:48+00:00,100660.53,100660.53,
2026-07-30T05:37:48+00:00,100660.53,100660.53,
2026-07-30T05:38:48+00:00,100660.53,100660.53,
2026-07-30T05:39:48+00:00,100660.53,100660.53,
2026-07-30T05:40:49+00:00,100660.53,100660.53,
2026-07-30T05:41:49+00:00,100660.53,100660.53,
2026-07-30T05:42:49+00:00,100660.53,100660.53,
2026-07-30T05:43:49+00:00,100660.53,100660.53,
2026-07-30T05:44:49+00:00,100660.53,100660.53,
2026-07-30T05:45:50+00:00,100660.53,100660.53,
2026-07-30T05:46:50+00:00,100660.53,100660.53,
2026-07-30T05:47:50+00:00,100660.53,100660.53,
2026-07-30T05:48:50+00:00,100660.53,100660.53,
2026-07-30T05:49:50+00:00,100660.53,100660.53,
2026-07-30T05:50:51+00:00,100660.53,100660.53,
2026-07-30T05:51:51+00:00,100660.53,100660.53,
2026-07-30T05:52:51+00:00,100660.53,100660.53,
2026-07-30T05:53:51+00:00,100660.53,100660.53,
2026-07-30T05:54:51+00:00,100660.53,100660.53,
2026-07-30T05:55:52+00:00,100660.53,100660.53,
2026-07-30T05:56:52+00:00,100660.53,100660.53,
2026-07-30T05:57:52+00:00,100660.53,100660.53,
2026-07-30T05:58:52+00:00,100660.53,100660.53,
2026-07-30T05:59:53+00:00,100660.53,100660.53,
2026-07-30T06:00:53+00:00,100660.53,100660.53,
2026-07-30T06:01:53+00:00,100660.53,100660.53,
2026-07-30T06:02:53+00:00,100660.53,100660.53,
2026-07-30T06:03:53+00:00,100660.53,100660.53,
2026-07-30T06:04:54+00:00,100660.53,100660.53,
2026-07-30T06:05:54+00:00,100660.53,100660.53,
2026-07-30T06:06:54+00:00,100660.53,100660.53,
2026-07-30T06:07:54+00:00,100660.53,100660.53,
2026-07-30T06:08:54+00:00,100660.53,100660.53,
2026-07-30T06:09:55+00:00,100660.53,100660.53,
2026-07-30T06:10:55+00:00,100660.53,100660.53,
2026-07-30T06:11:55+00:00,100660.53,100660.53,
2026-07-30T06:12:55+00:00,100660.53,100660.53,
2026-07-30T06:13:56+00:00,100660.53,100660.53,
2026-07-30T06:14:56+00:00,100660.53,100660.53,
2026-07-30T06:15:56+00:00,100660.53,100660.53,
2026-07-30T06:16:56+00:00,100660.53,100660.53,
2026-07-30T06:17:56+00:00,100660.53,100660.53,
2026-07-30T06:18:57+00:00,100660.53,100660.53,
2026-07-30T06:19:57+00:00,100660.53,100660.53,
2026-07-30T06:20:57+00:00,100660.53,100660.53,
2026-07-30T06:21:57+00:00,100660.53,100660.53,
2026-07-30T06:22:57+00:00,100660.53,100660.53,
2026-07-30T06:23:58+00:00,100660.53,100660.53,
2026-07-30T06:24:58+00:00,100660.53,100660.53,
2026-07-30T06:25:58+00:00,100660.53,100660.53,
2026-07-30T06:26:58+00:00,100660.53,100660.53,
2026-07-30T06:27:59+00:00,100660.53,100660.53,
2026-07-30T06:28:59+00:00,100660.53,100660.53,
2026-07-30T06:29:59+00:00,100660.53,100660.53,
2026-07-30T06:30:59+00:00,100660.53,100660.53,
2026-07-30T06:31:59+00:00,100660.53,100660.53,
2026-07-30T06:33:00+00:00,100660.53,100660.53,
2026-07-30T06:34:00+00:00,100660.53,100660.53,
2026-07-30T06:35:00+00:00,100660.53,100660.53,
2026-07-30T06:36:00+00:00,100660.53,100660.53,
2026-07-30T06:37:00+00:00,100660.53,100660.53,
2026-07-30T06:38:01+00:00,100660.53,100660.53,
2026-07-30T06:39:01+00:00,100660.53,100660.53,
2026-07-30T06:40:01+00:00,100660.53,100660.53,
2026-07-30T06:41:01+00:00,100660.53,100660.53,
2026-07-30T06:42:02+00:00,100660.53,100660.53,
2026-07-30T06:43:02+00:00,100660.53,100660.53,
2026-07-30T06:44:02+00:00,100660.53,100660.53,
2026-07-30T06:45:02+00:00,100660.53,100660.53,
2026-07-30T06:46:02+00:00,100660.53,100660.53,
2026-07-30T06:47:03+00:00,100660.53,100660.53,
2026-07-30T06:48:03+00:00,100660.53,100660.53,
2026-07-30T06:49:03+00:00,100660.53,100660.53,
2026-07-30T06:50:03+00:00,100660.53,100660.53,
2026-07-30T06:51:04+00:00,100660.53,100660.53,
2026-07-30T06:52:04+00:00,100660.53,100660.53,
2026-07-30T06:53:04+00:00,100660.53,100660.53,
2026-07-30T06:54:04+00:00,100660.53,100660.53,
2026-07-30T06:55:04+00:00,100660.53,100660.53,
2026-07-30T06:56:05+00:00,100660.53,100660.53,
2026-07-30T06:57:05+00:00,100660.53,100660.53,
2026-07-30T06:58:05+00:00,100660.53,100660.53,
2026-07-30T06:59:05+00:00,100660.53,100660.53,
2026-07-30T07:00:05+00:00,100660.53,100660.53,
2026-07-30T07:01:06+00:00,100660.53,100660.53,
2026-07-30T07:02:06+00:00,100660.53,100660.53,
2026-07-30T07:03:06+00:00,100660.53,100660.53,
2026-07-30T07:04:06+00:00,100660.53,100660.53,
2026-07-30T07:05:07+00:00,100660.53,100660.53,
2026-07-30T07:06:07+00:00,100660.53,100660.53,
2026-07-30T07:07:07+00:00,100660.53,100660.53,
2026-07-30T07:08:07+00:00,100660.53,100660.53,
2026-07-30T07:09:07+00:00,100660.53,100660.53,
2026-07-30T07:10:08+00:00,100660.53,100660.53,
2026-07-30T07:11:08+00:00,100660.53,100660.53,
2026-07-30T07:12:08+00:00,100660.53,100660.53,
2026-07-30T07:13:08+00:00,100660.53,100660.53,
2026-07-30T07:14:09+00:00,100660.53,100660.53,
2026-07-30T07:15:09+00:00,100660.53,100660.53,
2026-07-30T07:16:09+00:00,100660.53,100660.53,
2026-07-30T07:17:09+00:00,100660.53,100660.53,
2026-07-30T07:18:09+00:00,100660.53,100660.53,
2026-07-30T07:19:10+00:00,100660.53,100660.53,
2026-07-30T07:20:10+00:00,100660.53,100660.53,
2026-07-30T07:21:10+00:00,100660.53,100660.53,
2026-07-30T07:22:10+00:00,100660.53,100660.53,
2026-07-30T07:23:10+00:00,100660.53,100660.53,
2026-07-30T07:24:11+00:00,100660.53,100660.53,
2026-07-30T07:25:11+00:00,100660.53,100660.53,
2026-07-30T07:26:11+00:00,100660.53,100660.53,
2026-07-30T07:27:11+00:00,100660.53,100660.53,
2026-07-30T07:28:12+00:00,100660.53,100660.53,
2026-07-30T07:29:12+00:00,100660.53,100660.53,
2026-07-30T07:30:12+00:00,100660.53,100660.53,
2026-07-30T07:31:12+00:00,100660.53,100660.53,
2026-07-30T07:32:12+00:00,100660.53,100660.53,
2026-07-30T07:33:13+00:00,100660.53,100660.53,
2026-07-30T07:34:13+00:00,100660.53,100660.53,
2026-07-30T07:35:13+00:00,100660.53,100660.53,
2026-07-30T07:36:13+00:00,100660.53,100660.53,
2026-07-30T07:37:14+00:00,100660.53,100660.53,
2026-07-30T07:38:14+00:00,100660.53,100660.53,
2026-07-30T07:39:14+00:00,100660.53,100660.53,
2026-07-30T07:40:14+00:00,100660.53,100660.53,
2026-07-30T07:41:14+00:00,100660.53,100660.53,
2026-07-30T07:42:15+00:00,100660.53,100660.53,
2026-07-30T07:43:15+00:00,100660.53,100660.53,
2026-07-30T07:44:15+00:00,100660.53,100660.53,
2026-07-30T07:45:15+00:00,100660.53,100660.53,
2026-07-30T07:46:16+00:00,100660.53,100660.53,
2026-07-30T07:47:16+00:00,100660.53,100660.53,
2026-07-30T07:48:16+00:00,100660.53,100660.53,
2026-07-30T07:49:16+00:00,100660.53,100660.53,
2026-07-30T07:50:16+00:00,100660.53,100660.53,
2026-07-30T07:51:17+00:00,100660.53,100660.53,
2026-07-30T07:52:17+00:00,100660.53,100660.53,
2026-07-30T07:53:17+00:00,100660.53,100660.53,
2026-07-30T07:54:17+00:00,100660.53,100660.53,
2026-07-30T07:55:18+00:00,100660.53,100660.53,
2026-07-30T07:56:18+00:00,100660.53,100660.53,
2026-07-30T07:57:18+00:00,100660.53,100660.53,
2026-07-30T07:58:18+00:00,100660.53,100660.53,
2026-07-30T07:59:18+00:00,100660.53,100660.53,
2026-07-30T08:00:19+00:00,100660.53,100660.53,
2026-07-30T08:01:19+00:00,100660.53,100660.53,
2026-07-30T08:02:19+00:00,100660.53,100660.53,
2026-07-30T08:03:19+00:00,100660.53,100660.53,
2026-07-30T08:04:20+00:00,100660.53,100660.53,
2026-07-30T08:05:20+00:00,100660.53,100660.53,
2026-07-30T08:06:20+00:00,100660.53,100660.53,
2026-07-30T08:07:20+00:00,100660.53,100660.53,
2026-07-30T08:08:20+00:00,100660.53,100660.53,
2026-07-30T08:09:21+00:00,100660.53,100660.53,
2026-07-30T08:10:21+00:00,100660.53,100660.53,
2026-07-30T08:11:21+00:00,100660.53,100660.53,
2026-07-30T08:12:21+00:00,100660.53,100660.53,
2026-07-30T08:13:21+00:00,100660.53,100660.53,
2026-07-30T08:14:22+00:00,100660.53,100660.53,
2026-07-30T08:15:22+00:00,100660.53,100660.53,
2026-07-30T08:16:22+00:00,100660.53,100660.53,
2026-07-30T08:17:22+00:00,100660.53,100660.53,
2026-07-30T08:18:23+00:00,100660.53,100660.53,
2026-07-30T08:19:23+00:00,100660.53,100660.53,
2026-07-30T08:20:23+00:00,100660.53,100660.53,
2026-07-30T08:21:23+00:00,100660.53,100660.53,
2026-07-30T08:22:23+00:00,100660.53,100660.53,
2026-07-30T08:23:24+00:00,100660.53,100660.53,
2026-07-30T08:24:24+00:00,100660.53,100660.53,
2026-07-30T08:25:24+00:00,100660.53,100660.53,
2026-07-30T08:26:24+00:00,100660.53,100660.53,
2026-07-30T08:27:25+00:00,100660.53,100660.53,
2026-07-30T08:28:25+00:00,100660.53,100660.53,
2026-07-30T08:29:25+00:00,100660.53,100660.53,
2026-07-30T08:30:25+00:00,100660.53,100660.53,
2026-07-30T08:31:25+00:00,100660.53,100660.53,
2026-07-30T08:32:26+00:00,100660.53,100660.53,
2026-07-30T08:33:26+00:00,100660.53,100660.53,
2026-07-30T08:34:26+00:00,100660.53,100660.53,
2026-07-30T08:35:26+00:00,100660.53,100660.53,
2026-07-30T08:36:26+00:00,100660.53,100660.53,
2026-07-30T08:37:27+00:00,100660.53,100660.53,
2026-07-30T08:38:27+00:00,100660.53,100660.53,
2026-07-30T08:39:27+00:00,100660.53,100660.53,
2026-07-30T08:40:27+00:00,100660.53,100660.53,
2026-07-30T08:41:28+00:00,100660.53,100660.53,
2026-07-30T08:42:28+00:00,100660.53,100660.53,
2026-07-30T08:43:28+00:00,100660.53,100660.53,
2026-07-30T08:44:28+00:00,100660.53,100660.53,
2026-07-30T08:45:28+00:00,100660.53,100660.53,
2026-07-30T08:46:29+00:00,100660.53,100660.53,
2026-07-30T08:47:29+00:00,100660.53,100660.53,
2026-07-30T08:48:29+00:00,100660.53,100660.53,
2026-07-30T08:49:29+00:00,100660.53,100660.53,
2026-07-30T08:50:29+00:00,100660.53,100660.53,
2026-07-30T08:51:30+00:00,100660.53,100660.53,
2026-07-30T08:52:30+00:00,100660.53,100660.53,
2026-07-30T08:53:30+00:00,100660.53,100660.53,
2026-07-30T08:54:30+00:00,100660.53,100660.53,
2026-07-30T08:55:30+00:00,100660.53,100660.53,
2026-07-30T08:56:31+00:00,100660.53,100660.53,
2026-07-30T08:57:31+00:00,100660.53,100660.53,
2026-07-30T08:58:31+00:00,100660.53,100660.53,
2026-07-30T08:59:31+00:00,100660.53,100660.53,
2026-07-30T09:00:32+00:00,100660.53,100660.53,
2026-07-30T09:01:32+00:00,100660.53,100660.53,
2026-07-30T09:02:32+00:00,100660.53,100660.53,
2026-07-30T09:03:32+00:00,100660.53,100660.53,
2026-07-30T09:04:32+00:00,100660.53,100660.53,
2026-07-30T09:05:33+00:00,100660.53,100660.53,
2026-07-30T09:06:33+00:00,100660.53,100660.53,
2026-07-30T09:07:33+00:00,100660.53,100660.53,
2026-07-30T09:08:33+00:00,100660.53,100660.53,
2026-07-30T09:09:33+00:00,100660.53,100660.53,
2026-07-30T09:10:34+00:00,100660.53,100660.53,
2026-07-30T09:11:34+00:00,100660.53,100660.53,
2026-07-30T09:12:34+00:00,100660.53,100660.53,
2026-07-30T09:13:34+00:00,100660.53,100660.53,
2026-07-30T09:14:34+00:00,100660.53,100660.53,
2026-07-30T09:15:35+00:00,100660.53,100660.53,
2026-07-30T09:16:35+00:00,100660.53,100660.53,
2026-07-30T09:17:35+00:00,100660.53,100660.53,
2026-07-30T09:18:35+00:00,100660.53,100660.53,
2026-07-30T09:19:36+00:00,100660.53,100660.53,
2026-07-30T09:20:36+00:00,100660.53,100660.53,
2026-07-30T09:21:36+00:00,100660.53,100660.53,
2026-07-30T09:22:36+00:00,100660.53,100660.53,
2026-07-30T09:23:36+00:00,100660.53,100660.53,
2026-07-30T09:24:37+00:00,100660.53,100660.53,
2026-07-30T09:25:37+00:00,100660.53,100660.53,
2026-07-30T09:26:37+00:00,100660.53,100660.53,
2026-07-30T09:27:37+00:00,100660.53,100660.53,
2026-07-30T09:28:37+00:00,100660.53,100660.53,
2026-07-30T09:29:38+00:00,100660.53,100660.53,
2026-07-30T09:30:38+00:00,100660.53,100660.53,
2026-07-30T09:31:38+00:00,100660.53,100660.53,
2026-07-30T09:32:38+00:00,100660.53,100660.53,
2026-07-30T09:33:39+00:00,100660.53,100660.53,
2026-07-30T09:34:39+00:00,100660.53,100660.53,
2026-07-30T09:35:39+00:00,100660.53,100660.53,
2026-07-30T09:36:39+00:00,100660.53,100660.53,
2026-07-30T09:37:39+00:00,100660.53,100660.53,
2026-07-30T09:38:40+00:00,100660.53,100660.53,
2026-07-30T09:39:40+00:00,100660.53,100660.53,
2026-07-30T09:40:40+00:00,100660.53,100660.53,
2026-07-30T09:41:40+00:00,100660.53,100660.53,
2026-07-30T09:42:40+00:00,100660.53,100660.53,
2026-07-30T09:43:41+00:00,100660.53,100660.53,
2026-07-30T09:44:41+00:00,100660.53,100660.53,
2026-07-30T09:45:41+00:00,100660.53,100660.53,
2026-07-30T09:46:41+00:00,100660.53,100660.53,
2026-07-30T09:47:42+00:00,100660.53,100660.53,
2026-07-30T09:48:42+00:00,100660.53,100660.53,
2026-07-30T09:49:42+00:00,100660.53,100660.53,
2026-07-30T09:50:43+00:00,100660.53,100660.53,
2026-07-30T09:51:43+00:00,100660.53,100660.53,
2026-07-30T09:52:43+00:00,100660.53,100660.53,
2026-07-30T09:53:43+00:00,100660.53,100660.53,
2026-07-30T09:54:44+00:00,100660.53,100660.53,
2026-07-30T09:55:44+00:00,100660.53,100660.53,
2026-07-30T09:56:44+00:00,100660.53,100660.53,
2026-07-30T09:57:44+00:00,100660.53,100660.53,
2026-07-30T12:32:11+00:00,100660.53,100660.53,
2026-07-30T12:33:11+00:00,100660.53,100660.53,
2026-07-30T12:34:11+00:00,100660.53,100660.53,
2026-07-30T12:39:41+00:00,100660.53,100660.53,
2026-07-30T12:40:41+00:00,100660.53,100660.53,
2026-07-30T12:41:41+00:00,100660.53,100660.53,
2026-07-30T12:42:41+00:00,100660.53,100660.53,
2026-07-30T12:43:42+00:00,100660.53,100660.53,
2026-07-30T12:44:42+00:00,100660.53,100660.53,
2026-07-30T12:45:42+00:00,100660.53,100660.53,
2026-07-30T12:46:42+00:00,100660.53,100660.53,
2026-07-30T12:47:42+00:00,100660.53,100660.53,
2026-07-30T12:48:43+00:00,100660.53,100660.53,
2026-07-30T12:49:43+00:00,100660.53,100660.53,
2026-07-30T12:50:43+00:00,100660.53,100660.53,
2026-07-30T12:51:43+00:00,100660.53,100660.53,
2026-07-30T12:52:43+00:00,100660.53,100660.53,
2026-07-30T12:53:44+00:00,100660.53,100660.53,
2026-07-30T12:54:44+00:00,100660.53,100660.53,
2026-07-30T12:55:44+00:00,100660.53,100660.53,
2026-07-30T12:56:44+00:00,100660.53,100660.53,
2026-07-30T12:57:45+00:00,100660.53,100660.53,
2026-07-30T12:58:45+00:00,100660.53,100660.53,
2026-07-30T12:59:45+00:00,100660.53,100660.53,
2026-07-30T13:00:45+00:00,100660.53,100660.53,
2026-07-30T13:01:45+00:00,100660.53,100660.53,
2026-07-30T13:02:46+00:00,100660.53,100660.53,
2026-07-30T13:03:46+00:00,100660.53,100660.53,
2026-07-30T13:04:46+00:00,100660.53,100660.53,
2026-07-30T13:05:46+00:00,100660.53,100660.53,
2026-07-30T13:06:47+00:00,100660.53,100660.53,
2026-07-30T13:07:47+00:00,100660.53,100660.53,
2026-07-30T13:08:47+00:00,100660.53,100660.53,
2026-07-30T13:09:47+00:00,100660.53,100660.53,
2026-07-30T13:10:47+00:00,100660.53,100660.53,
2026-07-30T13:11:48+00:00,100660.53,100660.53,
2026-07-30T13:12:48+00:00,100660.53,100660.53,
2026-07-30T13:13:48+00:00,100660.53,100660.53,
2026-07-30T13:14:48+00:00,100660.53,100660.53,
2026-07-30T13:15:48+00:00,100660.53,100660.53,
2026-07-30T13:16:49+00:00,100660.53,100660.53,
2026-07-30T13:17:49+00:00,100660.53,100660.53,
2026-07-30T13:18:49+00:00,100660.53,100660.53,
2026-07-30T13:19:49+00:00,100660.53,100660.53,
2026-07-30T13:20:50+00:00,100660.53,100660.53,
2026-07-30T13:21:50+00:00,100660.53,100660.53,
2026-07-30T13:22:50+00:00,100660.53,100660.53,
2026-07-30T13:23:50+00:00,100660.53,100660.53,
2026-07-30T13:24:50+00:00,100660.53,100660.53,
2026-07-30T13:25:51+00:00,100660.53,100660.53,
2026-07-30T13:26:51+00:00,100660.53,100660.53,
2026-07-30T13:27:51+00:00,100660.53,100660.53,
2026-07-30T13:28:51+00:00,100660.53,100660.53,
2026-07-30T13:29:52+00:00,100660.53,100660.53,
2026-07-30T13:30:52+00:00,100660.53,100660.53,
2026-07-30T13:31:52+00:00,100660.53,100660.53,
2026-07-30T13:32:52+00:00,100660.53,100660.53,
2026-07-30T13:33:52+00:00,100660.53,100660.53,
2026-07-30T13:34:53+00:00,100660.53,100660.53,
2026-07-30T13:35:53+00:00,100660.53,100660.53,
2026-07-30T13:36:53+00:00,100660.53,100660.53,
2026-07-30T13:37:53+00:00,100660.53,100660.53,
2026-07-30T13:38:53+00:00,100660.53,100660.53,
2026-07-30T13:39:54+00:00,100660.53,100660.53,
2026-07-30T13:40:54+00:00,100660.53,100660.53,
2026-07-30T13:41:54+00:00,100660.53,100660.53,
2026-07-30T13:42:54+00:00,100660.53,100660.53,
2026-07-30T13:43:55+00:00,100660.53,100660.53,
2026-07-30T13:44:55+00:00,100660.53,100660.53,
2026-07-30T13:45:55+00:00,100660.53,100660.53,
2026-07-30T13:46:55+00:00,100660.53,100660.53,
2026-07-30T13:47:55+00:00,100660.53,100660.53,
2026-07-30T13:48:56+00:00,100660.53,100660.53,
2026-07-30T13:49:56+00:00,100660.53,100660.53,
2026-07-30T13:50:56+00:00,100660.53,100660.53,
2026-07-30T13:51:56+00:00,100660.53,100660.53,
2026-07-30T13:52:57+00:00,100660.53,100660.53,
2026-07-30T13:53:57+00:00,100660.53,100660.53,
2026-07-30T13:54:57+00:00,100660.53,100660.53,
2026-07-30T13:55:57+00:00,100660.53,100660.53,
2026-07-30T13:56:57+00:00,100660.53,100660.53,
2026-07-30T13:57:58+00:00,100660.53,100660.53,
2026-07-30T13:58:58+00:00,100660.53,100660.53,
2026-07-30T13:59:58+00:00,100660.53,100660.53,
2026-07-30T14:00:58+00:00,100660.53,100660.53,
2026-07-30T14:01:58+00:00,100660.53,100660.53,
2026-07-30T14:02:59+00:00,100660.53,100660.53,
2026-07-30T14:03:59+00:00,100660.53,100660.53,
2026-07-30T14:04:59+00:00,100660.53,100660.53,
2026-07-30T14:05:59+00:00,100660.53,100660.53,
2026-07-30T14:07:00+00:00,100660.53,100660.53,
2026-07-30T14:08:00+00:00,100660.53,100660.53,
2026-07-30T14:09:00+00:00,100660.53,100660.53,
2026-07-30T14:10:00+00:00,100660.53,100660.53,
2026-07-30T14:11:00+00:00,100660.53,100660.53,
2026-07-30T14:12:01+00:00,100660.53,100660.53,
2026-07-30T14:13:01+00:00,100660.53,100660.53,
2026-07-30T14:14:01+00:00,100660.53,100660.53,
2026-07-30T14:15:01+00:00,100660.53,100660.53,
2026-07-30T14:16:01+00:00,100660.53,100660.53,
2026-07-30T14:17:02+00:00,100660.53,100660.53,
2026-07-30T14:18:02+00:00,100660.53,100660.53,
2026-07-30T14:19:02+00:00,100660.53,100660.53,
2026-07-30T14:20:02+00:00,100660.53,100660.53,
2026-07-30T14:21:02+00:00,100660.53,100660.53,
2026-07-30T14:22:03+00:00,100660.53,100660.53,
2026-07-30T14:23:03+00:00,100660.53,100660.53,
2026-07-30T14:24:03+00:00,100660.53,100660.53,
2026-07-30T14:25:03+00:00,100660.53,100660.53,
2026-07-30T14:26:04+00:00,100660.53,100660.53,
2026-07-30T14:27:04+00:00,100660.53,100660.53,
2026-07-30T14:28:04+00:00,100660.53,100660.53,
2026-07-30T14:29:04+00:00,100660.53,100660.53,
2026-07-30T14:30:04+00:00,100660.53,100660.53,
2026-07-30T14:31:05+00:00,100660.53,100660.53,
2026-07-30T14:32:05+00:00,100660.53,100660.53,
2026-07-30T14:33:05+00:00,100660.53,100660.53,
2026-07-30T14:34:05+00:00,100660.53,100660.53,
2026-07-30T14:35:05+00:00,100660.53,100660.53,
2026-07-30T14:36:06+00:00,100660.53,100660.53,
2026-07-30T14:37:06+00:00,100660.53,100660.53,
2026-07-30T14:38:06+00:00,100660.53,100660.53,
2026-07-30T14:39:06+00:00,100660.53,100660.53,
2026-07-30T14:40:06+00:00,100660.53,100660.53,
2026-07-30T14:41:07+00:00,100660.53,100660.53,
2026-07-30T14:42:07+00:00,100660.53,100660.53,
2026-07-30T14:43:07+00:00,100660.53,100660.53,
2026-07-30T14:44:07+00:00,100660.53,100660.53,
2026-07-30T14:45:08+00:00,100660.53,100660.53,
2026-07-30T14:46:08+00:00,100660.53,100660.53,
2026-07-30T14:47:08+00:00,100660.53,100660.53,
2026-07-30T14:48:08+00:00,100660.53,100660.53,
2026-07-30T14:49:08+00:00,100660.53,100660.53,
2026-07-30T14:50:09+00:00,100660.53,100660.53,
2026-07-30T14:51:09+00:00,100660.53,100660.53,
2026-07-30T14:52:09+00:00,100660.53,100660.53,
2026-07-30T14:53:09+00:00,100660.53,100660.53,
2026-07-30T14:54:09+00:00,100660.53,100660.53,
2026-07-30T14:55:10+00:00,100660.53,100660.53,
2026-07-30T14:56:10+00:00,100660.53,100660.53,
2026-07-30T14:57:10+00:00,100660.53,100660.53,
2026-07-30T14:58:10+00:00,100660.53,100660.53,
2026-07-30T14:59:11+00:00,100660.53,100660.53,
2026-07-30T15:00:11+00:00,100660.53,100660.53,
2026-07-30T15:01:11+00:00,100660.53,100660.53,
2026-07-30T15:02:11+00:00,100660.53,100660.53,
2026-07-30T15:03:11+00:00,100660.53,100660.53,
2026-07-30T15:04:12+00:00,100660.53,100660.53,
2026-07-30T15:05:12+00:00,100660.53,100660.53,
2026-07-30T15:06:12+00:00,100660.53,100660.53,
2026-07-30T15:07:12+00:00,100660.53,100660.53,
2026-07-30T15:08:12+00:00,100660.53,100660.53,
2026-07-30T15:09:13+00:00,100660.53,100660.53,
2026-07-30T15:10:13+00:00,100660.53,100660.53,
2026-07-30T15:11:13+00:00,100660.53,100660.53,
2026-07-30T15:12:13+00:00,100660.53,100660.53,
2026-07-30T15:13:14+00:00,100660.53,100660.53,
2026-07-30T15:14:14+00:00,100660.53,100660.53,
2026-07-30T15:15:14+00:00,100660.53,100660.53,
2026-07-30T15:16:14+00:00,100660.53,100660.53,
2026-07-30T15:17:14+00:00,100660.53,100660.53,
2026-07-30T15:18:15+00:00,100660.53,100660.53,
2026-07-30T15:19:15+00:00,100660.53,100660.53,
2026-07-30T15:20:15+00:00,100660.53,100660.53,
2026-07-30T15:21:15+00:00,100660.53,100660.53,
2026-07-30T15:22:15+00:00,100660.53,100660.53,
2026-07-30T15:23:16+00:00,100660.53,100660.53,
2026-07-30T15:24:16+00:00,100660.53,100660.53,
2026-07-30T15:25:16+00:00,100660.53,100660.53,
2026-07-30T15:26:16+00:00,100660.53,100660.53,
2026-07-30T15:27:17+00:00,100660.53,100660.53,
2026-07-30T15:28:17+00:00,100660.53,100660.53,
2026-07-30T15:29:17+00:00,100660.53,100660.53,
2026-07-30T15:30:17+00:00,100660.53,100660.53,
2026-07-30T15:31:17+00:00,100660.53,100660.53,
2026-07-30T15:32:18+00:00,100660.53,100660.53,
2026-07-30T15:33:18+00:00,100660.53,100660.53,
2026-07-30T15:34:18+00:00,100660.53,100660.53,
2026-07-30T15:35:18+00:00,100660.53,100660.53,
2026-07-30T15:36:19+00:00,100660.53,100660.53,
2026-07-30T15:37:19+00:00,100660.53,100660.53,
2026-07-30T15:38:19+00:00,100660.53,100660.53,
2026-07-30T15:39:19+00:00,100660.53,100660.53,
2026-07-30T15:40:19+00:00,100660.53,100660.53,
2026-07-30T15:41:20+00:00,100660.53,100660.53,
2026-07-30T15:42:21+00:00,100660.53,100660.53,
2026-07-30T15:43:21+00:00,100660.53,100660.53,
2026-07-30T15:44:21+00:00,100660.53,100660.53,
2026-07-30T15:45:21+00:00,100660.53,100660.53,
2026-07-30T15:46:21+00:00,100660.53,100660.53,
2026-07-30T15:47:22+00:00,100660.53,100660.53,
2026-07-30T15:48:22+00:00,100660.53,100660.53,
2026-07-30T15:49:22+00:00,100660.53,100660.53,
2026-07-30T15:50:22+00:00,100660.53,100660.53,
2026-07-30T15:51:23+00:00,100660.53,100660.53,
2026-07-30T15:52:23+00:00,100660.53,100660.53,
2026-07-30T15:53:23+00:00,100660.53,100660.53,
2026-07-30T15:54:23+00:00,100660.53,100660.53,
2026-07-30T15:55:23+00:00,100660.53,100660.53,
2026-07-30T15:56:24+00:00,100660.53,100660.53,
2026-07-30T15:57:24+00:00,100660.53,100660.53,
2026-07-30T15:58:24+00:00,100660.53,100660.53,
2026-07-30T15:59:24+00:00,100660.53,100660.53,
2026-07-30T16:00:25+00:00,100660.53,100660.53,
2026-07-30T16:01:25+00:00,100660.53,100660.53,
2026-07-30T16:02:25+00:00,100660.53,100660.53,
2026-07-30T16:03:25+00:00,100660.53,100660.53,
2026-07-30T16:04:25+00:00,100660.53,100660.53,
2026-07-30T16:05:26+00:00,100660.53,100660.53,
2026-07-30T16:06:26+00:00,100660.53,100660.53,
2026-07-30T16:07:26+00:00,100660.53,100660.53,
2026-07-30T16:08:27+00:00,100660.53,100660.53,
2026-07-30T16:09:27+00:00,100660.53,100660.53,
2026-07-30T16:10:27+00:00,100660.53,100660.53,
2026-07-30T16:11:28+00:00,100660.53,100660.53,
2026-07-30T16:12:28+00:00,100660.53,100660.53,
2026-07-30T16:13:28+00:00,100660.53,100660.53,
2026-07-30T16:14:28+00:00,100660.53,100660.53,
2026-07-30T16:15:28+00:00,100660.53,100660.53,
2026-07-30T16:16:29+00:00,100660.53,100660.53,
2026-07-30T16:17:29+00:00,100660.53,100660.53,
2026-07-30T16:18:29+00:00,100660.53,100660.53,
2026-07-30T16:19:29+00:00,100660.53,100660.53,
2026-07-30T16:20:29+00:00,100660.53,100660.53,
2026-07-30T16:21:30+00:00,100660.53,100660.53,
2026-07-30T16:22:30+00:00,100660.53,100660.53,
2026-07-30T16:23:30+00:00,100660.53,100660.53,
2026-07-30T16:24:30+00:00,100660.53,100660.53,
2026-07-30T16:25:31+00:00,100660.53,100660.53,
2026-07-30T16:26:31+00:00,100660.53,100660.53,
2026-07-30T16:27:31+00:00,100660.53,100660.53,
2026-07-30T16:28:31+00:00,100660.53,100660.53,
2026-07-30T16:29:31+00:00,100660.53,100660.53,
2026-07-30T16:30:32+00:00,100660.53,100660.53,
2026-07-30T16:31:32+00:00,100660.53,100660.53,
2026-07-30T16:32:32+00:00,100660.53,100660.53,
2026-07-30T16:33:32+00:00,100660.53,100660.53,
2026-07-30T16:34:32+00:00,100660.53,100660.53,
2026-07-30T16:35:33+00:00,100660.53,100660.53,
2026-07-30T16:36:34+00:00,100660.53,100660.53,
2026-07-30T16:37:34+00:00,100660.53,100660.53,
2026-07-30T16:38:34+00:00,100660.53,100660.53,
2026-07-30T16:39:34+00:00,100660.53,100660.53,
2026-07-30T16:40:35+00:00,100660.53,100660.53,
2026-07-30T16:41:35+00:00,100660.53,100660.53,
2026-07-30T16:42:35+00:00,100660.53,100660.53,
2026-07-30T16:43:35+00:00,100660.53,100660.53,
2026-07-30T16:44:35+00:00,100660.53,100660.53,
2026-07-30T16:45:36+00:00,100660.53,100660.53,
2026-07-30T16:46:36+00:00,100660.53,100660.53,
2026-07-30T16:47:36+00:00,100660.53,100660.53,
2026-07-30T16:48:36+00:00,100660.53,100660.53,
2026-07-30T16:49:36+00:00,100660.53,100660.53,
2026-07-30T16:50:37+00:00,100660.53,100660.53,
2026-07-30T16:51:37+00:00,100660.53,100660.53,
2026-07-30T16:52:37+00:00,100660.53,100660.53,
2026-07-30T16:53:37+00:00,100660.53,100660.53,
2026-07-30T16:54:38+00:00,100660.53,100660.53,
2026-07-30T16:55:38+00:00,100660.53,100660.53,
2026-07-30T16:56:38+00:00,100660.53,100660.53,
2026-07-30T16:57:38+00:00,100660.53,100660.53,
2026-07-30T16:58:38+00:00,100660.53,100660.53,
2026-07-30T16:59:39+00:00,100660.53,100660.53,
2026-07-30T17:00:39+00:00,100660.53,100660.53,
2026-07-30T17:01:39+00:00,100660.53,100660.53,
2026-07-30T17:02:39+00:00,100660.53,100660.53,
2026-07-30T17:03:40+00:00,100660.53,100660.53,
2026-07-30T17:04:40+00:00,100660.53,100660.53,
2026-07-30T17:05:40+00:00,100660.53,100660.53,
2026-07-30T17:06:40+00:00,100660.53,100660.53,
2026-07-30T17:07:40+00:00,100660.53,100660.53,
2026-07-30T17:08:41+00:00,100660.53,100660.53,
2026-07-30T17:09:41+00:00,100660.53,100660.53,
2026-07-30T17:10:41+00:00,100660.53,100660.53,
2026-07-30T17:11:41+00:00,100660.53,100660.53,
2026-07-30T17:12:41+00:00,100660.53,100660.53,
2026-07-30T17:13:42+00:00,100660.53,100660.53,
2026-07-30T17:14:42+00:00,100660.53,100660.53,
2026-07-30T17:15:42+00:00,100660.53,100660.53,
2026-07-30T17:16:42+00:00,100660.53,100660.53,
2026-07-30T17:17:43+00:00,100660.53,100660.53,
2026-07-30T17:18:43+00:00,100660.53,100660.53,
2026-07-30T17:19:43+00:00,100660.53,100660.53,
2026-07-30T17:20:43+00:00,100660.53,100660.53,
2026-07-30T17:21:43+00:00,100660.53,100660.53,
2026-07-30T17:22:44+00:00,100660.53,100660.53,
2026-07-30T17:23:44+00:00,100660.53,100660.53,
2026-07-30T17:24:44+00:00,100660.53,100660.53,
2026-07-30T17:25:44+00:00,100660.53,100660.53,
2026-07-30T17:26:44+00:00,100660.53,100660.53,
2026-07-30T17:27:45+00:00,100660.53,100660.53,
2026-07-30T17:28:45+00:00,100660.53,100660.53,
2026-07-30T17:29:45+00:00,100660.53,100660.53,
2026-07-30T17:30:45+00:00,100660.53,100660.53,
2026-07-30T17:31:46+00:00,100660.53,100660.53,
2026-07-30T17:32:46+00:00,100660.53,100660.53,
2026-07-30T17:33:46+00:00,100660.53,100660.53,
2026-07-30T17:34:46+00:00,100660.53,100660.53,
2026-07-30T17:35:46+00:00,100660.53,100660.53,
2026-07-30T17:36:47+00:00,100660.53,100660.53,
2026-07-30T17:37:47+00:00,100660.53,100660.53,
2026-07-30T17:38:47+00:00,100660.53,100660.53,
2026-07-30T17:39:47+00:00,100660.53,100660.53,
2026-07-30T17:40:47+00:00,100660.53,100660.53,
2026-07-30T17:41:48+00:00,100660.53,100660.53,
2026-07-30T17:42:49+00:00,100660.53,100660.53,
2026-07-30T17:43:49+00:00,100660.53,100660.53,
2026-07-30T17:44:49+00:00,100660.53,100660.53,
2026-07-30T17:45:49+00:00,100660.53,100660.53,
2026-07-30T17:46:50+00:00,100660.53,100660.53,
2026-07-30T17:47:50+00:00,100660.53,100660.53,
2026-07-30T17:48:50+00:00,100660.53,100660.53,
2026-07-30T17:49:50+00:00,100660.53,100660.53,
2026-07-30T17:50:50+00:00,100660.53,100660.53,
2026-07-30T17:51:51+00:00,100660.53,100660.53,
2026-07-30T17:52:51+00:00,100660.53,100660.53,
2026-07-30T17:53:51+00:00,100660.53,100660.53,
2026-07-30T17:54:51+00:00,100660.53,100660.53,
2026-07-30T17:55:51+00:00,100660.53,100660.53,
2026-07-30T17:56:52+00:00,100660.53,100660.53,
2026-07-30T17:57:52+00:00,100660.53,100660.53,
2026-07-30T17:58:52+00:00,100660.53,100660.53,
2026-07-30T17:59:52+00:00,100660.53,100660.53,
2026-07-30T18:00:52+00:00,100660.53,100660.53,
2026-07-30T18:01:53+00:00,100660.53,100660.53,
2026-07-30T18:02:53+00:00,100660.53,100660.53,
2026-07-30T18:03:53+00:00,100660.53,100660.53,
2026-07-30T18:04:53+00:00,100660.53,100660.53,
2026-07-30T18:05:53+00:00,100660.53,100660.53,
2026-07-30T18:06:54+00:00,100660.53,100660.53,
2026-07-30T18:07:54+00:00,100660.53,100660.53,
2026-07-30T18:08:54+00:00,100660.53,100660.53,
2026-07-30T18:09:54+00:00,100660.53,100660.53,
2026-07-30T18:10:55+00:00,100660.53,100660.53,
2026-07-30T18:11:55+00:00,100660.53,100660.53,
2026-07-30T18:12:55+00:00,100660.53,100660.53,
2026-07-30T18:13:55+00:00,100660.53,100660.53,
2026-07-30T18:14:55+00:00,100660.53,100660.53,
2026-07-30T18:15:56+00:00,100660.53,100660.53,
2026-07-30T18:16:56+00:00,100660.53,100660.53,
2026-07-30T18:17:56+00:00,100660.53,100660.53,
2026-07-30T18:18:56+00:00,100660.53,100660.53,
2026-07-30T18:19:56+00:00,100660.53,100660.53,
2026-07-30T18:20:57+00:00,100660.53,100660.53,
2026-07-30T18:21:57+00:00,100660.53,100660.53,
2026-07-30T18:22:57+00:00,100660.53,100660.53,
2026-07-30T18:23:57+00:00,100660.53,100660.53,
2026-07-30T18:24:57+00:00,100660.53,100660.53,
2026-07-30T18:25:58+00:00,100660.53,100660.53,
2026-07-30T18:26:58+00:00,100660.53,100660.53,
2026-07-30T18:27:58+00:00,100660.53,100660.53,
2026-07-30T18:28:58+00:00,100660.53,100660.53,
2026-07-30T18:29:58+00:00,100660.53,100660.53,
2026-07-30T18:30:59+00:00,100660.53,100660.53,
2026-07-30T18:31:59+00:00,100660.53,100660.53,
2026-07-30T18:32:59+00:00,100660.53,100660.53,
2026-07-30T18:33:59+00:00,100660.53,100660.53,
2026-07-30T18:34:59+00:00,100660.53,100660.53,
2026-07-30T18:36:00+00:00,100660.53,100660.53,
2026-07-30T18:37:00+00:00,100660.53,100660.53,
2026-07-30T18:38:00+00:00,100660.53,100660.53,
2026-07-30T18:39:00+00:00,100660.53,100660.53,
2026-07-30T18:40:00+00:00,100660.53,100660.53,
2026-07-30T18:41:01+00:00,100660.53,100660.53,
2026-07-30T18:42:01+00:00,100660.53,100660.53,
2026-07-30T18:43:01+00:00,100660.53,100660.53,
2026-07-30T18:44:01+00:00,100660.53,100660.53,
2026-07-30T18:45:01+00:00,100660.53,100660.53,
2026-07-30T18:46:02+00:00,100660.53,100660.53,
2026-07-30T18:47:02+00:00,100660.53,100660.53,
2026-07-30T18:48:02+00:00,100660.53,100660.53,
2026-07-30T18:49:02+00:00,100660.53,100660.53,
2026-07-30T18:50:03+00:00,100660.53,100660.53,
2026-07-30T18:51:03+00:00,100660.53,100660.53,
2026-07-30T18:52:03+00:00,100660.53,100660.53,
2026-07-30T18:53:03+00:00,100660.53,100660.53,
2026-07-30T18:54:03+00:00,100660.53,100660.53,
2026-07-30T18:55:04+00:00,100660.53,100660.53,
2026-07-30T18:56:04+00:00,100660.53,100660.53,
2026-07-30T18:57:04+00:00,100660.53,100660.53,
2026-07-30T18:58:04+00:00,100660.53,100660.53,
2026-07-30T18:59:04+00:00,100660.53,100660.53,
2026-07-30T19:00:05+00:00,100660.53,100660.53,
2026-07-30T19:01:05+00:00,100660.53,100660.53,
2026-07-30T19:02:05+00:00,100660.53,100660.53,
2026-07-30T19:03:05+00:00,100660.53,100660.53,
2026-07-30T19:04:05+00:00,100660.53,100660.53,
2026-07-30T19:05:06+00:00,100660.53,100660.53,
2026-07-30T19:06:06+00:00,100660.53,100660.53,
2026-07-30T19:07:06+00:00,100660.53,100660.53,
2026-07-30T19:08:06+00:00,100660.53,100660.53,
2026-07-30T19:09:06+00:00,100660.53,100660.53,
2026-07-30T19:10:07+00:00,100660.53,100660.53,
2026-07-30T19:11:07+00:00,100660.53,100660.53,
2026-07-30T19:12:07+00:00,100660.53,100660.53,
2026-07-30T19:13:07+00:00,100660.53,100660.53,
2026-07-30T19:14:08+00:00,100660.53,100660.53,
2026-07-30T19:15:08+00:00,100660.53,100660.53,
2026-07-30T19:16:08+00:00,100660.53,100660.53,
2026-07-30T19:17:08+00:00,100660.53,100660.53,
2026-07-30T19:18:08+00:00,100660.53,100660.53,
2026-07-30T19:19:09+00:00,100660.53,100660.53,
2026-07-30T19:20:09+00:00,100660.53,100660.53,
2026-07-30T19:21:09+00:00,100660.53,100660.53,
2026-07-30T19:22:09+00:00,100660.53,100660.53,
2026-07-30T19:23:09+00:00,100660.53,100660.53,
2026-07-30T19:24:10+00:00,100660.53,100660.53,
2026-07-30T19:25:10+00:00,100660.53,100660.53,
2026-07-30T19:26:10+00:00,100660.53,100660.53,
2026-07-30T19:27:11+00:00,100660.53,100660.53,
2026-07-30T19:28:11+00:00,100660.53,100660.53,
2026-07-30T19:29:11+00:00,100660.53,100660.53,
2026-07-30T19:30:12+00:00,100660.53,100660.53,
2026-07-30T19:31:12+00:00,100660.53,100660.53,
2026-07-30T19:32:12+00:00,100660.53,100660.53,
2026-07-30T19:33:12+00:00,100660.53,100660.53,
2026-07-30T19:34:12+00:00,100660.53,100660.53,
2026-07-30T19:35:13+00:00,100660.53,100660.53,
2026-07-30T19:36:13+00:00,100660.53,100660.53,
2026-07-30T19:37:13+00:00,100660.53,100660.53,
2026-07-30T19:38:13+00:00,100660.53,100660.53,
2026-07-30T19:39:13+00:00,100660.53,100660.53,
2026-07-30T19:40:14+00:00,100660.53,100660.53,
2026-07-30T19:41:14+00:00,100660.53,100660.53,
2026-07-30T19:42:14+00:00,100660.53,100660.53,
2026-07-30T19:43:14+00:00,100660.53,100660.53,
2026-07-30T19:44:14+00:00,100660.53,100660.53,
2026-07-30T19:45:15+00:00,100660.53,100660.53,
2026-07-30T19:46:15+00:00,100660.53,100660.53,
2026-07-30T19:47:15+00:00,100660.53,100660.53,
2026-07-30T19:48:15+00:00,100660.53,100660.53,
2026-07-30T19:49:15+00:00,100660.53,100660.53,
2026-07-30T19:50:16+00:00,100660.53,100660.53,
2026-07-30T19:51:16+00:00,100660.53,100660.53,
2026-07-30T19:52:16+00:00,100660.53,100660.53,
2026-07-30T19:53:17+00:00,100660.53,100660.53,
2026-07-30T19:54:17+00:00,100660.53,100660.53,
2026-07-30T19:55:17+00:00,100660.53,100660.53,
2026-07-30T19:56:18+00:00,100660.53,100660.53,
2026-07-30T19:57:18+00:00,100660.53,100660.53,
2026-07-30T19:58:18+00:00,100660.53,100660.53,
2026-07-30T19:59:18+00:00,100660.53,100660.53,
2026-07-30T20:00:18+00:00,100660.53,100660.53,
2026-07-30T20:01:19+00:00,100660.53,100660.53,
2026-07-30T20:02:19+00:00,100660.53,100660.53,
2026-07-30T20:03:19+00:00,100660.53,100660.53,
2026-07-30T20:04:19+00:00,100660.53,100660.53,
2026-07-30T20:05:19+00:00,100660.53,100660.53,
2026-07-30T20:06:20+00:00,100660.53,100660.53,
2026-07-30T20:07:20+00:00,100660.53,100660.53,
2026-07-30T20:08:20+00:00,100660.53,100660.53,
2026-07-30T20:09:20+00:00,100660.53,100660.53,
2026-07-30T20:10:21+00:00,100660.53,100660.53,
2026-07-30T20:11:21+00:00,100660.53,100660.53,
2026-07-30T20:12:21+00:00,100660.53,100660.53,
2026-07-30T20:13:21+00:00,100660.53,100660.53,
2026-07-30T20:14:21+00:00,100660.53,100660.53,
2026-07-30T20:15:22+00:00,100660.53,100660.53,
2026-07-30T20:16:22+00:00,100660.53,100660.53,
2026-07-30T20:17:22+00:00,100660.53,100660.53,
2026-07-30T20:18:22+00:00,100660.53,100660.53,
2026-07-30T20:19:22+00:00,100660.53,100660.53,
2026-07-30T20:20:23+00:00,100660.53,100660.53,
2026-07-30T20:21:23+00:00,100660.53,100660.53,
2026-07-30T20:22:23+00:00,100660.53,100660.53,
2026-07-30T20:23:23+00:00,100660.53,100660.53,
2026-07-30T20:24:23+00:00,100660.53,100660.53,
2026-07-30T20:25:24+00:00,100660.53,100660.53,
2026-07-30T20:26:24+00:00,100660.53,100660.53,
2026-07-30T20:27:24+00:00,100660.53,100660.53,
2026-07-30T20:28:24+00:00,100660.53,100660.53,
2026-07-30T20:29:24+00:00,100660.53,100660.53,
2026-07-30T20:30:25+00:00,100660.53,100660.53,
2026-07-30T20:31:25+00:00,100660.53,100660.53,
2026-07-30T20:32:25+00:00,100660.53,100660.53,
2026-07-30T20:33:25+00:00,100660.53,100660.53,
2026-07-30T20:34:25+00:00,100660.53,100660.53,
2026-07-30T20:35:26+00:00,100660.53,100660.53,
2026-07-30T20:36:26+00:00,100660.53,100660.53,
2026-07-30T20:37:26+00:00,100660.53,100660.53,
2026-07-30T20:38:26+00:00,100660.53,100660.53,
2026-07-30T20:39:27+00:00,100660.53,100660.53,
2026-07-30T20:40:27+00:00,100660.53,100660.53,
2026-07-30T20:41:28+00:00,100660.53,100660.53,
2026-07-30T20:42:28+00:00,100660.53,100660.53,
2026-07-30T20:43:28+00:00,100660.53,100660.53,
2026-07-30T20:44:28+00:00,100660.53,100660.53,
2026-07-30T20:45:28+00:00,100660.53,100660.53,
2026-07-30T20:46:29+00:00,100660.53,100660.53,
2026-07-30T20:47:29+00:00,100660.53,100660.53,
2026-07-30T20:48:29+00:00,100660.53,100660.53,
2026-07-30T20:49:29+00:00,100660.53,100660.53,
2026-07-30T20:50:30+00:00,100660.53,100660.53,
2026-07-30T20:51:30+00:00,100660.53,100660.53,
2026-07-30T20:52:30+00:00,100660.53,100660.53,
2026-07-30T20:53:30+00:00,100660.53,100660.53,
2026-07-30T20:54:30+00:00,100660.53,100660.53,
2026-07-30T20:55:31+00:00,100660.53,100660.53,
2026-07-30T20:56:31+00:00,100660.53,100660.53,
2026-07-30T20:57:31+00:00,100660.53,100660.53,
2026-07-30T20:58:31+00:00,100660.53,100660.53,
2026-07-30T20:59:31+00:00,100660.53,100660.53,
2026-07-30T21:00:32+00:00,100660.53,100660.53,
2026-07-30T21:01:32+00:00,100660.53,100660.53,
2026-07-30T21:02:32+00:00,100660.53,100660.53,
2026-07-30T21:03:32+00:00,100660.53,100660.53,
2026-07-30T21:04:32+00:00,100660.53,100660.53,
2026-07-30T21:05:33+00:00,100660.53,100660.53,
2026-07-30T21:06:33+00:00,100660.53,100660.53,
2026-07-30T21:07:33+00:00,100660.53,100660.53,
2026-07-30T21:08:33+00:00,100660.53,100660.53,
2026-07-30T21:09:33+00:00,100660.53,100660.53,
2026-07-30T21:10:34+00:00,100660.53,100660.53,
2026-07-30T21:11:34+00:00,100660.53,100660.53,
2026-07-30T21:12:34+00:00,100660.53,100660.53,
2026-07-30T21:13:34+00:00,100660.53,100660.53,
2026-07-30T21:14:35+00:00,100660.53,100660.53,
2026-07-30T21:15:36+00:00,100660.53,100660.53,
2026-07-30T21:16:36+00:00,100660.53,100660.53,
2026-07-30T21:17:36+00:00,100660.53,100660.53,
2026-07-30T21:18:36+00:00,100660.53,100660.53,
2026-07-30T21:19:36+00:00,100660.53,100660.53,
2026-07-30T21:20:37+00:00,100660.53,100660.53,
2026-07-30T21:21:37+00:00,100660.53,100660.53,
2026-07-30T21:22:37+00:00,100660.53,100660.53,
2026-07-30T21:23:37+00:00,100660.53,100660.53,
2026-07-30T21:24:38+00:00,100660.53,100660.53,
2026-07-30T21:25:38+00:00,100660.53,100660.53,
2026-07-30T21:26:38+00:00,100660.53,100660.53,
2026-07-30T21:27:38+00:00,100660.53,100660.53,
2026-07-30T21:28:38+00:00,100660.53,100660.53,
2026-07-30T21:29:39+00:00,100660.53,100660.53,
2026-07-30T21:30:39+00:00,100660.53,100660.53,
2026-07-30T21:31:39+00:00,100660.53,100660.53,
2026-07-30T21:32:39+00:00,100660.53,100660.53,
2026-07-30T21:33:39+00:00,100660.53,100660.53,
2026-07-30T21:34:40+00:00,100660.53,100660.53,
2026-07-30T21:35:40+00:00,100660.53,100660.53,
2026-07-30T21:36:40+00:00,100660.53,100660.53,
2026-07-30T21:37:40+00:00,100660.53,100660.53,
2026-07-30T21:38:40+00:00,100660.53,100660.53,
2026-07-30T21:39:41+00:00,100660.53,100660.53,
2026-07-30T21:40:41+00:00,100660.53,100660.53,
2026-07-30T21:41:41+00:00,100660.53,100660.53,
2026-07-30T21:42:41+00:00,100660.53,100660.53,
2026-07-30T21:43:41+00:00,100660.53,100660.53,
2026-07-30T21:44:42+00:00,100660.53,100660.53,
2026-07-30T21:45:42+00:00,100660.53,100660.53,
2026-07-30T21:46:42+00:00,100660.53,100660.53,
2026-07-30T21:47:42+00:00,100660.53,100660.53,
2026-07-30T21:48:43+00:00,100660.53,100660.53,
2026-07-30T21:49:43+00:00,100660.53,100660.53,
2026-07-30T21:50:43+00:00,100660.53,100660.53,
2026-07-30T21:51:43+00:00,100660.53,100660.53,
2026-07-30T21:52:43+00:00,100660.53,100660.53,
2026-07-30T21:53:44+00:00,100660.53,100660.53,
2026-07-30T21:54:44+00:00,100660.53,100660.53,
2026-07-30T21:55:44+00:00,100660.53,100660.53,
2026-07-30T21:56:44+00:00,100660.53,100660.53,
2026-07-30T21:57:44+00:00,100660.53,100660.53,
2026-07-30T21:58:45+00:00,100660.53,100660.53,
2026-07-30T21:59:45+00:00,100660.53,100660.53,
2026-07-30T22:00:45+00:00,100660.53,100660.53,
2026-07-30T22:01:45+00:00,100660.53,100660.53,
2026-07-30T22:02:45+00:00,100660.53,100660.53,
2026-07-30T22:03:46+00:00,100660.53,100660.53,
2026-07-30T22:04:46+00:00,100660.53,100660.53,
2026-07-30T22:05:46+00:00,100660.53,100660.53,
2026-07-30T22:06:46+00:00,100660.53,100660.53,
2026-07-30T22:07:47+00:00,100660.53,100660.53,
2026-07-30T22:08:47+00:00,100660.53,100660.53,
2026-07-30T22:09:47+00:00,100660.53,100660.53,
2026-07-30T22:10:47+00:00,100660.53,100660.53,
2026-07-30T22:11:47+00:00,100660.53,100660.53,
2026-07-30T22:12:48+00:00,100660.53,100660.53,
2026-07-30T22:13:48+00:00,100660.53,100660.53,
2026-07-30T22:14:48+00:00,100660.53,100660.53,
2026-07-30T22:15:48+00:00,100660.53,100660.53,
2026-07-30T22:16:48+00:00,100660.53,100660.53,
2026-07-30T22:17:49+00:00,100660.53,100660.53,
2026-07-30T22:18:49+00:00,100660.53,100660.53,
2026-07-30T22:19:49+00:00,100660.53,100660.53,
2026-07-30T22:20:49+00:00,100660.53,100660.53,
2026-07-30T22:21:49+00:00,100660.53,100660.53,
2026-07-30T22:22:50+00:00,100660.53,100660.53,
2026-07-30T22:23:50+00:00,100660.53,100660.53,
2026-07-30T22:24:50+00:00,100660.53,100660.53,
2026-07-30T22:25:50+00:00,100660.53,100660.53,
2026-07-30T22:26:50+00:00,100660.53,100660.53,
2026-07-30T22:27:51+00:00,100660.53,100660.53,
2026-07-30T22:28:51+00:00,100660.53,100660.53,
2026-07-30T22:29:51+00:00,100660.53,100660.53,
2026-07-30T22:30:52+00:00,100660.53,100660.53,
2026-07-30T22:31:52+00:00,100660.53,100660.53,
2026-07-30T22:32:52+00:00,100660.53,100660.53,
2026-07-30T22:33:53+00:00,100660.53,100660.53,
2026-07-30T22:34:53+00:00,100660.53,100660.53,
2026-07-30T22:35:53+00:00,100660.53,100660.53,
2026-07-30T22:36:53+00:00,100660.53,100660.53,
2026-07-30T22:37:54+00:00,100660.53,100660.53,
2026-07-30T22:38:54+00:00,100660.53,100660.53,
2026-07-30T22:39:54+00:00,100660.53,100660.53,
2026-07-30T22:40:54+00:00,100660.53,100660.53,
2026-07-30T23:45:11+00:00,100660.53,100660.53,
2026-07-31T12:35:22+00:00,100660.53,100660.53,
2026-07-31T12:41:08+00:00,100660.53,100660.53,
2026-07-31T12:42:09+00:00,100660.53,100660.53,
2026-07-31T12:43:09+00:00,100660.53,100660.53,
2026-07-31T12:44:09+00:00,100660.53,100660.53,
2026-07-31T12:45:09+00:00,100660.53,100660.53,
2026-07-31T12:46:09+00:00,100660.53,100660.53,
2026-07-31T12:47:10+00:00,100660.53,100660.53,
2026-07-31T12:48:10+00:00,100660.53,100660.53,
2026-07-31T12:49:10+00:00,100660.53,100660.53,
2026-07-31T12:50:10+00:00,100660.53,100660.53,
2026-07-31T12:51:10+00:00,100660.53,100660.53,
2026-07-31T12:52:11+00:00,100660.53,100660.53,
2026-07-31T12:53:11+00:00,100660.53,100660.53,
2026-07-31T12:54:11+00:00,100660.53,100660.53,
2026-07-31T12:55:11+00:00,100660.53,100660.53,
2026-07-31T12:56:12+00:00,100660.53,100660.53,
2026-07-31T12:57:12+00:00,100660.53,100660.53,
2026-07-31T12:58:12+00:00,100660.53,100660.53,
2026-07-31T12:59:12+00:00,100660.53,100660.53,
2026-07-31T13:00:12+00:00,100660.53,100660.53,
2026-07-31T13:01:13+00:00,100660.53,100660.53,
2026-07-31T13:02:13+00:00,100660.53,100660.53,
2026-07-31T13:03:13+00:00,100660.53,100660.53,
2026-07-31T13:04:13+00:00,100660.53,100660.53,
2026-07-31T13:05:13+00:00,100660.53,100660.53,
2026-07-31T13:06:14+00:00,100660.53,100660.53,
2026-07-31T13:07:14+00:00,100660.53,100660.53,
2026-07-31T13:08:14+00:00,100660.53,100660.53,
2026-07-31T13:09:14+00:00,100660.53,100660.53,
2026-07-31T13:10:14+00:00,100660.53,100660.53,
2026-07-31T13:11:15+00:00,100660.53,100660.53,
2026-07-31T13:12:15+00:00,100660.53,100660.53,
2026-07-31T13:13:15+00:00,100660.53,100660.53,
2026-07-31T13:14:15+00:00,100660.53,100660.53,
2026-07-31T13:15:15+00:00,100660.53,100660.53,
2026-07-31T13:16:16+00:00,100660.53,100660.53,
2026-07-31T13:17:16+00:00,100660.53,100660.53,
2026-07-31T13:18:16+00:00,100660.53,100660.53,
2026-07-31T13:19:16+00:00,100660.53,100660.53,
2026-07-31T13:20:17+00:00,100660.53,100660.53,
2026-07-31T13:21:17+00:00,100660.53,100660.53,
2026-07-31T13:22:17+00:00,100660.53,100660.53,
2026-07-31T13:23:17+00:00,100660.53,100660.53,
2026-07-31T13:24:17+00:00,100660.53,100660.53,
2026-07-31T13:25:18+00:00,100660.53,100660.53,
2026-07-31T13:26:18+00:00,100660.53,100660.53,
2026-07-31T13:27:18+00:00,100660.53,100660.53,
2026-07-31T13:28:18+00:00,100660.53,100660.53,
2026-07-31T13:29:18+00:00,100660.53,100660.53,
2026-07-31T13:30:21+00:00,100660.53,100660.53,
2026-07-31T13:31:21+00:00,100660.53,100660.53,
2026-07-31T13:32:21+00:00,100660.53,100660.53,
2026-07-31T13:33:21+00:00,100660.53,100660.53,
2026-07-31T13:34:22+00:00,100660.53,100660.53,
2026-07-31T13:35:22+00:00,100660.53,100660.53,
2026-07-31T13:36:22+00:00,100660.53,100660.53,
2026-07-31T13:37:22+00:00,100660.53,100660.53,
2026-07-31T13:38:22+00:00,100660.53,100660.53,
2026-07-31T13:39:23+00:00,100660.53,100660.53,
2026-07-31T13:40:23+00:00,100660.53,100660.53,
2026-07-31T13:41:23+00:00,100660.53,100660.53,
2026-07-31T13:42:23+00:00,100660.53,100660.53,
2026-07-31T13:43:23+00:00,100660.53,100660.53,
2026-07-31T13:44:24+00:00,100660.53,100660.53,
2026-07-31T13:45:24+00:00,100660.53,100660.53,
2026-07-31T13:46:24+00:00,100660.53,100660.53,
2026-07-31T13:47:24+00:00,100660.53,100660.53,
2026-07-31T13:48:24+00:00,100660.53,100660.53,
2026-07-31T13:49:25+00:00,100660.53,100660.53,
2026-07-31T13:50:25+00:00,100660.53,100660.53,
2026-07-31T13:51:25+00:00,100660.53,100660.53,
2026-07-31T13:52:25+00:00,100660.53,100660.53,
2026-07-31T13:53:26+00:00,100660.53,100660.53,
2026-07-31T13:54:26+00:00,100660.53,100660.53,
2026-07-31T13:55:26+00:00,100660.53,100660.53,
2026-07-31T13:56:26+00:00,100660.53,100660.53,
2026-07-31T13:57:26+00:00,100660.53,100660.53,
2026-07-31T13:58:27+00:00,100660.53,100660.53,
2026-07-31T13:59:27+00:00,100660.53,100660.53,
2026-07-31T14:00:27+00:00,100660.53,100660.53,
2026-07-31T14:01:27+00:00,100660.53,100660.53,
2026-07-31T14:02:27+00:00,100660.53,100660.53,
2026-07-31T14:03:28+00:00,100660.53,100660.53,
2026-07-31T14:04:28+00:00,100660.53,100660.53,
2026-07-31T14:05:28+00:00,100660.53,100660.53,
2026-07-31T14:06:28+00:00,100660.53,100660.53,
2026-07-31T14:07:29+00:00,100660.53,100660.53,
2026-07-31T14:08:29+00:00,100660.53,100660.53,
2026-07-31T14:09:29+00:00,100660.53,100660.53,
2026-07-31T14:10:29+00:00,100660.53,100660.53,
2026-07-31T14:11:29+00:00,100660.53,100660.53,
2026-07-31T14:12:30+00:00,100660.53,100660.53,
2026-07-31T14:13:30+00:00,100660.53,100660.53,
2026-07-31T14:14:30+00:00,100660.53,100660.53,
2026-07-31T14:15:30+00:00,100660.53,100660.53,
2026-07-31T14:16:30+00:00,100660.53,100660.53,
2026-07-31T14:17:31+00:00,100660.53,100660.53,
2026-07-31T14:19:08+00:00,100660.53,100660.53,
2026-07-31T14:20:08+00:00,100653.71,95627.37,
2026-07-31T14:21:08+00:00,100662.73,95627.37,
2026-07-31T14:22:09+00:00,100657.45,95627.37,
2026-07-31T14:23:09+00:00,100661.85,95627.37,
2026-07-31T14:24:09+00:00,100646.01,95627.37,
2026-07-31T14:25:09+00:00,100644.69,95627.37,
2026-07-31T14:26:09+00:00,100644.47,95627.37,
2026-07-31T14:27:10+00:00,100644.03,95627.37,
2026-07-31T14:28:10+00:00,100655.78,95627.37,
2026-07-31T14:29:10+00:00,100665.23,90685.98,
2026-07-31T14:30:10+00:00,100665.3,90685.98,
2026-07-31T14:31:11+00:00,100663.97,90685.98,
2026-07-31T14:32:11+00:00,100652.18,90685.98,
2026-07-31T14:33:11+00:00,100659.83,90685.98,
2026-07-31T14:34:11+00:00,100655.09,90685.98,
2026-07-31T14:35:12+00:00,100659.17,90685.98,
2026-07-31T14:36:12+00:00,100664.8,90685.98,
2026-07-31T14:37:12+00:00,100666.92,90685.98,
2026-07-31T14:38:12+00:00,100664.84,90685.98,
2026-07-31T14:39:12+00:00,100660.44,90685.98,
2026-07-31T14:40:13+00:00,100669.06,90685.98,
2026-07-31T14:41:13+00:00,100669.33,90685.98,
2026-07-31T14:42:13+00:00,100654.51,90685.98,
2026-07-31T14:43:13+00:00,100654.61,90685.98,
2026-07-31T14:44:13+00:00,100661.93,90685.98,
2026-07-31T14:45:14+00:00,100658.65,90685.98,
2026-07-31T14:46:14+00:00,100657.07,90685.98,
2026-07-31T14:47:14+00:00,100658.06,90685.98,
2026-07-31T14:48:14+00:00,100656.88,90685.98,
2026-07-31T14:49:15+00:00,100660.41,90685.98,
2026-07-31T14:50:15+00:00,100660.48,90685.98,
2026-07-31T14:51:15+00:00,100659.29,90685.98,
2026-07-31T14:52:15+00:00,100661.1,90685.98,
2026-07-31T14:53:15+00:00,100661.88,90685.98,
2026-07-31T14:54:16+00:00,100664.48,90685.98,
2026-07-31T14:55:16+00:00,100653.62,90685.98,
2026-07-31T14:56:16+00:00,100652.82,90685.98,
2026-07-31T14:57:16+00:00,100657.93,90685.98,
2026-07-31T14:58:16+00:00,100652.29,85700.88,
2026-07-31T14:59:17+00:00,100649.21,85700.88,
2026-07-31T15:00:17+00:00,100654.34,85700.88,
2026-07-31T15:01:17+00:00,100653.12,85700.88,
2026-07-31T15:02:17+00:00,100657.74,85700.88,
2026-07-31T15:03:18+00:00,100661.69,85700.88,
2026-07-31T15:04:18+00:00,100653.34,85700.88,
2026-07-31T15:05:18+00:00,100662.63,85700.88,
2026-07-31T15:06:18+00:00,100662.77,82702.48,
2026-07-31T15:07:18+00:00,100657.86,82702.48,
2026-07-31T15:08:19+00:00,100644.28,82702.48,
2026-07-31T15:09:19+00:00,100636.32,77828.98,
2026-07-31T15:10:19+00:00,100655.64,77828.98,
2026-07-31T15:11:19+00:00,100673.45,77828.98,
2026-07-31T15:12:19+00:00,100670.73,77828.98,
2026-07-31T15:13:20+00:00,100686.91,72870.95,
2026-07-31T15:14:20+00:00,100708.38,72870.95,
2026-07-31T15:15:20+00:00,100697.61,72870.95,
2026-07-31T15:16:20+00:00,100702.67,72870.95,
2026-07-31T15:17:21+00:00,100701.02,72870.95,
2026-07-31T15:18:21+00:00,100684.46,72870.95,
2026-07-31T15:19:21+00:00,100686.54,72870.95,
2026-07-31T15:20:21+00:00,100677.98,72870.95,
2026-07-31T15:21:21+00:00,100682.75,72870.95,
2026-07-31T15:22:22+00:00,100695.07,72870.95,
2026-07-31T15:23:22+00:00,100687.88,72870.95,
2026-07-31T15:24:22+00:00,100690.79,72870.95,
2026-07-31T15:25:22+00:00,100694.18,72870.95,
2026-07-31T15:26:22+00:00,100697.3,72870.95,
2026-07-31T15:27:23+00:00,100695.96,72870.95,
2026-07-31T15:28:23+00:00,100706.7,72870.95,
2026-07-31T15:29:23+00:00,100708.92,72870.95,
2026-07-31T15:30:23+00:00,100712.81,72870.95,
2026-07-31T15:31:24+00:00,100717.75,72870.95,
2026-07-31T15:32:24+00:00,100703.33,72870.95,
2026-07-31T15:33:24+00:00,100705.42,72870.95,
2026-07-31T15:34:24+00:00,100705.48,72870.95,
2026-07-31T15:35:24+00:00,100732.56,72870.95,
2026-07-31T15:36:25+00:00,100742.9,72870.95,
2026-07-31T15:37:25+00:00,100748.1,72870.95,
2026-07-31T15:38:25+00:00,100776.4,72870.95,
2026-07-31T15:39:25+00:00,100784.04,72870.95,
2026-07-31T15:40:25+00:00,100785.83,72870.95,
2026-07-31T15:41:26+00:00,100769.05,72870.95,
2026-07-31T15:42:26+00:00,100755.71,72870.95,
2026-07-31T15:43:26+00:00,100749.84,72870.95,
2026-07-31T15:44:26+00:00,100757.78,72870.95,
2026-07-31T15:45:27+00:00,100760.95,72870.95,
2026-07-31T15:46:27+00:00,100761.32,72870.95,
2026-07-31T15:47:27+00:00,100760.79,72870.95,
2026-07-31T15:48:27+00:00,100738.49,72870.95,
2026-07-31T15:49:27+00:00,100742.07,72870.95,
2026-07-31T15:50:28+00:00,100734.19,72870.95,
2026-07-31T15:51:28+00:00,100746.9,72870.95,
2026-07-31T15:52:28+00:00,100739.66,72870.95,
2026-07-31T15:53:28+00:00,100752.24,72870.95,
2026-07-31T15:54:28+00:00,100754.47,72870.95,
2026-07-31T15:55:29+00:00,100768.13,72870.95,
2026-07-31T15:56:29+00:00,100764.46,72870.95,
2026-07-31T15:57:29+00:00,100770.7,72870.95,
2026-07-31T15:58:29+00:00,100786.63,72870.95,
2026-07-31T15:59:29+00:00,100781.44,72870.95,
2026-07-31T16:00:30+00:00,100788.36,72870.95,
2026-07-31T16:01:30+00:00,100781.94,72870.95,
2026-07-31T16:02:30+00:00,100767.87,72870.95,
2026-07-31T16:03:30+00:00,100769.18,72870.95,
2026-07-31T16:04:31+00:00,100785.65,72870.95,
2026-07-31T16:05:31+00:00,100782.31,72870.95,
2026-07-31T16:06:31+00:00,100775.74,72870.95,
2026-07-31T16:07:31+00:00,100774.55,72870.95,
2026-07-31T16:08:31+00:00,100781.97,72870.95,
2026-07-31T16:09:32+00:00,100789.49,72870.95,
2026-07-31T16:10:32+00:00,100790.89,72870.95,
2026-07-31T16:11:32+00:00,100802.7,72870.95,
2026-07-31T16:12:32+00:00,100799.18,72870.95,
2026-07-31T16:13:32+00:00,100800.3,72870.95,
2026-07-31T16:14:33+00:00,100789.36,72870.95,
2026-07-31T16:15:33+00:00,100782.27,72870.95,
2026-07-31T16:16:33+00:00,100771.82,72870.95,
2026-07-31T16:17:33+00:00,100779.19,72870.95,
2026-07-31T16:18:34+00:00,100785.03,72870.95,
2026-07-31T16:19:34+00:00,100786.92,72870.95,
2026-07-31T16:20:34+00:00,100796.29,72870.95,
2026-07-31T16:21:34+00:00,100799.14,72870.95,
2026-07-31T16:22:34+00:00,100801.56,72870.95,
2026-07-31T16:23:35+00:00,100796.58,72870.95,
2026-07-31T16:24:35+00:00,100801.89,72870.95,
2026-07-31T16:25:35+00:00,100796.74,72870.95,
2026-07-31T16:26:35+00:00,100791.65,72870.95,
2026-07-31T16:27:35+00:00,100805.21,72870.95,
2026-07-31T16:28:36+00:00,100797.76,72870.95,
2026-07-31T16:29:36+00:00,100801.88,72870.95,
2026-07-31T16:30:36+00:00,100799.98,72870.95,
2026-07-31T16:31:36+00:00,100808.68,72870.95,
2026-07-31T16:32:37+00:00,100804.58,72870.95,
2026-07-31T16:33:37+00:00,100799.78,72870.95,
2026-07-31T16:34:37+00:00,100804.69,72870.95,
2026-07-31T16:35:37+00:00,100811.34,72870.95,
2026-07-31T16:36:37+00:00,100811.28,72870.95,
2026-07-31T16:37:38+00:00,100802.96,72870.95,
2026-07-31T16:38:38+00:00,100806.18,72870.95,
2026-07-31T16:39:38+00:00,100805.99,72870.95,
2026-07-31T16:40:38+00:00,100811.26,72870.95,
2026-07-31T16:41:38+00:00,100809.23,72870.95,
2026-07-31T16:42:39+00:00,100810.43,72870.95,
2026-07-31T16:43:39+00:00,100810.28,72870.95,
2026-07-31T16:44:39+00:00,100813.21,72870.95,
2026-07-31T16:45:39+00:00,100811.03,72870.95,
2026-07-31T16:46:39+00:00,100814.45,72870.95,
2026-07-31T16:47:40+00:00,100819.58,72870.95,
2026-07-31T16:48:40+00:00,100819.4,72870.95,
2026-07-31T16:49:40+00:00,100821.03,72870.95,
2026-07-31T16:50:40+00:00,100824.66,72870.95,
2026-07-31T16:51:40+00:00,100828.25,72870.95,
2026-07-31T16:52:41+00:00,100822.26,72870.95,
2026-07-31T16:53:41+00:00,100829.4,72870.95,
2026-07-31T16:54:41+00:00,100827.88,72870.95,
2026-07-31T16:55:41+00:00,100825.72,72870.95,
2026-07-31T16:56:42+00:00,100818.58,72870.95,
2026-07-31T16:57:42+00:00,100830.49,72870.95,
2026-07-31T16:58:42+00:00,100824.74,72870.95,
2026-07-31T16:59:42+00:00,100826.86,72870.95,
2026-07-31T17:00:42+00:00,100829.7,72870.95,
2026-07-31T17:01:43+00:00,100847.53,72870.95,
2026-07-31T17:02:43+00:00,100848.76,72870.95,
2026-07-31T17:03:43+00:00,100845.92,72870.95,
2026-07-31T17:04:43+00:00,100834.07,72870.95,
2026-07-31T17:05:43+00:00,100836.15,72870.95,
2026-07-31T17:06:44+00:00,100820.03,72870.95,
2026-07-31T17:07:44+00:00,100819.81,72870.95,
2026-07-31T17:08:44+00:00,100821.17,72870.95,
2026-07-31T17:09:44+00:00,100820.84,72870.95,
2026-07-31T17:10:45+00:00,100822.31,72870.95,
2026-07-31T17:11:45+00:00,100826.88,72870.95,
2026-07-31T17:12:45+00:00,100840.08,72870.95,
2026-07-31T17:13:45+00:00,100843.04,72870.95,
2026-07-31T17:14:45+00:00,100843.37,72870.95,
2026-07-31T17:15:46+00:00,100838.73,72870.95,
2026-07-31T17:16:46+00:00,100829.29,72870.95,
2026-07-31T17:17:46+00:00,100829.4,72870.95,
2026-07-31T17:18:46+00:00,100831.16,72870.95,
2026-07-31T17:19:46+00:00,100830.86,72870.95,
2026-07-31T17:20:47+00:00,100839.18,72870.95,
2026-07-31T17:21:47+00:00,100837.08,72870.95,
2026-07-31T17:22:47+00:00,100833.11,72870.95,
2026-07-31T17:23:47+00:00,100833.42,72870.95,
2026-07-31T17:24:47+00:00,100844.76,72870.95,
2026-07-31T17:25:48+00:00,100855.7,72870.95,
2026-07-31T17:26:48+00:00,100844.25,72870.95,
2026-07-31T17:27:48+00:00,100842.06,72870.95,
2026-07-31T17:28:48+00:00,100850.87,72870.95,
2026-07-31T17:29:49+00:00,100853.46,72870.95,
2026-07-31T17:30:49+00:00,100848.22,72870.95,
2026-07-31T17:31:49+00:00,100845.4,72870.95,
2026-07-31T17:32:49+00:00,100838.11,72870.95,
2026-07-31T17:33:49+00:00,100838.66,72870.95,
2026-07-31T17:34:50+00:00,100844.59,72870.95,
2026-07-31T17:35:50+00:00,100848.11,72870.95,
2026-07-31T17:36:50+00:00,100843.23,72870.95,
2026-07-31T17:37:50+00:00,100842.91,72870.95,
2026-07-31T17:38:50+00:00,100836.18,72870.95,
2026-07-31T17:39:51+00:00,100842.18,72870.95,
2026-07-31T17:40:51+00:00,100837.6,72870.95,
2026-07-31T17:41:51+00:00,100839.23,72870.95,
2026-07-31T17:42:51+00:00,100840.61,72870.95,
2026-07-31T17:43:51+00:00,100846.49,72870.95,
2026-07-31T17:44:52+00:00,100841.91,72870.95,
2026-07-31T17:45:52+00:00,100844.35,72870.95,
2026-07-31T17:46:52+00:00,100837.36,72870.95,
2026-07-31T17:47:52+00:00,100837.18,72870.95,
2026-07-31T17:48:53+00:00,100826.1,72870.95,
2026-07-31T17:49:53+00:00,100821.79,72870.95,
2026-07-31T17:50:53+00:00,100827.88,72870.95,
2026-07-31T17:51:53+00:00,100826.28,72870.95,
2026-07-31T17:52:53+00:00,100826.52,72870.95,
2026-07-31T17:53:54+00:00,100835.35,72870.95,
2026-07-31T17:54:54+00:00,100835.98,72870.95,
2026-07-31T17:55:54+00:00,100823.79,72870.95,
2026-07-31T17:56:54+00:00,100821.32,72870.95,
2026-07-31T17:57:54+00:00,100818.89,72870.95,
2026-07-31T17:58:55+00:00,100823.4,72870.95,
2026-07-31T17:59:55+00:00,100819.07,72870.95,
2026-07-31T18:00:55+00:00,100828.87,72870.95,
2026-07-31T18:01:55+00:00,100838.27,72870.95,
2026-07-31T18:02:55+00:00,100835.34,72870.95,
2026-07-31T18:03:56+00:00,100828.81,72870.95,
2026-07-31T18:04:56+00:00,100823.61,72870.95,
2026-07-31T18:05:56+00:00,100813.65,72870.95,
2026-07-31T18:06:56+00:00,100826.08,72870.95,
2026-07-31T18:07:57+00:00,100823.35,72870.95,
2026-07-31T18:08:57+00:00,100826.11,72870.95,
2026-07-31T18:09:57+00:00,100829.64,72870.95,
2026-07-31T18:10:57+00:00,100826.57,72870.95,
2026-07-31T18:11:57+00:00,100815.52,72870.95,
2026-07-31T18:12:58+00:00,100810.27,72870.95,
2026-07-31T18:13:58+00:00,100811.03,72870.95,
2026-07-31T18:14:58+00:00,100806.66,72870.95,
2026-07-31T18:15:58+00:00,100805.06,72870.95,
2026-07-31T18:16:58+00:00,100808.41,72870.95,
2026-07-31T18:17:59+00:00,100803.58,72870.95,
2026-07-31T18:18:59+00:00,100805.44,72870.95,
2026-07-31T18:19:59+00:00,100799.04,72870.95,
2026-07-31T18:20:59+00:00,100802.83,72870.95,
2026-07-31T18:21:59+00:00,100808.87,72870.95,
2026-07-31T18:23:00+00:00,100815.29,72870.95,
2026-07-31T18:24:00+00:00,100818.74,72870.95,
2026-07-31T18:25:00+00:00,100821.1,72870.95,
2026-07-31T18:26:00+00:00,100820.97,72870.95,
2026-07-31T18:27:01+00:00,100815.52,72870.95,
2026-07-31T18:28:01+00:00,100821.28,72870.95,
2026-07-31T18:29:01+00:00,100824.54,72870.95,
2026-07-31T18:30:01+00:00,100822.48,72870.95,
2026-07-31T18:31:01+00:00,100820.75,72870.95,
2026-07-31T18:32:02+00:00,100824.75,72870.95,
2026-07-31T18:33:02+00:00,100824.74,72870.95,
2026-07-31T18:34:02+00:00,100822.83,72870.95,
2026-07-31T18:35:02+00:00,100825.4,72870.95,
2026-07-31T18:36:02+00:00,100823.65,72870.95,
2026-07-31T18:37:03+00:00,100833.56,72870.95,
2026-07-31T18:38:03+00:00,100832.36,72870.95,
2026-07-31T18:39:03+00:00,100823.5,72870.95,
2026-07-31T18:40:03+00:00,100817.72,72870.95,
2026-07-31T18:41:04+00:00,100820.3,72870.95,
2026-07-31T18:42:04+00:00,100826.01,72870.95,
2026-07-31T18:43:04+00:00,100831.06,72870.95,
2026-07-31T18:44:04+00:00,100835.3,72870.95,
2026-07-31T18:45:04+00:00,100833.95,72870.95,
2026-07-31T18:46:05+00:00,100830.51,72870.95,
2026-07-31T18:47:05+00:00,100826.41,72870.95,
2026-07-31T18:48:05+00:00,100826.55,72870.95,
2026-07-31T18:49:05+00:00,100825.81,72870.95,
2026-07-31T18:50:05+00:00,100829.4,72870.95,
2026-07-31T18:51:06+00:00,100833.16,72870.95,
2026-07-31T18:52:06+00:00,100826.77,72870.95,
2026-07-31T18:53:06+00:00,100821.74,72870.95,
2026-07-31T18:54:06+00:00,100820.37,72870.95,
2026-07-31T18:55:06+00:00,100815.47,72870.95,
2026-07-31T18:56:07+00:00,100820.61,72870.95,
2026-07-31T18:57:07+00:00,100828.03,72870.95,
2026-07-31T18:58:07+00:00,100819.49,72870.95,
2026-07-31T18:59:07+00:00,100822.81,72870.95,
2026-07-31T19:00:08+00:00,100826.56,72870.95,
2026-07-31T19:01:08+00:00,100829.85,72870.95,
2026-07-31T19:02:08+00:00,100826.65,72870.95,
2026-07-31T19:03:08+00:00,100829.14,72870.95,
2026-07-31T19:04:08+00:00,100822.9,72870.95,
2026-07-31T19:05:09+00:00,100820.07,72870.95,
2026-07-31T19:06:09+00:00,100822.71,72870.95,
2026-07-31T19:07:09+00:00,100817.21,72870.95,
2026-07-31T19:08:09+00:00,100827.1,72870.95,
2026-07-31T19:09:09+00:00,100842.08,72870.95,
2026-07-31T19:10:10+00:00,100837.69,72870.95,
2026-07-31T19:11:10+00:00,100848.7,72870.95,
2026-07-31T19:12:10+00:00,100843.45,72870.95,
2026-07-31T19:13:10+00:00,100855.95,72870.95,
2026-07-31T19:14:11+00:00,100848.92,72870.95,
2026-07-31T19:15:11+00:00,100845.46,72870.95,
2026-07-31T19:16:11+00:00,100846.29,72870.95,
2026-07-31T19:17:11+00:00,100853.36,72870.95,
2026-07-31T19:18:11+00:00,100871.06,72870.95,
2026-07-31T19:19:12+00:00,100875.37,72870.95,
2026-07-31T19:20:12+00:00,100869.14,72870.95,
2026-07-31T19:21:12+00:00,100869.49,72870.95,
2026-07-31T19:22:12+00:00,100880.54,72870.95,
2026-07-31T19:23:12+00:00,100875.44,72870.95,
2026-07-31T19:24:13+00:00,100872.57,72870.95,
2026-07-31T19:25:13+00:00,100882.75,72870.95,
2026-07-31T19:26:13+00:00,100897.08,72870.95,
2026-07-31T19:27:13+00:00,100882.94,72870.95,
2026-07-31T19:28:13+00:00,100883.99,72870.95,
2026-07-31T19:29:14+00:00,100881.94,72870.95,
2026-07-31T19:30:14+00:00,100871.08,72870.95,
2026-07-31T19:31:14+00:00,100867.8,72870.95,
2026-07-31T19:32:14+00:00,100858.04,72870.95,
2026-07-31T19:33:14+00:00,100864.36,72870.95,
2026-07-31T19:34:15+00:00,100861.24,72870.95,
2026-07-31T19:35:15+00:00,100859.51,72870.95,
2026-07-31T19:36:15+00:00,100856.52,72870.95,
2026-07-31T19:37:15+00:00,100859.63,72870.95,
2026-07-31T19:38:16+00:00,100865.78,72870.95,
2026-07-31T19:39:16+00:00,100872.32,72870.95,
2026-07-31T19:40:16+00:00,100879.19,72870.95,
2026-07-31T19:41:16+00:00,100873.68,72870.95,
2026-07-31T19:42:16+00:00,100877.96,72870.95,
2026-07-31T19:43:17+00:00,100870.7,72870.95,
2026-07-31T19:44:17+00:00,100878.6,72870.95,
2026-07-31T19:45:17+00:00,100893.35,72870.95,
2026-07-31T19:46:17+00:00,100892.02,72870.95,
2026-07-31T19:47:18+00:00,100899.83,72870.95,
2026-07-31T19:48:18+00:00,100898.78,72870.95,
2026-07-31T19:49:18+00:00,100905.61,72870.95,
2026-07-31T19:50:18+00:00,100906.87,72870.95,
2026-07-31T19:51:18+00:00,100902.74,72870.95,
2026-07-31T19:52:19+00:00,100887.71,72870.95,
2026-07-31T19:53:19+00:00,100882.74,72870.95,
2026-07-31T19:54:19+00:00,100878.81,72870.95,
2026-07-31T19:55:19+00:00,100857.61,72870.95,
2026-07-31T19:56:19+00:00,100849.51,72870.95,
2026-07-31T19:57:20+00:00,100832.92,72870.95,
2026-07-31T19:58:20+00:00,100817.96,72870.95,
2026-07-31T19:59:20+00:00,100796.66,72870.95,
2026-07-31T20:00:20+00:00,100788.31,72870.95,
2026-07-31T20:01:21+00:00,100778.89,72870.95,
2026-07-31T20:02:21+00:00,100778.8,72870.95,
2026-07-31T20:03:21+00:00,100713.61,72870.95,
2026-07-31T20:04:21+00:00,100713.61,72870.95,
2026-07-31T20:05:21+00:00,100786.4,72870.95,
2026-07-31T20:06:22+00:00,100791.2,72870.95,
2026-07-31T20:07:22+00:00,100746.07,72870.95,
2026-07-31T20:08:22+00:00,100746.07,72870.95,
2026-07-31T20:09:22+00:00,100743.22,72870.95,
2026-07-31T20:10:22+00:00,100789.16,72870.95,
2026-07-31T20:11:23+00:00,100798.47,72870.95,
2026-07-31T20:12:23+00:00,100798.47,72870.95,
2026-07-31T20:13:23+00:00,100801.67,72870.95,
2026-07-31T20:14:23+00:00,100803.23,72870.95,
2026-07-31T20:15:23+00:00,100801.18,72870.95,
2026-07-31T20:16:24+00:00,100801.18,72870.95,
2026-07-31T20:17:24+00:00,100802.17,72870.95,
2026-07-31T20:18:24+00:00,100802.17,72870.95,
2026-07-31T20:19:24+00:00,100801.5,72870.95,
2026-07-31T20:20:24+00:00,100801.5,72870.95,
2026-07-31T20:21:25+00:00,100798.94,72870.95,
2026-07-31T20:22:25+00:00,100794.65,72870.95,
2026-07-31T20:23:25+00:00,100785.7,72870.95,
2026-07-31T20:24:25+00:00,100790.34,72870.95,
2026-07-31T20:25:26+00:00,100790.34,72870.95,
2026-07-31T20:26:26+00:00,100808.3,72870.95,
2026-07-31T20:27:26+00:00,100810.8,72870.95,
2026-07-31T20:28:26+00:00,100810.48,72870.95,
2026-07-31T20:29:26+00:00,100810.48,72870.95,
2026-07-31T20:30:27+00:00,100810.48,72870.95,
2026-07-31T20:31:27+00:00,100812.08,72870.95,
2026-07-31T20:32:27+00:00,100812.08,72870.95,
2026-07-31T20:33:27+00:00,100810.16,72870.95,
2026-07-31T20:34:28+00:00,100809.72,72870.95,
2026-07-31T20:35:28+00:00,100809.72,72870.95,
2026-07-31T20:36:28+00:00,100811.92,72870.95,
2026-07-31T20:37:29+00:00,100814.48,72870.95,
2026-07-31T20:38:29+00:00,100813.84,72870.95,
2026-07-31T20:39:29+00:00,100815.44,72870.95,
2026-07-31T20:40:29+00:00,100815.44,72870.95,
2026-07-31T20:41:29+00:00,100817.63,72870.95,
2026-07-31T20:42:30+00:00,100817.68,72870.95,
2026-07-31T20:43:30+00:00,100817.68,72870.95,
2026-07-31T20:44:30+00:00,100818.64,72870.95,
2026-07-31T20:45:30+00:00,100805.94,72870.95,
2026-07-31T20:46:30+00:00,100808.84,72870.95,
2026-07-31T20:47:31+00:00,100821.16,72870.95,
2026-07-31T20:48:31+00:00,100818.08,72870.95,
2026-07-31T20:49:31+00:00,100824.44,72870.95,
2026-07-31T20:50:31+00:00,100824.44,72870.95,
2026-07-31T20:51:32+00:00,100824.44,72870.95,
2026-07-31T20:52:32+00:00,100824.44,72870.95,
2026-07-31T20:53:32+00:00,100823.12,72870.95,
2026-07-31T20:54:32+00:00,100818.16,72870.95,
2026-07-31T20:55:32+00:00,100818.16,72870.95,
2026-07-31T20:56:33+00:00,100814.32,72870.95,
2026-07-31T20:57:33+00:00,100814.32,72870.95,
2026-07-31T20:58:33+00:00,100821.93,72870.95,
2026-07-31T20:59:33+00:00,100834.25,72870.95,
2026-07-31T21:00:33+00:00,100828.97,72870.95,
2026-07-31T21:01:34+00:00,100828.97,72870.95,
2026-07-31T21:02:34+00:00,100828.97,72870.95,
2026-07-31T21:03:34+00:00,100818.16,72870.95,
2026-07-31T21:04:34+00:00,100818.16,72870.95,
2026-07-31T21:05:34+00:00,100818.16,72870.95,
2026-07-31T21:06:35+00:00,100818.16,72870.95,
2026-07-31T21:07:36+00:00,100815.59,72870.95,
2026-07-31T21:08:36+00:00,100815.59,72870.95,
2026-07-31T21:09:36+00:00,100815.59,72870.95,
2026-07-31T21:10:36+00:00,100816.07,72870.95,
2026-07-31T21:11:36+00:00,100816.07,72870.95,
2026-07-31T21:12:37+00:00,100795.0,72870.95,
2026-07-31T21:13:37+00:00,100794.0,72870.95,
2026-07-31T21:14:37+00:00,100794.0,72870.95,
2026-07-31T21:15:37+00:00,100794.0,72870.95,
2026-07-31T21:16:37+00:00,100794.0,72870.95,
2026-07-31T21:17:38+00:00,100794.0,72870.95,
2026-07-31T21:18:38+00:00,100793.08,72870.95,
2026-07-31T21:19:38+00:00,100793.08,72870.95,
2026-07-31T21:20:38+00:00,100793.08,72870.95,
2026-07-31T21:21:38+00:00,100782.08,72870.95,
2026-07-31T21:22:39+00:00,100781.9,72870.95,
2026-07-31T21:23:49+00:00,100781.9,72870.95,
2026-07-31T21:24:49+00:00,100781.76,72870.95,
2026-07-31T21:25:49+00:00,100781.76,72870.95,
2026-07-31T21:26:49+00:00,100781.12,72870.95,
2026-07-31T21:27:49+00:00,100777.76,72870.95,
2026-07-31T21:28:50+00:00,100777.12,72870.95,
2026-07-31T21:29:50+00:00,100777.12,72870.95,
2026-07-31T21:30:50+00:00,100777.12,72870.95,
2026-07-31T21:31:50+00:00,100774.88,72870.95,
2026-07-31T21:32:50+00:00,100774.88,72870.95,
2026-07-31T21:33:51+00:00,100774.88,72870.95,
2026-07-31T21:34:51+00:00,100774.88,72870.95,
2026-07-31T21:35:51+00:00,100774.88,72870.95,
2026-07-31T21:36:51+00:00,100774.88,72870.95,
2026-07-31T21:37:52+00:00,100777.77,72870.95,
2026-07-31T21:38:52+00:00,100777.77,72870.95,
2026-07-31T21:39:52+00:00,100781.28,72870.95,
2026-07-31T21:40:52+00:00,100781.28,72870.95,
2026-07-31T21:41:52+00:00,100778.56,72870.95,
2026-07-31T21:42:53+00:00,100778.56,72870.95,
2026-07-31T21:43:53+00:00,100778.56,72870.95,
2026-07-31T21:44:53+00:00,100778.56,72870.95,
2026-07-31T21:45:53+00:00,100778.56,72870.95,
2026-07-31T21:46:53+00:00,100778.56,72870.95,
2026-07-31T21:47:54+00:00,100778.56,72870.95,
2026-07-31T21:48:54+00:00,100778.56,72870.95,
2026-07-31T21:49:54+00:00,100779.23,72870.95,
2026-07-31T21:50:54+00:00,100783.44,72870.95,
2026-07-31T21:51:54+00:00,100784.48,72870.95,
2026-07-31T21:52:55+00:00,100784.48,72870.95,
2026-07-31T21:53:55+00:00,100753.64,72870.95,
2026-07-31T21:54:55+00:00,100764.34,72870.95,
2026-07-31T21:55:55+00:00,100764.5,72870.95,
2026-07-31T21:56:55+00:00,100767.54,72870.95,
2026-07-31T21:57:56+00:00,100764.34,72870.95,
2026-07-31T21:58:56+00:00,100764.5,72870.95,
2026-07-31T21:59:56+00:00,100764.5,72870.95,
2026-07-31T22:00:56+00:00,100757.35,72870.95,
2026-07-31T22:01:57+00:00,100759.41,72870.95,
2026-07-31T22:02:57+00:00,100755.48,72870.95,
2026-07-31T22:03:57+00:00,100755.48,72870.95,
2026-07-31T22:04:58+00:00,100755.48,72870.95,
2026-07-31T22:05:58+00:00,100760.6,72870.95,
2026-07-31T22:06:58+00:00,100760.6,72870.95,
2026-07-31T22:07:59+00:00,100760.6,72870.95,
2026-07-31T22:08:59+00:00,100760.6,72870.95,
2026-07-31T22:09:59+00:00,100760.6,72870.95,
2026-07-31T22:10:59+00:00,100760.6,72870.95,
2026-07-31T22:11:59+00:00,100760.6,72870.95,
2026-07-31T22:13:00+00:00,100753.6,72870.95,
2026-07-31T22:14:00+00:00,100759.96,72870.95,
2026-07-31T22:15:01+00:00,100759.96,72870.95,
2026-07-31T22:16:01+00:00,100753.63,72870.95,
2026-07-31T22:17:01+00:00,100753.63,72870.95,
2026-07-31T22:18:01+00:00,100753.63,72870.95,
2026-07-31T22:19:02+00:00,100753.63,72870.95,
2026-07-31T22:20:02+00:00,100748.57,72870.95,
2026-07-31T22:21:02+00:00,100748.57,72870.95,
2026-07-31T22:22:02+00:00,100748.57,72870.95,
2026-07-31T22:23:02+00:00,100748.57,72870.95,
2026-07-31T22:24:03+00:00,100748.57,72870.95,
2026-07-31T22:25:03+00:00,100748.57,72870.95,
2026-07-31T22:26:03+00:00,100747.29,72870.95,
2026-07-31T22:27:03+00:00,100753.95,72870.95,
2026-07-31T22:28:03+00:00,100753.95,72870.95,
2026-07-31T22:29:04+00:00,100753.95,72870.95,
2026-07-31T22:30:04+00:00,100775.32,72870.95,
2026-07-31T22:31:04+00:00,100775.32,72870.95,
2026-07-31T22:32:04+00:00,100775.32,72870.95,
2026-07-31T22:33:04+00:00,100775.32,72870.95,
2026-07-31T22:34:05+00:00,100775.32,72870.95,
2026-07-31T22:35:05+00:00,100775.32,72870.95,
2026-07-31T22:36:05+00:00,100775.32,72870.95,
2026-07-31T22:37:05+00:00,100775.32,72870.95,
2026-07-31T22:38:06+00:00,100775.16,72870.95,
2026-07-31T22:39:06+00:00,100775.16,72870.95,
2026-07-31T22:40:06+00:00,100775.16,72870.95,
2026-07-31T22:41:06+00:00,100775.16,72870.95,
2026-07-31T22:42:06+00:00,100775.16,72870.95,
2026-07-31T22:43:07+00:00,100775.16,72870.95,
2026-07-31T22:44:07+00:00,100773.88,72870.95,
2026-07-31T22:45:07+00:00,100773.88,72870.95,
2026-07-31T22:46:07+00:00,100773.88,72870.95,
2026-07-31T22:47:07+00:00,100773.88,72870.95,
2026-07-31T22:48:08+00:00,100773.88,72870.95,
2026-07-31T22:49:08+00:00,100773.88,72870.95,
2026-07-31T22:50:08+00:00,100773.88,72870.95,
2026-07-31T22:51:08+00:00,100773.88,72870.95,
2026-07-31T22:52:09+00:00,100773.88,72870.95,
2026-07-31T22:53:09+00:00,100773.88,72870.95,
2026-07-31T22:54:09+00:00,100773.88,72870.95,
2026-07-31T22:55:09+00:00,100773.88,72870.95,
2026-07-31T22:56:09+00:00,100776.28,72870.95,
2026-07-31T22:57:46+00:00,100773.88,72870.95,
2026-07-31T23:11:25+00:00,100773.84,72870.95,
2026-07-31T23:22:36+00:00,100795.48,72870.95,
2026-07-31T23:37:10+00:00,100799.88,72870.95,
2026-07-31T23:38:10+00:00,100799.88,72870.95,
2026-07-31T23:39:11+00:00,100800.52,72870.95,
2026-07-31T23:40:11+00:00,100800.52,72870.95,
2026-07-31T23:41:11+00:00,100800.36,72870.95,
2026-07-31T23:42:11+00:00,100800.36,72870.95,
2026-07-31T23:43:12+00:00,100800.36,72870.95,
2026-07-31T23:44:12+00:00,100800.36,72870.95,
2026-07-31T23:45:12+00:00,100800.36,72870.95,
2026-07-31T23:46:12+00:00,100800.36,72870.95,
2026-07-31T23:47:12+00:00,100800.52,72870.95,
2026-07-31T23:48:13+00:00,100800.52,72870.95,
2026-07-31T23:49:13+00:00,100800.52,72870.95,
2026-07-31T23:50:13+00:00,100800.36,72870.95,
2026-07-31T23:51:13+00:00,100800.36,72870.95,
2026-07-31T23:52:14+00:00,100800.36,72870.95,
2026-07-31T23:53:14+00:00,100800.36,72870.95,
2026-07-31T23:54:14+00:00,100780.56,72870.95,
2026-08-01T00:02:50+00:00,100792.93,72870.95,
2026-08-01T00:03:50+00:00,100792.93,72870.95,
2026-08-01T00:04:50+00:00,100792.93,72870.95,
2026-08-01T00:05:51+00:00,100792.93,72870.95,
2026-08-01T00:06:51+00:00,100792.93,72870.95,
2026-08-01T00:07:51+00:00,100792.93,72870.95,
2026-08-01T00:08:51+00:00,100792.93,72870.95,
2026-08-01T00:09:51+00:00,100792.93,72870.95,
2026-08-01T00:10:52+00:00,100792.93,72870.95,
2026-08-01T00:11:52+00:00,100792.93,72870.95,
2026-08-01T00:12:52+00:00,100792.93,72870.95,
2026-08-01T00:13:52+00:00,100792.93,72870.95,
2026-08-01T00:14:53+00:00,100792.93,72870.95,
2026-08-01T00:15:53+00:00,100792.93,72870.95,
2026-08-01T00:16:53+00:00,100792.93,72870.95,
2026-08-01T00:17:53+00:00,100792.93,72870.95,
2026-08-01T00:18:53+00:00,100792.93,72870.95,
2026-08-01T00:19:54+00:00,100792.93,72870.95,
2026-08-01T00:20:54+00:00,100792.93,72870.95,
2026-08-01T00:21:54+00:00,100792.93,72870.95,
2026-08-01T00:22:54+00:00,100792.93,72870.95,
2026-08-01T00:23:54+00:00,100792.93,72870.95,
2026-08-01T00:24:55+00:00,100792.93,72870.95,
2026-08-01T00:25:55+00:00,100792.93,72870.95,
2026-08-01T02:17:10+00:00,100787.44,72870.95,
2026-08-01T02:18:11+00:00,100787.44,72870.95,
2026-08-01T02:19:11+00:00,100787.44,72870.95,
2026-08-01T02:20:11+00:00,100787.44,72870.95,
2026-08-01T02:21:11+00:00,100787.44,72870.95,
2026-08-01T02:22:12+00:00,100787.44,72870.95,
2026-08-01T02:23:12+00:00,100787.44,72870.95,
2026-08-01T02:24:12+00:00,100787.44,72870.95,
2026-08-01T02:25:12+00:00,100787.44,72870.95,
2026-08-01T02:26:12+00:00,100787.44,72870.95,
2026-08-01T02:27:13+00:00,100787.44,72870.95,
2026-08-01T02:28:13+00:00,100787.44,72870.95,
2026-08-01T02:29:13+00:00,100787.44,72870.95,
2026-08-01T02:30:13+00:00,100787.44,72870.95,
2026-08-01T02:31:14+00:00,100787.44,72870.95,
2026-08-01T02:32:14+00:00,100787.44,72870.95,
2026-08-01T02:33:14+00:00,100787.44,72870.95,
2026-08-01T02:34:14+00:00,100787.44,72870.95,
2026-08-01T02:35:14+00:00,100787.44,72870.95,
2026-08-01T02:36:15+00:00,100787.44,72870.95,
2026-08-01T02:37:15+00:00,100787.44,72870.95,
2026-08-01T02:38:15+00:00,100787.44,72870.95,
2026-08-01T02:39:15+00:00,100787.44,72870.95,
2026-08-01T02:40:15+00:00,100787.44,72870.95,
2026-08-01T02:41:16+00:00,100787.44,72870.95,
2026-08-01T02:42:16+00:00,100787.44,72870.95,
2026-08-01T02:43:16+00:00,100787.44,72870.95,
2026-08-01T02:44:16+00:00,100787.44,72870.95,
2026-08-01T02:45:17+00:00,100787.44,72870.95,
2026-08-01T02:46:17+00:00,100787.44,72870.95,
2026-08-01T02:47:17+00:00,100787.44,72870.95,
2026-08-01T02:48:17+00:00,100787.44,72870.95,
2026-08-01T02:49:17+00:00,100787.44,72870.95,
2026-08-01T02:50:18+00:00,100787.44,72870.95,
2026-08-01T02:51:18+00:00,100787.44,72870.95,
2026-08-01T02:52:18+00:00,100787.44,72870.95,
2026-08-01T02:53:18+00:00,100787.44,72870.95,
2026-08-01T02:54:19+00:00,100787.44,72870.95,
2026-08-01T02:55:19+00:00,100787.44,72870.95,
2026-08-01T02:56:19+00:00,100787.44,72870.95,
2026-08-01T02:57:19+00:00,100787.44,72870.95,
2026-08-01T02:58:19+00:00,100787.44,72870.95,
2026-08-01T02:59:20+00:00,100787.44,72870.95,
2026-08-01T03:00:20+00:00,100787.44,72870.95,
2026-08-01T03:01:20+00:00,100787.44,72870.95,
2026-08-01T03:02:20+00:00,100787.44,72870.95,
2026-08-01T03:03:21+00:00,100787.44,72870.95,
2026-08-01T04:31:38+00:00,100787.44,72870.95,
2026-08-01T04:32:38+00:00,100787.44,72870.95,
2026-08-01T04:33:38+00:00,100787.44,72870.95,
2026-08-01T04:34:39+00:00,100787.44,72870.95,
2026-08-01T04:35:39+00:00,100787.44,72870.95,
2026-08-01T04:36:39+00:00,100787.44,72870.95,
2026-08-01T04:37:39+00:00,100787.44,72870.95,
2026-08-01T04:38:40+00:00,100787.44,72870.95,
2026-08-01T04:39:40+00:00,100787.44,72870.95,
2026-08-01T04:40:40+00:00,100787.44,72870.95,
2026-08-01T04:41:40+00:00,100787.44,72870.95,
2026-08-01T04:42:52+00:00,100787.44,72870.95,
2026-08-01T04:43:52+00:00,100787.44,72870.95,
2026-08-01T04:44:52+00:00,100787.44,72870.95,
2026-08-01T04:45:52+00:00,100787.44,72870.95,
2026-08-01T04:46:53+00:00,100787.44,72870.95,
2026-08-01T04:47:53+00:00,100787.44,72870.95,
2026-08-01T04:48:53+00:00,100787.44,72870.95,
2026-08-01T04:49:53+00:00,100787.44,72870.95,
2026-08-01T04:50:53+00:00,100787.44,72870.95,
2026-08-01T04:51:54+00:00,100787.44,72870.95,
2026-08-01T04:52:54+00:00,100787.44,72870.95,
2026-08-01T04:55:38+00:00,100787.44,72870.95,
2026-08-01T04:56:38+00:00,100787.44,72870.95,
2026-08-01T04:57:39+00:00,100787.44,72870.95,
2026-08-01T04:58:39+00:00,100787.44,72870.95,
2026-08-01T04:59:39+00:00,100787.44,72870.95,
2026-08-01T05:00:39+00:00,100787.44,72870.95,
2026-08-01T05:01:47+00:00,100787.44,72870.95,
2026-08-01T05:02:48+00:00,100787.44,72870.95,
2026-08-01T05:03:48+00:00,100787.44,72870.95,
2026-08-01T05:04:48+00:00,100787.44,72870.95,
2026-08-01T05:05:48+00:00,100787.44,72870.95,
2026-08-01T05:06:49+00:00,100787.44,72870.95,
2026-08-01T05:07:31+00:00,100787.44,72870.95,
2026-08-01T05:08:31+00:00,100787.44,72870.95,
2026-08-01T05:09:32+00:00,100787.44,72870.95,
2026-08-01T05:10:32+00:00,100787.44,72870.95,
2026-08-01T05:11:32+00:00,100787.44,72870.95,
2026-08-01T05:12:32+00:00,100787.44,72870.95,
2026-08-01T05:13:32+00:00,100787.44,72870.95,
2026-08-01T05:14:33+00:00,100787.44,72870.95,
2026-08-01T05:15:33+00:00,100787.44,72870.95,
2026-08-01T05:16:33+00:00,100787.44,72870.95,
2026-08-01T05:17:33+00:00,100787.44,72870.95,
2026-08-01T05:18:34+00:00,100787.44,72870.95,
2026-08-01T05:19:34+00:00,100787.44,72870.95,
2026-08-01T05:20:34+00:00,100787.44,72870.95,
2026-08-01T05:21:34+00:00,100787.44,72870.95,
2026-08-01T05:22:34+00:00,100787.44,72870.95,
2026-08-01T05:23:35+00:00,100787.44,72870.95,
2026-08-01T05:24:35+00:00,100787.44,72870.95,
2026-08-01T05:25:35+00:00,100787.44,72870.95,
2026-08-01T05:26:35+00:00,100787.44,72870.95,
2026-08-01T05:28:24+00:00,100787.44,72870.95,
2026-08-01T05:29:24+00:00,100787.44,72870.95,
2026-08-01T05:30:24+00:00,100787.44,72870.95,
2026-08-01T05:31:24+00:00,100787.44,72870.95,
2026-08-01T05:32:24+00:00,100787.44,72870.95,
2026-08-01T05:33:25+00:00,100787.44,72870.95,
2026-08-01T05:34:25+00:00,100787.44,72870.95,
2026-08-01T05:35:25+00:00,100787.44,72870.95,
2026-08-01T05:36:25+00:00,100787.44,72870.95,
2026-08-01T05:37:26+00:00,100787.44,72870.95,
2026-08-01T05:38:26+00:00,100787.44,72870.95,
2026-08-01T05:39:26+00:00,100787.44,72870.95,
2026-08-01T05:40:26+00:00,100787.44,72870.95,
2026-08-01T05:41:26+00:00,100787.44,72870.95,
2026-08-01T05:42:27+00:00,100787.44,72870.95,
2026-08-01T05:43:27+00:00,100787.44,72870.95,
2026-08-01T05:44:27+00:00,100787.44,72870.95,
2026-08-01T05:45:27+00:00,100787.44,72870.95,
2026-08-01T05:46:27+00:00,100787.44,72870.95,
2026-08-01T05:47:28+00:00,100787.44,72870.95,
2026-08-01T05:48:28+00:00,100787.44,72870.95,
2026-08-01T05:49:28+00:00,100787.44,72870.95,
2026-08-01T05:50:28+00:00,100787.44,72870.95,
2026-08-01T05:51:29+00:00,100787.44,72870.95,
2026-08-01T05:52:29+00:00,100787.44,72870.95,
2026-08-01T05:53:29+00:00,100787.44,72870.95,
2026-08-01T06:25:50+00:00,100787.44,72870.95,
2026-08-01T06:26:50+00:00,100787.44,72870.95,
2026-08-01T07:16:36+00:00,100787.44,72870.95,
2026-08-01T07:48:04+00:00,100787.43,72870.94,
2026-08-01T07:49:04+00:00,100787.43,72870.94,
2026-08-01T07:50:04+00:00,100787.43,72870.94,
2026-08-01T07:51:04+00:00,100787.43,72870.94,
2026-08-01T07:52:04+00:00,100787.43,72870.94,
2026-08-01T07:53:05+00:00,100787.43,72870.94,
2026-08-01T07:54:05+00:00,100787.43,72870.94,
2026-08-01T07:55:05+00:00,100787.43,72870.94,
2026-08-01T07:56:05+00:00,100787.43,72870.94,
2026-08-01T07:57:06+00:00,100787.43,72870.94,
2026-08-01T07:58:06+00:00,100787.43,72870.94,
2026-08-01T07:59:06+00:00,100787.43,72870.94,
2026-08-01T08:00:06+00:00,100787.43,72870.94,
2026-08-01T08:01:06+00:00,100787.43,72870.94,
2026-08-01T08:02:07+00:00,100787.43,72870.94,
2026-08-01T08:03:07+00:00,100787.43,72870.94,
2026-08-01T08:04:07+00:00,100787.43,72870.94,
2026-08-01T08:06:32+00:00,100787.43,72870.94,
2026-08-01T08:07:32+00:00,100787.43,72870.94,
2026-08-01T08:08:32+00:00,100787.43,72870.94,
2026-08-01T08:09:32+00:00,100787.43,72870.94,
2026-08-01T08:10:32+00:00,100787.43,72870.94,
2026-08-01T08:11:33+00:00,100787.43,72870.94,
2026-08-01T08:12:33+00:00,100787.43,72870.94,
2026-08-01T08:13:33+00:00,100787.43,72870.94,
2026-08-01T08:14:33+00:00,100787.43,72870.94,
2026-08-01T08:15:34+00:00,100787.43,72870.94,
2026-08-01T08:16:34+00:00,100787.43,72870.94,
2026-08-01T08:17:34+00:00,100787.43,72870.94,
2026-08-01T08:18:34+00:00,100787.43,72870.94,
2026-08-01T08:19:34+00:00,100787.43,72870.94,
2026-08-01T08:20:35+00:00,100787.43,72870.94,
2026-08-01T08:21:35+00:00,100787.43,72870.94,
2026-08-01T08:22:35+00:00,100787.43,72870.94,
2026-08-01T08:23:35+00:00,100787.43,72870.94,
2026-08-01T08:24:35+00:00,100787.43,72870.94,
2026-08-01T08:25:36+00:00,100787.43,72870.94,
2026-08-01T08:26:36+00:00,100787.43,72870.94,
2026-08-01T08:27:36+00:00,100787.43,72870.94,
2026-08-01T08:28:36+00:00,100787.43,72870.94,
2026-08-01T08:29:37+00:00,100787.43,72870.94,
2026-08-01T08:30:37+00:00,100787.43,72870.94,
2026-08-03T09:57:30+00:00,100940.72,72870.94,
2026-08-03T09:58:30+00:00,100946.48,72870.94,
2026-08-03T09:59:30+00:00,100941.36,72870.94,
2026-08-03T10:00:30+00:00,100933.36,72870.94,
2026-08-03T10:01:31+00:00,100939.65,72870.94,
2026-08-03T10:02:31+00:00,100938.44,72870.94,
2026-08-03T10:03:31+00:00,100937.74,72870.94,
2026-08-03T10:04:31+00:00,100937.74,72870.94,
2026-08-03T10:05:32+00:00,100943.72,72870.94,
2026-08-03T10:06:32+00:00,100942.92,72870.94,
2026-08-03T10:07:33+00:00,100942.92,72870.94,
2026-08-03T10:08:33+00:00,100942.92,72870.94,
2026-08-03T10:09:33+00:00,100944.68,72870.94,
2026-08-03T10:10:33+00:00,100950.28,72870.94,
2026-08-03T10:11:33+00:00,100950.28,72870.94,
2026-08-03T10:12:34+00:00,100950.44,72870.94,
2026-08-03T10:13:34+00:00,100950.44,72870.94,
2026-08-03T10:14:34+00:00,100946.64,72870.94,
2026-08-03T10:15:34+00:00,100948.4,72870.94,
2026-08-03T10:16:35+00:00,100948.4,72870.94,
2026-08-03T10:17:35+00:00,100949.72,72870.94,
2026-08-03T10:18:35+00:00,100949.72,72870.94,
2026-08-03T10:19:35+00:00,100949.72,72870.94,
2026-08-03T10:20:35+00:00,100954.01,72870.94,
2026-08-03T10:21:36+00:00,100959.93,72870.94,
2026-08-03T10:22:36+00:00,100958.08,72870.94,
2026-08-03T10:23:36+00:00,100950.16,72870.94,
2026-08-03T10:24:36+00:00,100952.56,72870.94,
2026-08-03T10:25:36+00:00,100951.92,72870.94,
2026-08-03T10:26:37+00:00,100951.92,72870.94,
2026-08-03T10:27:37+00:00,100962.8,72870.94,
2026-08-03T10:28:37+00:00,100938.96,72870.94,
2026-08-03T10:29:37+00:00,100949.96,72870.94,
2026-08-03T10:30:38+00:00,100949.96,72870.94,
2026-08-03T10:31:38+00:00,100930.76,72870.94,
2026-08-03T10:32:38+00:00,100938.76,72870.94,
2026-08-03T10:33:38+00:00,100942.28,72870.94,
2026-08-03T10:34:38+00:00,100942.28,72870.94,
2026-08-03T10:35:39+00:00,100942.28,72870.94,
2026-08-03T10:36:39+00:00,100942.28,72870.94,
2026-08-03T10:37:39+00:00,100946.24,72870.94,
2026-08-03T10:38:39+00:00,100946.4,72870.94,
2026-08-03T10:39:40+00:00,100947.12,72870.94,
2026-08-03T10:40:40+00:00,100947.12,72870.94,
2026-08-03T10:41:40+00:00,100947.12,72870.94,
2026-08-03T10:42:40+00:00,100949.04,72870.94,
2026-08-03T10:43:40+00:00,100949.04,72870.94,
2026-08-03T10:44:41+00:00,100931.76,72870.94,
2026-08-03T10:45:41+00:00,100924.56,72870.94,
2026-08-03T10:46:41+00:00,100922.36,72870.94,
2026-08-03T10:47:41+00:00,100922.36,72870.94,
2026-08-03T10:48:42+00:00,100918.36,72870.94,
2026-08-03T10:49:42+00:00,100918.36,72870.94,
2026-08-03T10:50:42+00:00,100912.72,72870.94,
2026-08-03T10:51:42+00:00,100912.72,72870.94,
2026-08-03T10:52:42+00:00,100912.72,72870.94,
2026-08-03T10:53:43+00:00,100912.72,72870.94,
2026-08-03T10:54:43+00:00,100908.88,72870.94,
2026-08-03T10:55:43+00:00,100908.88,72870.94,
2026-08-03T10:56:43+00:00,100909.76,72870.94,
2026-08-03T10:57:43+00:00,100909.76,72870.94,
2026-08-03T10:58:44+00:00,100909.76,72870.94,
2026-08-03T10:59:44+00:00,100912.64,72870.94,
2026-08-03T11:00:44+00:00,100935.13,72870.94,
2026-08-03T11:01:44+00:00,100929.21,72870.94,
2026-08-03T11:02:45+00:00,100933.2,72870.94,
2026-08-03T11:03:45+00:00,100933.36,72870.94,
2026-08-03T11:04:45+00:00,100938.8,72870.94,
2026-08-03T11:05:45+00:00,100939.47,72870.94,
2026-08-03T11:06:45+00:00,100937.88,72870.94,
2026-08-03T11:07:46+00:00,100932.28,72870.94,
2026-08-03T11:08:46+00:00,100936.28,72870.94,
2026-08-03T11:09:46+00:00,100934.79,72870.94,
2026-08-03T11:10:46+00:00,100929.88,72870.94,
2026-08-03T11:11:47+00:00,100934.72,72870.94,
2026-08-03T11:12:47+00:00,100934.72,72870.94,
2026-08-03T11:13:47+00:00,100934.72,72870.94,
2026-08-03T11:14:47+00:00,100934.64,72870.94,
2026-08-03T11:15:47+00:00,100934.64,72870.94,
2026-08-03T11:16:48+00:00,100934.64,72870.94,
2026-08-03T11:17:48+00:00,100931.96,72870.94,
2026-08-03T11:18:48+00:00,100935.7,72870.94,
2026-08-03T11:19:48+00:00,100933.56,72870.94,
2026-08-03T11:20:49+00:00,100933.56,72870.94,
2026-08-03T11:21:49+00:00,100933.56,72870.94,
2026-08-03T11:22:49+00:00,100944.56,72870.94,
2026-08-03T11:23:49+00:00,100945.52,72870.94,
2026-08-03T11:24:49+00:00,100951.63,72870.94,
2026-08-03T11:25:50+00:00,100946.35,72870.94,
2026-08-03T11:26:50+00:00,100940.47,72870.94,
2026-08-03T11:27:50+00:00,100968.23,72870.94,
2026-08-03T11:28:50+00:00,100968.23,72870.94,
2026-08-03T11:29:51+00:00,100976.63,72870.94,
2026-08-03T11:30:51+00:00,100976.31,72870.94,
2026-08-03T11:31:51+00:00,100981.91,72870.94,
2026-08-03T11:32:51+00:00,100984.82,72870.94,
2026-08-03T11:33:51+00:00,100984.82,72870.94,
2026-08-03T11:34:52+00:00,100976.83,72870.94,
2026-08-03T11:35:52+00:00,100978.59,72870.94,
2026-08-03T11:36:52+00:00,101063.76,72870.94,
2026-08-03T11:37:52+00:00,101034.62,72870.94,
2026-08-03T11:38:53+00:00,101034.62,72870.94,
2026-08-03T11:39:53+00:00,101036.38,72870.94,
2026-08-03T11:40:53+00:00,101043.7,72870.94,
2026-08-03T11:41:53+00:00,101060.07,72870.94,
2026-08-03T11:42:53+00:00,101058.47,72870.94,
2026-08-03T11:43:54+00:00,101063.92,72870.94,
2026-08-03T11:44:54+00:00,101063.0,72870.94,
2026-08-03T11:45:54+00:00,101064.02,72870.94,
2026-08-03T11:46:54+00:00,101074.44,72870.94,
2026-08-03T11:47:54+00:00,101073.56,72870.94,
2026-08-03T11:48:55+00:00,101079.96,72870.94,
2026-08-03T11:49:55+00:00,101079.96,72870.94,
2026-08-03T11:50:55+00:00,101083.48,72870.94,
2026-08-03T11:51:55+00:00,101071.72,72870.94,
2026-08-03T11:52:56+00:00,101058.6,72870.94,
2026-08-03T11:53:56+00:00,101055.99,72870.94,
2026-08-03T11:54:56+00:00,101045.35,72870.94,
2026-08-03T11:55:56+00:00,101048.3,72870.94,
2026-08-03T11:56:56+00:00,101048.3,72870.94,
2026-08-03T11:57:57+00:00,101048.3,72870.94,
2026-08-03T11:58:57+00:00,101047.11,72870.94,
2026-08-03T11:59:57+00:00,101053.76,72870.94,
2026-08-03T12:00:57+00:00,101060.0,72870.94,
2026-08-03T12:01:58+00:00,101049.84,72870.94,
2026-08-03T12:02:58+00:00,101073.58,72870.94,
2026-08-03T12:03:58+00:00,101066.55,72870.94,
2026-08-03T12:04:58+00:00,101066.55,72870.94,
2026-08-03T12:05:58+00:00,101069.16,72870.94,
2026-08-03T12:06:59+00:00,101066.74,72870.94,
2026-08-03T12:07:59+00:00,101067.18,72870.94,
2026-08-03T12:08:59+00:00,101067.74,72870.94,
2026-08-03T12:09:59+00:00,101067.74,72870.94,
2026-08-03T12:11:00+00:00,101076.29,72870.94,
2026-08-03T12:12:00+00:00,101079.56,72870.94,
2026-08-03T12:13:00+00:00,101054.42,72870.94,
2026-08-03T12:14:00+00:00,101056.34,72870.94,
2026-08-03T12:15:00+00:00,101054.68,72870.94,
2026-08-03T12:16:01+00:00,101058.38,72870.94,
2026-08-03T12:17:01+00:00,101060.11,72870.94,
2026-08-03T12:18:01+00:00,101060.11,72870.94,
2026-08-03T12:19:01+00:00,101057.33,72870.94,
2026-08-03T12:20:02+00:00,101057.33,72870.94,
2026-08-03T12:21:02+00:00,101057.33,72870.94,
2026-08-03T12:22:02+00:00,101057.33,72870.94,
2026-08-03T12:23:02+00:00,101077.58,72870.94,
2026-08-03T12:24:03+00:00,101082.15,72870.94,
2026-08-03T12:25:03+00:00,101093.03,72870.94,
2026-08-03T12:26:05+00:00,101089.85,72870.94,
2026-08-03T12:27:05+00:00,101084.57,72870.94,
2026-08-03T12:28:06+00:00,101086.81,72870.94,
2026-08-03T12:29:09+00:00,101086.81,72870.94,
2026-08-03T12:30:09+00:00,101084.25,72870.94,
2026-08-03T12:31:10+00:00,101082.65,72870.94,
2026-08-03T12:32:10+00:00,101082.65,72870.94,
2026-08-03T12:33:10+00:00,101083.77,72870.94,
2026-08-03T12:34:10+00:00,101081.05,72870.94,
2026-08-03T12:35:11+00:00,101081.05,72870.94,
2026-08-03T12:36:11+00:00,101081.05,72870.94,
2026-08-03T12:37:11+00:00,101078.81,72870.94,
2026-08-03T12:38:11+00:00,101078.81,72870.94,
2026-08-03T12:39:11+00:00,101087.27,72870.94,
2026-08-03T12:40:12+00:00,101091.15,72870.94,
2026-08-03T12:41:12+00:00,101094.63,72870.94,
2026-08-03T12:42:12+00:00,101093.56,72870.94,
2026-08-03T12:43:12+00:00,101094.14,72870.94,
2026-08-03T12:44:13+00:00,101093.46,72870.94,
2026-08-03T12:45:13+00:00,101089.95,72870.94,
2026-08-03T12:46:13+00:00,101093.82,72870.94,
2026-08-03T12:47:13+00:00,101096.9,72870.94,
2026-08-03T12:48:13+00:00,101094.02,72870.94,
2026-08-03T12:49:14+00:00,101106.14,72870.94,
2026-08-03T12:50:14+00:00,101109.62,72870.94,
2026-08-03T12:51:14+00:00,101101.36,72870.94,
2026-08-03T12:52:14+00:00,101108.9,72870.94,
2026-08-03T12:53:14+00:00,101107.9,72870.94,
2026-08-03T12:54:15+00:00,101107.9,72870.94,
2026-08-03T12:55:15+00:00,101106.73,72870.94,
2026-08-03T12:56:15+00:00,101106.73,72870.94,
2026-08-03T12:57:15+00:00,101105.93,72870.94,
2026-08-03T12:58:16+00:00,101106.36,72870.94,
2026-08-03T12:59:16+00:00,101107.53,72870.94,
2026-08-03T13:00:16+00:00,101109.29,72870.94,
2026-08-03T13:01:16+00:00,101108.95,72870.94,
2026-08-03T13:02:16+00:00,101099.88,72870.94,
2026-08-03T13:03:17+00:00,101099.88,72870.94,
2026-08-03T13:04:17+00:00,101095.04,72870.94,
2026-08-03T13:05:17+00:00,101087.09,72870.94,
2026-08-03T13:06:17+00:00,101083.2,72870.94,
2026-08-03T13:07:18+00:00,101077.6,72870.94,
2026-08-03T13:08:18+00:00,101076.46,72870.94,
2026-08-03T13:09:18+00:00,101083.02,72870.94,
2026-08-03T13:10:18+00:00,101085.1,72870.94,
2026-08-03T13:11:18+00:00,101092.3,72870.94,
2026-08-03T13:12:19+00:00,101089.42,72870.94,
2026-08-03T13:13:19+00:00,101095.82,72870.94,
2026-08-03T13:14:19+00:00,101095.82,72870.94,
2026-08-03T13:15:19+00:00,101100.46,72870.94,
2026-08-03T13:16:20+00:00,101100.62,72870.94,
2026-08-03T13:17:20+00:00,101097.1,72870.94,
2026-08-03T13:18:20+00:00,101100.62,72870.94,
2026-08-03T13:19:20+00:00,101129.86,72870.94,
2026-08-03T13:20:20+00:00,101129.2,72870.94,
2026-08-03T13:21:21+00:00,101125.65,72870.94,
2026-08-03T13:22:21+00:00,101131.15,72870.94,
2026-08-03T13:23:21+00:00,101133.99,72870.94,
2026-08-03T13:24:21+00:00,101126.15,72870.94,
2026-08-03T13:25:22+00:00,101089.15,72870.94,
2026-08-03T13:26:22+00:00,101075.07,72870.94,
2026-08-03T13:27:22+00:00,101077.23,72870.94,
2026-08-03T13:28:22+00:00,100991.51,72870.94,
2026-08-03T13:29:22+00:00,100983.83,72870.94,
2026-08-03T13:30:23+00:00,100887.82,72870.94,
2026-08-03T13:31:23+00:00,100905.06,72870.94,
2026-08-03T13:32:23+00:00,100911.28,72870.94,
2026-08-03T13:33:23+00:00,100880.7,72870.94,
2026-08-03T13:34:24+00:00,100815.61,72870.94,
2026-08-03T13:35:24+00:00,100789.47,72870.94,
2026-08-03T13:36:24+00:00,100772.38,72870.94,
2026-08-03T13:37:24+00:00,100781.93,72870.94,
2026-08-03T13:38:24+00:00,100764.25,72870.94,
2026-08-03T13:39:25+00:00,100793.4,72870.94,
2026-08-03T13:40:25+00:00,100779.91,72870.94,
2026-08-03T13:41:25+00:00,100772.96,72870.94,
2026-08-03T13:42:25+00:00,100777.53,72870.94,
2026-08-03T13:43:26+00:00,100762.11,72870.94,
2026-08-03T13:44:26+00:00,100786.94,72870.94,
2026-08-03T13:45:26+00:00,100775.72,72870.94,
2026-08-03T13:46:26+00:00,100779.94,72870.94,
2026-08-03T13:47:26+00:00,100790.67,72870.94,
2026-08-03T13:48:27+00:00,100759.66,72870.94,
2026-08-03T13:49:27+00:00,100772.39,72870.94,
2026-08-03T13:50:27+00:00,100773.66,72870.94,
2026-08-03T13:51:27+00:00,100747.26,72870.94,
2026-08-03T13:52:27+00:00,100776.0,72870.94,
2026-08-03T13:53:28+00:00,100764.91,72870.94,
2026-08-03T13:54:28+00:00,100751.61,72870.94,
2026-08-03T13:55:28+00:00,100704.63,72870.94,
2026-08-03T13:56:28+00:00,100688.79,72870.94,
2026-08-03T13:57:29+00:00,100714.56,72870.94,
2026-08-03T13:58:29+00:00,100725.25,72870.94,
2026-08-03T13:59:29+00:00,100738.19,72870.94,
2026-08-03T14:00:29+00:00,100748.59,72870.94,
2026-08-03T14:01:29+00:00,100767.13,72870.94,
2026-08-03T14:02:30+00:00,100808.65,72870.94,
2026-08-03T14:03:30+00:00,100816.38,72870.94,
2026-08-03T14:04:30+00:00,100824.16,72870.94,
2026-08-03T14:05:30+00:00,100809.92,72870.94,
2026-08-03T14:06:31+00:00,100812.83,72870.94,
2026-08-03T14:07:31+00:00,100807.59,72870.94,
2026-08-03T14:08:31+00:00,100820.32,72870.94,
2026-08-03T14:09:31+00:00,100809.87,72870.94,
2026-08-03T14:10:32+00:00,100811.17,72870.94,
2026-08-03T14:11:32+00:00,100823.73,72870.94,
2026-08-03T14:12:32+00:00,100815.53,72870.94,
2026-08-03T14:13:32+00:00,100827.32,72870.94,
2026-08-03T14:14:33+00:00,100839.63,72870.94,
2026-08-03T14:15:33+00:00,100849.81,72870.94,
2026-08-03T14:16:33+00:00,100835.09,72870.94,
2026-08-03T14:17:33+00:00,100841.79,72870.94,
2026-08-03T14:18:33+00:00,100825.69,72870.94,
2026-08-03T14:19:34+00:00,100830.0,72870.94,
2026-08-03T14:20:34+00:00,100833.74,72870.94,
2026-08-03T14:21:34+00:00,100833.56,72870.94,
2026-08-03T14:22:34+00:00,100818.4,72870.94,
2026-08-03T14:23:34+00:00,100812.3,72870.94,
2026-08-03T14:24:35+00:00,100814.41,72870.94,
2026-08-03T14:25:35+00:00,100806.97,72870.94,
2026-08-03T14:26:35+00:00,100805.76,72870.94,
2026-08-03T14:27:35+00:00,100811.39,72870.94,
2026-08-03T14:28:36+00:00,100814.62,72870.94,
2026-08-03T14:29:36+00:00,100819.84,72870.94,
2026-08-03T14:30:36+00:00,100816.84,72870.94,
2026-08-03T14:31:36+00:00,100823.7,72870.94,
2026-08-03T14:32:36+00:00,100825.86,72870.94,
2026-08-03T14:33:37+00:00,100818.11,72870.94,
2026-08-03T14:34:37+00:00,100817.5,72870.94,
2026-08-03T14:35:37+00:00,100825.07,72870.94,
2026-08-03T14:36:37+00:00,100814.6,72870.94,
2026-08-03T14:37:38+00:00,100810.78,72870.94,
2026-08-03T14:38:38+00:00,100811.06,72870.94,
2026-08-03T14:39:38+00:00,100804.55,72870.94,
2026-08-03T14:40:38+00:00,100792.8,72870.94,
2026-08-03T14:41:38+00:00,100794.39,72870.94,
2026-08-03T14:42:39+00:00,100786.29,72870.94,
2026-08-03T14:43:39+00:00,100797.56,72870.94,
2026-08-03T14:44:39+00:00,100792.26,72870.94,
2026-08-03T14:45:39+00:00,100777.61,72870.94,
2026-08-03T14:46:40+00:00,100763.39,72870.94,
2026-08-03T14:47:40+00:00,100766.36,72870.94,
2026-08-03T14:48:40+00:00,100758.96,72870.94,
2026-08-03T14:49:40+00:00,100754.26,72870.94,
2026-08-03T14:50:40+00:00,100762.81,72870.94,
2026-08-03T14:51:41+00:00,100761.3,72870.94,
2026-08-03T14:52:41+00:00,100759.13,72870.94,
2026-08-03T14:53:41+00:00,100762.47,72870.94,
2026-08-03T14:54:41+00:00,100765.02,72870.94,
2026-08-03T14:55:41+00:00,100765.47,72870.94,
2026-08-03T14:56:42+00:00,100794.6,72870.94,
2026-08-03T14:57:42+00:00,100785.54,72870.94,
2026-08-03T14:58:42+00:00,100785.83,72870.94,
2026-08-03T14:59:42+00:00,100780.1,72870.94,
2026-08-03T15:00:43+00:00,100782.83,72870.94,
2026-08-03T15:01:43+00:00,100799.61,72870.94,
2026-08-03T15:02:43+00:00,100779.81,72870.94,
2026-08-03T15:03:43+00:00,100780.81,72870.94,
2026-08-03T15:04:44+00:00,100788.98,72870.94,
2026-08-03T15:05:44+00:00,100788.73,72870.94,
2026-08-03T15:06:44+00:00,100790.06,72870.94,
2026-08-03T15:07:44+00:00,100791.39,72870.94,
2026-08-03T15:08:44+00:00,100785.25,72870.94,
2026-08-03T15:09:45+00:00,100788.01,72870.94,
2026-08-03T15:10:45+00:00,100806.09,72870.94,
2026-08-03T15:11:45+00:00,100808.37,72870.94,
2026-08-03T15:12:45+00:00,100815.62,72870.94,
2026-08-03T15:13:45+00:00,100805.46,72870.94,
2026-08-03T15:14:46+00:00,100818.65,72870.94,
2026-08-03T15:15:46+00:00,100832.34,72870.94,
2026-08-03T15:16:46+00:00,100822.8,72870.94,
2026-08-03T15:17:46+00:00,100823.52,72870.94,
2026-08-03T15:18:47+00:00,100824.61,72870.94,
2026-08-03T15:19:47+00:00,100827.21,72870.94,
2026-08-03T15:20:47+00:00,100821.18,72870.94,
2026-08-03T15:21:47+00:00,100822.45,72870.94,
2026-08-03T15:22:47+00:00,100823.68,72870.94,
2026-08-03T15:23:48+00:00,100814.58,72870.94,
2026-08-03T15:24:48+00:00,100815.24,72870.94,
2026-08-03T15:25:48+00:00,100816.69,72870.94,
2026-08-03T15:26:48+00:00,100818.06,72870.94,
2026-08-03T15:27:49+00:00,100829.61,72870.94,
2026-08-03T15:28:49+00:00,100830.12,72870.94,
2026-08-03T15:29:50+00:00,100826.76,72870.94,
2026-08-03T15:30:50+00:00,100816.66,72870.94,
2026-08-03T15:31:50+00:00,100796.88,72870.94,
2026-08-03T15:32:50+00:00,100791.68,72870.94,
2026-08-03T15:33:51+00:00,100777.36,72870.94,
2026-08-03T15:34:51+00:00,100789.35,72870.94,
2026-08-03T15:35:51+00:00,100778.94,72870.94,
2026-08-03T15:36:51+00:00,100784.56,72870.94,
2026-08-03T15:37:51+00:00,100791.82,72870.94,
2026-08-03T15:38:52+00:00,100805.94,72870.94,
2026-08-03T15:39:52+00:00,100797.18,72870.94,
2026-08-03T15:40:52+00:00,100792.23,72870.94,
2026-08-03T15:41:52+00:00,100803.56,72870.94,
2026-08-03T15:42:52+00:00,100801.88,72870.94,
2026-08-03T15:43:53+00:00,100802.14,72870.94,
2026-08-03T15:44:53+00:00,100796.07,72870.94,
2026-08-03T15:45:53+00:00,100800.85,72870.94,
2026-08-03T15:46:53+00:00,100804.22,72870.94,
2026-08-03T15:47:54+00:00,100809.06,72870.94,
2026-08-03T15:48:54+00:00,100820.09,72870.94,
2026-08-03T15:49:54+00:00,100824.91,72870.94,
2026-08-03T15:50:54+00:00,100830.96,72870.94,
2026-08-03T15:51:54+00:00,100840.87,72870.94,
2026-08-03T15:52:55+00:00,100846.31,72870.94,
2026-08-03T15:53:55+00:00,100839.01,72870.94,
2026-08-03T15:54:55+00:00,100842.33,72870.94,
2026-08-03T15:55:55+00:00,100831.65,72870.94,
2026-08-03T15:56:56+00:00,100840.99,72870.94,
2026-08-03T15:57:56+00:00,100852.46,72870.94,
2026-08-03T15:58:56+00:00,100856.61,72870.94,
2026-08-03T15:59:56+00:00,100866.01,72870.94,
2026-08-03T16:00:56+00:00,100868.86,72870.94,
2026-08-03T16:01:57+00:00,100866.83,72870.94,
2026-08-03T16:02:57+00:00,100857.36,72870.94,
2026-08-03T16:03:57+00:00,100852.04,72870.94,
2026-08-03T16:04:57+00:00,100847.42,72870.94,
2026-08-03T16:05:58+00:00,100841.0,72870.94,
2026-08-03T16:06:58+00:00,100836.7,72870.94,
2026-08-03T16:07:58+00:00,100830.13,72870.94,
2026-08-03T16:08:58+00:00,100829.84,72870.94,
2026-08-03T16:09:59+00:00,100844.09,72870.94,
2026-08-03T16:10:59+00:00,100832.66,72870.94,
2026-08-03T16:11:59+00:00,100834.87,72870.94,
2026-08-03T16:12:59+00:00,100837.21,72870.94,
2026-08-03T16:13:59+00:00,100835.0,72870.94,
2026-08-03T16:15:00+00:00,100833.36,72870.94,
2026-08-03T16:16:00+00:00,100834.72,72870.94,
2026-08-03T16:17:00+00:00,100829.1,72870.94,
2026-08-03T16:18:01+00:00,100826.73,72870.94,
2026-08-03T16:19:01+00:00,100826.63,72870.94,
2026-08-03T16:20:01+00:00,100831.78,72870.94,
2026-08-03T16:21:01+00:00,100824.79,72870.94,
2026-08-03T16:22:01+00:00,100818.65,72870.94,
2026-08-03T16:23:02+00:00,100821.15,72870.94,
2026-08-03T16:24:02+00:00,100826.49,72870.94,
2026-08-03T16:25:02+00:00,100835.65,72870.94,
2026-08-03T16:26:02+00:00,100838.82,72870.94,
2026-08-03T16:27:03+00:00,100832.56,72870.94,
2026-08-03T16:28:03+00:00,100844.99,72870.94,
2026-08-03T16:29:03+00:00,100841.72,72870.94,
2026-08-03T16:30:03+00:00,100843.32,72870.94,
2026-08-03T16:31:03+00:00,100828.59,72870.94,
2026-08-03T16:32:04+00:00,100822.32,72870.94,
2026-08-03T16:33:04+00:00,100827.7,72870.94,
2026-08-03T16:34:04+00:00,100813.15,72870.94,
2026-08-03T16:35:04+00:00,100807.16,72870.94,
2026-08-03T16:36:05+00:00,100799.76,72870.94,
2026-08-03T16:37:05+00:00,100801.77,72870.94,
2026-08-03T16:38:06+00:00,100810.14,72870.94,
2026-08-03T16:39:06+00:00,100814.63,72870.94,
2026-08-03T16:40:06+00:00,100808.0,72870.94,
2026-08-03T16:41:06+00:00,100802.04,72870.94,
2026-08-03T16:42:06+00:00,100800.28,72870.94,
2026-08-03T16:43:07+00:00,100801.8,72870.94,
2026-08-03T16:44:08+00:00,100800.42,72870.94,
2026-08-03T16:45:08+00:00,100798.41,72870.94,
2026-08-03T16:46:08+00:00,100796.55,72870.94,
2026-08-03T16:47:08+00:00,100793.4,72870.94,
2026-08-03T16:48:09+00:00,100787.46,72870.94,
2026-08-03T16:49:09+00:00,100786.6,72870.94,
2026-08-03T16:50:10+00:00,100786.08,72870.94,
2026-08-03T16:51:10+00:00,100781.5,72870.94,
2026-08-03T16:52:10+00:00,100773.27,72870.94,
2026-08-03T16:53:10+00:00,100785.02,72870.94,
2026-08-03T16:54:11+00:00,100786.25,72870.94,
2026-08-03T16:55:11+00:00,100772.35,72870.94,
2026-08-03T16:56:11+00:00,100780.94,72870.94,
2026-08-03T16:57:11+00:00,100782.33,72870.94,
2026-08-03T16:58:11+00:00,100793.91,72870.94,
2026-08-03T16:59:12+00:00,100798.56,72870.94,
2026-08-03T17:00:12+00:00,100806.26,72870.94,
2026-08-03T17:01:12+00:00,100801.21,72870.94,
2026-08-03T17:02:12+00:00,100808.68,72870.94,
2026-08-03T17:03:13+00:00,100803.92,72870.94,
2026-08-03T17:04:13+00:00,100807.37,72870.94,
2026-08-03T17:05:13+00:00,100813.08,72870.94,
2026-08-03T17:06:13+00:00,100803.51,72870.94,
2026-08-03T17:07:13+00:00,100802.71,72870.94,
2026-08-03T17:08:14+00:00,100804.38,72870.94,
2026-08-03T17:09:14+00:00,100802.79,72870.94,
2026-08-03T17:10:14+00:00,100803.7,72870.94,
2026-08-03T17:11:14+00:00,100801.39,72870.94,
2026-08-03T17:12:15+00:00,100804.19,72870.94,
2026-08-03T17:13:15+00:00,100801.92,72870.94,
2026-08-03T17:14:15+00:00,100813.66,72870.94,
2026-08-03T17:15:15+00:00,100809.93,72870.94,
2026-08-03T17:16:15+00:00,100811.98,72870.94,
2026-08-03T17:17:16+00:00,100820.1,72870.94,
2026-08-03T17:18:16+00:00,100817.99,72870.94,
2026-08-03T17:19:16+00:00,100817.15,72870.94,
2026-08-03T17:20:16+00:00,100824.42,72870.94,
2026-08-03T17:21:17+00:00,100829.56,72870.94,
2026-08-03T17:22:17+00:00,100833.96,72870.94,
2026-08-03T17:23:17+00:00,100829.92,72870.94,
2026-08-03T17:24:17+00:00,100830.77,72870.94,
2026-08-03T17:25:17+00:00,100827.71,72870.94,
2026-08-03T17:26:18+00:00,100821.05,72870.94,
2026-08-03T17:27:18+00:00,100820.26,72870.94,
2026-08-03T17:28:18+00:00,100816.0,72870.94,
2026-08-03T17:29:18+00:00,100819.09,72870.94,
2026-08-03T17:30:19+00:00,100820.46,72870.94,
2026-08-03T17:31:19+00:00,100825.22,72870.94,
2026-08-03T17:32:19+00:00,100828.52,72870.94,
2026-08-03T17:33:19+00:00,100835.12,72870.94,
2026-08-03T17:34:20+00:00,100831.94,72870.94,
2026-08-03T17:35:20+00:00,100842.98,72870.94,
2026-08-03T17:36:20+00:00,100849.59,72870.94,
2026-08-03T17:37:20+00:00,100846.0,72870.94,
2026-08-03T17:38:20+00:00,100853.21,72870.94,
2026-08-03T17:39:21+00:00,100858.49,72870.94,
2026-08-03T17:40:21+00:00,100864.73,72870.94,
2026-08-03T17:41:21+00:00,100862.67,72870.94,
2026-08-03T17:42:21+00:00,100865.22,72870.94,
2026-08-03T17:43:22+00:00,100870.6,72870.94,
2026-08-03T17:44:22+00:00,100868.99,72870.94,
2026-08-03T17:45:22+00:00,100871.71,72870.94,
2026-08-03T17:46:22+00:00,100879.54,72870.94,
2026-08-03T17:47:22+00:00,100887.67,72870.94,
2026-08-03T17:48:23+00:00,100888.18,72870.94,
2026-08-03T17:49:23+00:00,100884.77,72870.94,
2026-08-03T17:50:23+00:00,100883.89,72870.94,
2026-08-03T17:51:23+00:00,100887.46,72870.94,
2026-08-03T17:52:24+00:00,100887.06,72870.94,
2026-08-03T17:53:24+00:00,100885.43,72870.94,
2026-08-03T17:54:24+00:00,100892.51,72870.94,
2026-08-03T17:55:24+00:00,100897.51,72870.94,
2026-08-03T17:56:24+00:00,100896.23,72870.94,
2026-08-03T17:57:25+00:00,100893.86,72870.94,
2026-08-03T17:58:25+00:00,100897.49,72870.94,
2026-08-03T17:59:25+00:00,100899.63,72870.94,
2026-08-03T18:00:25+00:00,100895.78,72870.94,
2026-08-03T18:01:26+00:00,100899.54,72870.94,
2026-08-03T18:02:26+00:00,100899.12,72870.94,
2026-08-03T18:03:26+00:00,100896.35,72870.94,
2026-08-03T18:04:26+00:00,100905.26,72870.94,
2026-08-03T18:05:26+00:00,100905.61,72870.94,
2026-08-03T18:06:27+00:00,100906.03,72870.94,
2026-08-03T18:07:27+00:00,100912.0,72870.94,
2026-08-03T18:08:27+00:00,100902.9,72870.94,
2026-08-03T18:09:27+00:00,100902.5,72870.94,
2026-08-03T18:10:28+00:00,100908.55,72870.94,
2026-08-03T18:11:28+00:00,100908.49,72870.94,
2026-08-03T18:12:28+00:00,100908.89,72870.94,
2026-08-03T18:13:28+00:00,100921.0,72870.94,
2026-08-03T18:14:28+00:00,100927.19,72870.94,
2026-08-03T18:15:29+00:00,100929.18,72870.94,
2026-08-03T18:16:29+00:00,100925.47,72870.94,
2026-08-03T18:17:29+00:00,100928.71,72870.94,
2026-08-03T18:18:29+00:00,100926.95,72870.94,
2026-08-03T18:19:30+00:00,100936.08,72870.94,
2026-08-03T18:20:30+00:00,100947.01,72870.94,
2026-08-03T18:21:30+00:00,100951.98,72870.94,
2026-08-03T18:22:30+00:00,100955.9,72870.94,
2026-08-03T18:23:30+00:00,100949.89,72870.94,
2026-08-03T18:24:31+00:00,100951.09,72870.94,
2026-08-03T18:25:31+00:00,100956.71,72870.94,
2026-08-03T18:26:31+00:00,100951.89,72870.94,
2026-08-03T18:27:31+00:00,100957.57,72870.94,
2026-08-03T18:28:31+00:00,100960.59,72870.94,
2026-08-03T18:29:32+00:00,100965.24,72870.94,
2026-08-03T18:30:32+00:00,100957.72,72870.94,
2026-08-03T18:31:32+00:00,100954.25,72870.94,
2026-08-03T18:32:32+00:00,100961.32,72870.94,
2026-08-03T18:33:33+00:00,100964.18,72870.94,
2026-08-03T18:34:33+00:00,100958.94,72870.94,
2026-08-03T18:35:33+00:00,100958.58,72870.94,
2026-08-03T18:36:33+00:00,100963.53,72870.94,
2026-08-03T18:37:33+00:00,100948.71,72870.94,
2026-08-03T18:38:34+00:00,100955.82,72870.94,
2026-08-03T18:39:34+00:00,100955.85,72870.94,
2026-08-03T18:40:34+00:00,100960.78,72870.94,
2026-08-03T18:41:34+00:00,100959.8,72870.94,
2026-08-03T18:42:35+00:00,100965.57,72870.94,
2026-08-03T18:43:35+00:00,100962.15,72870.94,
2026-08-03T18:44:35+00:00,100961.79,72870.94,
2026-08-03T18:45:35+00:00,100965.29,72870.94,
2026-08-03T18:46:35+00:00,100962.38,72870.94,
2026-08-03T18:47:36+00:00,100962.22,72870.94,
2026-08-03T18:48:36+00:00,100965.01,72870.94,
2026-08-03T18:49:36+00:00,100973.31,72870.94,
2026-08-03T18:50:36+00:00,100971.5,72870.94,
2026-08-03T18:51:37+00:00,100974.19,72870.94,
2026-08-03T18:52:37+00:00,100986.8,72870.94,
2026-08-03T18:53:37+00:00,100989.45,72870.94,
2026-08-03T18:54:37+00:00,100991.91,72870.94,
2026-08-03T18:55:37+00:00,100988.32,72870.94,
2026-08-03T18:56:38+00:00,101005.11,72870.94,
2026-08-03T18:57:38+00:00,101004.95,72870.94,
2026-08-03T18:58:38+00:00,101002.62,72870.94,
2026-08-03T18:59:38+00:00,100993.26,72870.94,
2026-08-03T19:00:39+00:00,100993.32,72870.94,
2026-08-03T19:01:39+00:00,101008.05,72870.94,
2026-08-03T19:02:39+00:00,101004.1,72870.94,
2026-08-03T19:03:39+00:00,101011.76,72870.94,
2026-08-03T19:04:39+00:00,101019.26,72870.94,
2026-08-03T19:05:40+00:00,101014.69,72870.94,
2026-08-03T19:06:40+00:00,101019.16,72870.94,
2026-08-03T19:07:40+00:00,101006.95,72870.94,
2026-08-03T19:08:40+00:00,101009.24,72870.94,
2026-08-03T19:09:41+00:00,101007.68,72870.94,
2026-08-03T19:10:41+00:00,101022.36,72870.94,
2026-08-03T19:11:41+00:00,101029.26,72870.94,
2026-08-03T19:12:41+00:00,101034.51,72870.94,
2026-08-03T19:13:41+00:00,101028.33,72870.94,
2026-08-03T19:14:42+00:00,101030.55,72870.94,
2026-08-03T19:15:42+00:00,101037.03,72870.94,
2026-08-03T19:16:42+00:00,101040.98,72870.94,
2026-08-03T19:17:42+00:00,101044.84,72870.94,
2026-08-03T19:18:43+00:00,101034.06,72870.94,
2026-08-03T19:19:43+00:00,101033.04,72870.94,
2026-08-03T19:20:43+00:00,101029.4,72870.94,
2026-08-03T19:21:43+00:00,101029.11,72870.94,
2026-08-03T19:22:43+00:00,101014.88,72870.94,
2026-08-03T19:23:44+00:00,101010.47,72870.94,
2026-08-03T19:24:44+00:00,101009.09,72870.94,
2026-08-03T19:25:44+00:00,101014.83,72870.94,
2026-08-03T19:26:44+00:00,101013.38,72870.94,
2026-08-03T19:27:44+00:00,101021.94,72870.94,
2026-08-03T19:28:45+00:00,101019.61,72870.94,
2026-08-03T19:29:45+00:00,101015.06,72870.94,
2026-08-03T19:30:45+00:00,101014.13,72870.94,
2026-08-03T19:31:45+00:00,101018.24,72870.94,
2026-08-03T19:32:46+00:00,101009.79,72870.94,
2026-08-03T19:33:46+00:00,101011.82,72870.94,
2026-08-03T19:34:46+00:00,101001.15,72870.94,
2026-08-03T19:35:46+00:00,100991.32,72870.94,
2026-08-03T19:36:46+00:00,100997.33,72870.94,
2026-08-03T19:37:47+00:00,100980.91,72870.94,
2026-08-03T19:38:47+00:00,100982.58,72870.94,
2026-08-03T19:39:47+00:00,100986.85,72870.94,
2026-08-03T19:40:47+00:00,100983.72,72870.94,
2026-08-03T19:41:48+00:00,100988.06,72870.94,
2026-08-03T19:42:48+00:00,100993.05,72870.94,
2026-08-03T19:43:48+00:00,100989.87,72870.94,
2026-08-03T19:44:48+00:00,100988.88,72870.94,
2026-08-03T19:45:48+00:00,100989.55,72870.94,
2026-08-03T19:46:49+00:00,101001.75,72870.94,
2026-08-03T19:47:49+00:00,101006.62,72870.94,
2026-08-03T19:48:49+00:00,101002.06,72870.94,
2026-08-03T19:49:49+00:00,101020.37,72870.94,
2026-08-03T19:50:50+00:00,101022.65,72870.94,
2026-08-03T19:51:50+00:00,101030.17,72870.94,
2026-08-03T19:52:50+00:00,101025.73,72870.94,
2026-08-03T19:53:50+00:00,101051.94,72870.94,
2026-08-03T19:54:50+00:00,101044.15,72870.94,
2026-08-03T19:55:51+00:00,101057.92,72870.94,
2026-08-03T19:56:51+00:00,101056.69,72870.94,
2026-08-03T19:57:51+00:00,101061.81,72870.94,
2026-08-03T19:58:51+00:00,101047.69,72870.94,
2026-08-03T19:59:52+00:00,101045.36,72870.94,
2026-08-03T20:00:52+00:00,101043.55,72870.94,
2026-08-03T20:01:52+00:00,101032.65,72870.94,
2026-08-03T20:02:52+00:00,101024.01,72870.94,
2026-08-03T20:03:52+00:00,101024.81,72870.94,
2026-08-03T20:04:53+00:00,101015.69,72870.94,
2026-08-03T20:05:53+00:00,101024.47,72870.94,
2026-08-03T20:06:53+00:00,101024.47,72870.94,
2026-08-03T20:07:53+00:00,101030.17,72870.94,
2026-08-03T20:08:53+00:00,101035.61,72870.94,
2026-08-03T20:09:54+00:00,101035.61,72870.94,
2026-08-03T20:10:54+00:00,101047.85,72870.94,
2026-08-03T20:11:54+00:00,101054.73,72870.94,
2026-08-03T20:12:54+00:00,101044.33,72870.94,
2026-08-03T20:13:55+00:00,101050.41,72870.94,
2026-08-03T20:14:55+00:00,101050.41,72870.94,
2026-08-03T20:15:55+00:00,101050.41,72870.94,
2026-08-03T20:16:55+00:00,101041.77,72870.94,
2026-08-03T20:17:55+00:00,101045.45,72870.94,
2026-08-03T20:18:56+00:00,101045.45,72870.94,
2026-08-03T20:19:56+00:00,101048.96,72870.94,
2026-08-03T20:20:56+00:00,101043.51,72870.94,
2026-08-03T20:21:56+00:00,101048.93,72870.94,
2026-08-03T20:22:57+00:00,101047.22,72870.94,
2026-08-03T20:23:57+00:00,101047.22,72870.94,
2026-08-03T20:24:57+00:00,101048.29,72870.94,
2026-08-03T20:25:57+00:00,101049.41,72870.94,
2026-08-03T20:26:57+00:00,101049.41,72870.94,
2026-08-03T20:27:58+00:00,101051.89,72870.94,
2026-08-03T20:28:58+00:00,101051.89,72870.94,
2026-08-03T20:29:58+00:00,101051.31,72870.94,
2026-08-03T20:30:58+00:00,101054.15,72870.94,
2026-08-03T20:31:59+00:00,101051.79,72870.94,
2026-08-03T20:32:59+00:00,101051.79,72870.94,
2026-08-03T20:33:59+00:00,101051.79,72870.94,
2026-08-03T20:34:59+00:00,101051.79,72870.94,
2026-08-03T20:35:59+00:00,101047.72,72870.94,
2026-08-03T20:37:00+00:00,101047.72,72870.94,
2026-08-03T20:38:00+00:00,101047.72,72870.94,
2026-08-03T20:39:00+00:00,101049.86,72870.94,
2026-08-03T20:40:00+00:00,101048.84,72870.94,
2026-08-03T20:41:00+00:00,101047.52,72870.94,
2026-08-03T20:42:01+00:00,101049.76,72870.94,
2026-08-03T20:43:01+00:00,101049.76,72870.94,
2026-08-03T20:44:01+00:00,101049.1,72870.94,
2026-08-03T20:45:01+00:00,101051.87,72870.94,
2026-08-03T20:46:02+00:00,101050.55,72870.94,
2026-08-03T20:47:02+00:00,101048.44,72870.94,
2026-08-03T20:48:02+00:00,101045.56,72870.94,
2026-08-03T20:49:02+00:00,101046.34,72870.94,
2026-08-03T20:50:03+00:00,101046.73,72870.94,
2026-08-03T20:51:03+00:00,101040.95,72870.94,
2026-08-03T20:52:03+00:00,101046.68,72870.94,
2026-08-03T20:53:04+00:00,101047.0,72870.94,
2026-08-03T20:54:04+00:00,101049.72,72870.94,
2026-08-03T20:55:04+00:00,101049.72,72870.94,
2026-08-03T20:56:04+00:00,101051.8,72870.94,
2026-08-03T20:57:05+00:00,101047.96,72870.94,
2026-08-03T20:58:05+00:00,101050.2,72870.94,
2026-08-03T20:59:05+00:00,101055.16,72870.94,
2026-08-03T21:00:05+00:00,101056.12,72870.94,
2026-08-03T21:01:05+00:00,101056.12,72870.94,
2026-08-03T21:02:06+00:00,101055.96,72870.94,
2026-08-03T21:03:06+00:00,101059.6,72870.94,
2026-08-03T21:04:06+00:00,101055.2,72870.94,
2026-08-03T21:05:06+00:00,101055.2,72870.94,
2026-08-03T21:06:07+00:00,101055.2,72870.94,
2026-08-03T21:07:07+00:00,101045.88,72870.94,
2026-08-03T21:08:07+00:00,101045.88,72870.94,
2026-08-03T21:09:07+00:00,101055.96,72870.94,
2026-08-03T21:10:07+00:00,101055.64,72870.94,
2026-08-03T21:11:08+00:00,101055.03,72870.94,
2026-08-03T21:12:08+00:00,101055.8,72870.94,
2026-08-03T21:13:08+00:00,101056.11,72870.94,
2026-08-03T21:14:08+00:00,101063.8,72870.94,
2026-08-03T21:15:09+00:00,101063.8,72870.94,
2026-08-03T21:16:09+00:00,101068.94,72870.94,
2026-08-03T21:17:10+00:00,101068.05,72870.94,
2026-08-03T21:18:10+00:00,101068.73,72870.94,
2026-08-03T21:19:10+00:00,101064.74,72870.94,
2026-08-03T21:20:10+00:00,101058.66,72870.94,
2026-08-03T21:21:10+00:00,101077.09,72870.94,
2026-08-03T21:22:11+00:00,101072.41,72870.94,
2026-08-03T21:23:11+00:00,101073.09,72870.94,
2026-08-03T21:24:11+00:00,101073.09,72870.94,
2026-08-03T21:25:11+00:00,101070.94,72870.94,
2026-08-03T21:26:12+00:00,101077.98,72870.94,
2026-08-03T21:27:12+00:00,101077.98,72870.94,
2026-08-03T21:28:12+00:00,101077.98,72870.94,
2026-08-03T21:29:12+00:00,101077.1,72870.94,
2026-08-03T21:30:12+00:00,101077.1,72870.94,
2026-08-03T21:31:13+00:00,101077.1,72870.94,
2026-08-03T21:32:13+00:00,101077.1,72870.94,
2026-08-03T21:33:13+00:00,101073.32,72870.94,
2026-08-03T21:34:13+00:00,101073.34,72870.94,
2026-08-03T21:35:14+00:00,101073.58,72870.94,
2026-08-03T21:36:14+00:00,101071.38,72870.94,
2026-08-03T21:37:14+00:00,101064.18,72870.94,
2026-08-03T21:38:14+00:00,101065.94,72870.94,
2026-08-03T21:39:14+00:00,101072.42,72870.94,
2026-08-03T21:40:15+00:00,101074.9,72870.94,
2026-08-03T21:41:15+00:00,101074.9,72870.94,
2026-08-03T21:42:15+00:00,101074.9,72870.94,
2026-08-03T21:43:15+00:00,101074.9,72870.94,
2026-08-03T21:44:15+00:00,101076.73,72870.94,
2026-08-03T21:45:16+00:00,101083.29,72870.94,
2026-08-03T21:46:16+00:00,101074.87,72870.94,
2026-08-03T21:47:16+00:00,101082.8,72870.94,
2026-08-03T21:48:16+00:00,101075.23,72870.94,
2026-08-03T21:49:17+00:00,101075.23,72870.94,
2026-08-03T21:50:17+00:00,101075.59,72870.94,
2026-08-03T21:51:17+00:00,101075.59,72870.94,
2026-08-03T21:52:17+00:00,101073.99,72870.94,
2026-08-03T21:53:17+00:00,101071.27,72870.94,
2026-08-03T21:54:18+00:00,101071.27,72870.94,
2026-08-03T21:55:18+00:00,101071.27,72870.94,
2026-08-03T21:56:18+00:00,101070.63,72870.94,
2026-08-03T21:57:18+00:00,101070.63,72870.94,
2026-08-03T21:58:19+00:00,101070.63,72870.94,
2026-08-03T21:59:19+00:00,101075.75,72870.94,
2026-08-03T22:00:19+00:00,101075.75,72870.94,
2026-08-03T22:01:19+00:00,101071.65,72870.94,
2026-08-03T22:02:19+00:00,101071.65,72870.94,
2026-08-03T22:03:20+00:00,101071.65,72870.94,
2026-08-03T22:04:20+00:00,101071.65,72870.94,
2026-08-03T22:05:20+00:00,101082.42,72870.94,
2026-08-03T22:06:20+00:00,101083.1,72870.94,
2026-08-03T22:07:20+00:00,101081.44,72870.94,
2026-08-03T22:08:21+00:00,101082.37,72870.94,
2026-08-03T22:09:21+00:00,101082.37,72870.94,
2026-08-03T22:10:21+00:00,101070.85,72870.94,
2026-08-03T22:11:21+00:00,101072.86,72870.94,
2026-08-03T22:12:22+00:00,101062.41,72870.94,
2026-08-03T22:13:22+00:00,101062.41,72870.94,
2026-08-03T22:14:22+00:00,101060.81,72870.94,
2026-08-03T22:15:22+00:00,101058.83,72870.94,
2026-08-03T22:16:22+00:00,101058.83,72870.94,
2026-08-03T22:17:23+00:00,101063.01,72870.94,
2026-08-03T22:18:23+00:00,101063.01,72870.94,
2026-08-03T22:19:23+00:00,101063.01,72870.94,
2026-08-03T22:20:23+00:00,101066.03,72870.94,
2026-08-03T22:21:23+00:00,101068.35,72870.94,
2026-08-03T22:22:24+00:00,101068.35,72870.94,
2026-08-03T22:23:24+00:00,101068.35,72870.94,
2026-08-03T22:24:24+00:00,101068.35,72870.94,
2026-08-03T22:25:24+00:00,101068.35,72870.94,
2026-08-03T22:26:25+00:00,101068.35,72870.94,
2026-08-03T22:27:25+00:00,101068.35,72870.94,
2026-08-03T22:28:25+00:00,101068.35,72870.94,
2026-08-03T22:29:25+00:00,101068.35,72870.94,
2026-08-03T22:30:25+00:00,101061.1,72870.94,
2026-08-03T22:31:26+00:00,101061.1,72870.94,
2026-08-03T22:32:26+00:00,101061.1,72870.94,
2026-08-03T22:33:26+00:00,101053.9,72870.94,
2026-08-03T22:34:26+00:00,101053.9,72870.94,
2026-08-03T22:35:27+00:00,101053.9,72870.94,
2026-08-03T22:36:27+00:00,101053.2,72870.94,
2026-08-03T22:37:27+00:00,101056.81,72870.94,
2026-08-03T22:38:27+00:00,101056.81,72870.94,
2026-08-03T22:39:27+00:00,101057.93,72870.94,
2026-08-03T22:40:28+00:00,101059.32,72870.94,
2026-08-03T22:41:28+00:00,101057.61,72870.94,
2026-08-03T22:42:28+00:00,101059.85,72870.94,
2026-08-03T22:43:28+00:00,101060.04,72870.94,
2026-08-03T22:44:29+00:00,101061.64,72870.94,
2026-08-03T22:45:29+00:00,101061.64,72870.94,
2026-08-03T22:46:30+00:00,101061.64,72870.94,
2026-08-03T22:47:30+00:00,101060.32,72870.94,
2026-08-03T22:48:30+00:00,101060.32,72870.94,
2026-08-03T22:49:30+00:00,101060.32,72870.94,
2026-08-03T22:50:31+00:00,101059.2,72870.94,
2026-08-03T22:51:32+00:00,101056.48,72870.94,
2026-08-03T22:52:32+00:00,101058.4,72870.94,
2026-08-03T22:53:32+00:00,101058.4,72870.94,
2026-08-03T22:54:32+00:00,101049.16,72870.94,
2026-08-03T22:55:32+00:00,101049.16,72870.94,
2026-08-03T22:56:33+00:00,101048.72,72870.94,
2026-08-03T22:57:33+00:00,101048.72,72870.94,
2026-08-03T22:58:33+00:00,101048.72,72870.94,
2026-08-03T22:59:33+00:00,101048.72,72870.94,
2026-08-03T23:00:33+00:00,101062.54,72870.94,
2026-08-03T23:01:34+00:00,101055.71,72870.94,
2026-08-03T23:02:34+00:00,101058.54,72870.94,
2026-08-03T23:03:34+00:00,101058.54,72870.94,
2026-08-03T23:04:34+00:00,101058.54,72870.94,
2026-08-03T23:05:35+00:00,101058.54,72870.94,
2026-08-03T23:06:35+00:00,101058.54,72870.94,
2026-08-03T23:07:35+00:00,101058.54,72870.94,
2026-08-03T23:08:35+00:00,101058.54,72870.94,
2026-08-03T23:09:35+00:00,101056.94,72870.94,
2026-08-03T23:10:36+00:00,101056.94,72870.94,
2026-08-03T23:11:36+00:00,101056.94,72870.94,
2026-08-03T23:12:36+00:00,101056.94,72870.94,
2026-08-03T23:13:36+00:00,101056.94,72870.94,
2026-08-03T23:14:36+00:00,101056.94,72870.94,
2026-08-03T23:15:37+00:00,101054.54,72870.94,
2026-08-03T23:16:38+00:00,101054.54,72870.94,
2026-08-03T23:17:38+00:00,101054.98,72870.94,
2026-08-03T23:18:38+00:00,101054.98,72870.94,
2026-08-03T23:19:38+00:00,101054.66,72870.94,
2026-08-04T13:03:51+00:00,101093.79,72870.94,
2026-08-04T13:04:51+00:00,101107.13,72870.94,
2026-08-04T13:05:52+00:00,101109.34,72870.94,
2026-08-04T13:06:52+00:00,101106.26,72870.94,
2026-08-04T13:07:55+00:00,101104.08,72870.94,
2026-08-04T13:08:56+00:00,101103.2,72870.94,
2026-08-04T13:09:56+00:00,101103.04,72870.94,
2026-08-04T13:10:56+00:00,101095.54,72870.94,
2026-08-04T13:11:56+00:00,101117.86,72870.94,
2026-08-04T13:12:56+00:00,101116.09,72870.94,
2026-08-04T13:13:57+00:00,101124.04,72870.94,
2026-08-04T13:14:57+00:00,101102.73,72870.94,
2026-08-04T13:15:57+00:00,101103.15,72870.94,
2026-08-04T13:16:57+00:00,101120.05,72870.94,
2026-08-04T13:17:58+00:00,101111.76,72870.94,
2026-08-04T13:18:58+00:00,101107.51,72870.94,
2026-08-04T13:19:58+00:00,101110.99,72870.94,
2026-08-04T13:20:58+00:00,101125.57,72870.94,
2026-08-04T13:21:58+00:00,101123.65,72870.94,
2026-08-04T13:22:59+00:00,101125.13,72870.94,
2026-08-04T13:23:59+00:00,101128.61,72870.94,
2026-08-04T13:24:59+00:00,101129.29,72870.94,
2026-08-04T13:25:59+00:00,101126.29,72870.94,
2026-08-04T13:26:59+00:00,101131.51,72870.94,
2026-08-04T13:28:00+00:00,101208.63,72870.94,
2026-08-04T13:29:00+00:00,101186.87,72870.94,
2026-08-04T13:30:00+00:00,101184.54,72870.94,
2026-08-04T13:31:00+00:00,101102.37,72870.94,
2026-08-04T13:32:01+00:00,101132.32,72870.94,
2026-08-04T13:33:01+00:00,101093.91,72870.94,
2026-08-04T13:34:01+00:00,101162.01,72870.94,
2026-08-04T13:35:01+00:00,101146.74,72870.94,
2026-08-04T13:36:02+00:00,101168.68,72870.94,
2026-08-04T13:37:02+00:00,101159.55,72870.94,
2026-08-04T13:38:02+00:00,101185.94,72870.94,
2026-08-04T13:39:02+00:00,101215.13,72870.94,
2026-08-04T13:40:03+00:00,101186.58,72870.94,
2026-08-04T13:41:03+00:00,101203.08,72870.94,
2026-08-04T13:42:03+00:00,101213.04,72870.94,
2026-08-04T13:43:03+00:00,101207.99,72870.94,
2026-08-04T13:44:03+00:00,101194.96,72870.94,
2026-08-04T13:45:04+00:00,101186.65,72870.94,
2026-08-04T13:46:04+00:00,101206.89,72870.94,
2026-08-04T13:47:04+00:00,101184.42,72870.94,
2026-08-04T13:48:04+00:00,101167.78,72870.94,
2026-08-04T13:49:05+00:00,101160.85,72870.94,
2026-08-04T13:50:05+00:00,101214.43,72870.94,
2026-08-04T13:51:05+00:00,101222.99,72870.94,
2026-08-04T13:52:05+00:00,101218.16,72870.94,
2026-08-04T13:53:05+00:00,101233.44,72870.94,
2026-08-04T13:54:06+00:00,101253.3,72870.94,
2026-08-04T13:55:06+00:00,101257.78,72870.94,
2026-08-04T13:56:06+00:00,101277.36,72870.94,
2026-08-04T13:57:06+00:00,101275.32,72870.94,
2026-08-04T13:58:07+00:00,101272.68,72870.94,
2026-08-04T13:59:07+00:00,101280.95,72870.94,
2026-08-04T14:00:07+00:00,101286.88,72870.94,
2026-08-04T14:01:07+00:00,101298.97,72870.94,
2026-08-04T14:02:07+00:00,101316.05,40608.57,
2026-08-04T14:03:08+00:00,101348.85,40608.57,
2026-08-04T14:04:08+00:00,101420.46,40608.57,
2026-08-04T14:05:08+00:00,101379.98,40608.57,
2026-08-04T14:06:08+00:00,101426.73,40608.57,
2026-08-04T14:07:09+00:00,101411.52,40608.57,
2026-08-04T14:08:09+00:00,101407.47,40608.57,
2026-08-04T14:09:09+00:00,101407.91,40608.57,
2026-08-04T14:10:09+00:00,101329.89,40608.57,
2026-08-04T14:11:09+00:00,101333.76,40608.57,
2026-08-04T14:12:10+00:00,101335.01,40608.57,
2026-08-04T14:13:10+00:00,101375.56,40608.57,
2026-08-04T14:14:10+00:00,101403.5,40608.57,
2026-08-04T14:15:10+00:00,101425.6,40608.57,
2026-08-04T14:18:07+00:00,101436.51,40608.57,
2026-08-04T14:19:07+00:00,101443.97,40608.57,
2026-08-04T14:20:07+00:00,101434.12,40608.57,
2026-08-04T14:21:07+00:00,101326.93,40608.57,
2026-08-04T14:22:08+00:00,101333.43,40608.57,
2026-08-04T14:23:08+00:00,101345.38,40608.57,
2026-08-04T14:24:08+00:00,101345.52,40608.57,
2026-08-04T14:25:08+00:00,101303.06,40608.57,
2026-08-04T14:26:09+00:00,101338.38,40608.57,
2026-08-04T14:27:09+00:00,101345.37,40608.57,
2026-08-04T14:28:10+00:00,101361.71,40608.57,
2026-08-04T14:29:10+00:00,101345.47,40608.57,
2026-08-04T14:30:10+00:00,101321.67,40608.57,
2026-08-04T14:31:10+00:00,101313.98,40608.57,
2026-08-04T14:32:11+00:00,101348.39,40608.57,
2026-08-04T14:33:11+00:00,101409.71,40608.57,
2026-08-04T14:34:11+00:00,101466.11,40608.57,
2026-08-04T14:35:11+00:00,101457.52,40608.57,
2026-08-04T14:36:11+00:00,101459.91,40608.57,
2026-08-04T14:37:12+00:00,101457.62,40608.57,
2026-08-04T14:38:12+00:00,101485.93,40608.57,
2026-08-04T14:39:12+00:00,101549.46,40608.57,
2026-08-04T14:40:12+00:00,101562.52,40608.57,
2026-08-04T14:41:13+00:00,101579.22,40608.57,
2026-08-04T14:42:13+00:00,101630.44,40608.57,
2026-08-04T14:43:13+00:00,101607.67,40608.57,
2026-08-04T14:44:13+00:00,101628.47,40608.57,
2026-08-04T14:45:13+00:00,101627.67,40608.57,
2026-08-04T14:46:14+00:00,101642.67,40608.57,
2026-08-04T14:47:14+00:00,101644.26,40608.57,
2026-08-04T14:48:14+00:00,101658.7,40608.57,
2026-08-04T14:49:14+00:00,101704.66,40608.57,
2026-08-04T14:50:15+00:00,101780.93,40608.57,
2026-08-04T14:51:15+00:00,101795.24,40608.57,
2026-08-04T14:52:15+00:00,101770.78,40608.57,
2026-08-04T14:53:15+00:00,101784.99,40608.57,
2026-08-04T14:54:16+00:00,101803.06,40608.57,
2026-08-04T14:55:16+00:00,101778.19,40608.57,
2026-08-04T14:56:16+00:00,101774.21,40608.57,
2026-08-04T14:57:16+00:00,101822.61,40608.57,
2026-08-04T14:58:16+00:00,101809.85,40608.57,
2026-08-04T14:59:17+00:00,101811.87,40608.57,
2026-08-04T15:00:17+00:00,101782.37,40608.57,
2026-08-04T15:01:17+00:00,101811.69,40608.57,
2026-08-04T15:02:17+00:00,101821.82,40608.57,
2026-08-04T15:03:18+00:00,101835.33,40608.57,
2026-08-04T15:04:18+00:00,101863.3,40608.57,
2026-08-04T15:05:18+00:00,101861.89,40608.57,
2026-08-04T15:06:18+00:00,101849.5,40608.57,
2026-08-04T15:07:18+00:00,101850.09,40608.57,
2026-08-04T15:08:19+00:00,101827.35,40608.57,
2026-08-04T15:09:19+00:00,101825.31,40608.57,
2026-08-04T15:10:19+00:00,101851.91,40608.57,
2026-08-04T15:11:19+00:00,101810.23,40608.57,
2026-08-04T15:12:20+00:00,101836.39,40608.57,
2026-08-04T15:13:20+00:00,101818.81,40608.57,
2026-08-04T15:14:20+00:00,101834.62,40608.57,
2026-08-04T15:15:20+00:00,101828.05,40608.57,
2026-08-04T15:16:20+00:00,101830.26,40608.57,
2026-08-04T15:17:21+00:00,101823.69,40608.57,
2026-08-04T15:18:21+00:00,101840.74,40608.57,
2026-08-04T15:19:21+00:00,101875.44,40608.57,
2026-08-04T15:20:21+00:00,101872.31,40608.57,
2026-08-04T15:21:22+00:00,101872.34,40608.57,
2026-08-04T15:22:22+00:00,101867.24,40608.57,
2026-08-04T15:23:22+00:00,101873.52,40608.57,
2026-08-04T15:24:22+00:00,101874.87,40608.57,
2026-08-04T15:25:22+00:00,101886.61,40608.57,
2026-08-04T15:26:23+00:00,101882.95,40608.57,
2026-08-04T15:27:23+00:00,101871.35,40608.57,
2026-08-04T15:28:23+00:00,101880.87,40608.57,
2026-08-04T15:29:23+00:00,101884.36,40608.57,
2026-08-04T15:30:24+00:00,101902.25,40608.57,
2026-08-04T15:31:24+00:00,101897.87,40608.57,
2026-08-04T15:32:24+00:00,101897.92,40608.57,
2026-08-04T15:33:24+00:00,101905.98,40608.57,
2026-08-04T15:34:24+00:00,101878.12,40608.57,
2026-08-04T15:35:25+00:00,101869.78,40608.57,
2026-08-04T15:36:25+00:00,101840.84,40608.57,
2026-08-04T15:37:25+00:00,101834.58,40608.57,
2026-08-04T15:38:25+00:00,101851.46,40608.57,
2026-08-04T15:39:26+00:00,101928.53,40608.57,
2026-08-04T15:40:26+00:00,101898.33,40608.57,
2026-08-04T15:41:26+00:00,101890.46,40608.57,
2026-08-04T15:42:26+00:00,101885.94,40608.57,
2026-08-04T15:43:26+00:00,101909.47,40608.57,
2026-08-04T15:44:27+00:00,101911.29,40608.57,
2026-08-04T15:45:27+00:00,101933.81,40608.57,
2026-08-04T15:46:27+00:00,101933.36,40608.57,
2026-08-04T15:47:27+00:00,101940.05,40608.57,
2026-08-04T15:48:28+00:00,101952.86,40608.57,
2026-08-04T15:49:28+00:00,101955.44,40608.57,
2026-08-04T15:50:28+00:00,101994.4,40608.57,
2026-08-04T15:51:28+00:00,101962.49,40608.57,
2026-08-04T15:52:28+00:00,101982.3,40608.57,
2026-08-04T15:53:29+00:00,101971.96,40608.57,
2026-08-04T15:54:29+00:00,101936.39,40608.57,
2026-08-04T15:55:29+00:00,101918.76,40608.57,
2026-08-04T15:56:29+00:00,101950.99,40608.57,
2026-08-04T15:57:30+00:00,101938.09,40608.57,
2026-08-04T15:58:30+00:00,101963.74,40608.57,
2026-08-04T15:59:30+00:00,101948.09,40608.57,
2026-08-04T16:00:30+00:00,101981.13,40608.57,
2026-08-04T16:01:30+00:00,101975.93,40608.57,
2026-08-04T16:02:31+00:00,101994.46,40608.57,
2026-08-04T16:03:31+00:00,101975.98,40608.57,
2026-08-04T16:04:31+00:00,101926.64,40608.57,
2026-08-04T16:05:31+00:00,101917.42,40608.57,
2026-08-04T16:06:32+00:00,101913.67,40608.57,
2026-08-04T16:07:32+00:00,101932.12,40608.57,
2026-08-04T16:08:32+00:00,101928.69,40608.57,
2026-08-04T16:09:32+00:00,101918.9,40608.57,
2026-08-04T16:10:32+00:00,101923.9,40608.57,
2026-08-04T16:11:33+00:00,101912.93,40608.57,
2026-08-04T16:12:33+00:00,101873.84,40608.57,
2026-08-04T16:13:33+00:00,101863.43,40608.57,
2026-08-04T16:14:33+00:00,101861.43,40608.57,
2026-08-04T16:15:33+00:00,101849.21,40608.57,
2026-08-04T16:16:34+00:00,101864.25,40608.57,
2026-08-04T16:17:34+00:00,101858.92,40608.57,
2026-08-04T16:18:34+00:00,101885.69,40608.57,
2026-08-04T16:19:34+00:00,101884.45,40608.57,
2026-08-04T16:20:35+00:00,101886.87,40608.57,
2026-08-04T16:21:35+00:00,101919.56,40608.57,
2026-08-04T16:22:35+00:00,101949.89,40608.57,
2026-08-04T16:23:35+00:00,101960.72,40608.57,
2026-08-04T16:24:35+00:00,101989.24,40608.57,
2026-08-04T16:25:36+00:00,101965.14,40608.57,
2026-08-04T16:26:36+00:00,101988.41,40608.57,
2026-08-04T16:27:36+00:00,102008.43,40608.57,
2026-08-04T16:28:36+00:00,102001.87,40608.57,
2026-08-04T16:29:37+00:00,102000.45,40608.57,
2026-08-04T16:30:37+00:00,101965.09,40608.57,
2026-08-04T16:31:37+00:00,101976.29,40608.57,
2026-08-04T16:32:37+00:00,101981.56,40608.57,
2026-08-04T16:33:38+00:00,101992.72,40608.57,
2026-08-04T16:34:38+00:00,101990.46,40608.57,
2026-08-04T16:35:38+00:00,101972.94,40608.57,
2026-08-04T16:36:38+00:00,101978.62,40608.57,
2026-08-04T16:37:38+00:00,101972.73,40608.57,
2026-08-04T16:38:39+00:00,101940.73,40608.57,
2026-08-04T16:39:39+00:00,101981.97,40608.57,
2026-08-04T16:40:39+00:00,101982.07,40608.57,
2026-08-04T16:41:40+00:00,101976.82,40608.57,
2026-08-04T16:42:40+00:00,101974.92,40608.57,
2026-08-04T16:43:40+00:00,101962.91,40608.57,
2026-08-04T16:44:41+00:00,101984.66,40608.57,
2026-08-04T16:45:41+00:00,102002.77,40608.57,
2026-08-04T16:46:41+00:00,102001.05,40608.57,
2026-08-04T16:47:41+00:00,101996.1,40608.57,
2026-08-04T16:48:41+00:00,102015.94,40608.57,
2026-08-04T16:49:42+00:00,102018.17,40608.57,
2026-08-04T16:50:42+00:00,102014.14,40608.57,
2026-08-04T16:51:42+00:00,102017.61,40608.57,
2026-08-04T16:52:42+00:00,102011.85,40608.57,
2026-08-04T16:53:43+00:00,101998.34,40608.57,
2026-08-04T16:54:43+00:00,102002.92,40608.57,
2026-08-04T16:55:43+00:00,101975.68,40608.57,
2026-08-04T16:56:43+00:00,101945.9,40608.57,
2026-08-04T16:57:43+00:00,101950.0,40608.57,
2026-08-04T16:58:44+00:00,101959.69,40608.57,
2026-08-04T16:59:44+00:00,101977.21,40608.57,
2026-08-04T17:00:44+00:00,102012.98,40608.57,
2026-08-04T17:01:44+00:00,102023.35,40608.57,
2026-08-04T17:02:44+00:00,102011.09,40608.57,
2026-08-04T17:03:45+00:00,101998.74,40608.57,
2026-08-04T17:04:45+00:00,102028.89,40608.57,
2026-08-04T17:05:45+00:00,101996.86,40608.57,
2026-08-04T17:06:45+00:00,101975.53,40608.57,
2026-08-04T17:07:46+00:00,101994.77,40608.57,
2026-08-04T17:08:46+00:00,102006.15,40608.57,
2026-08-04T17:09:46+00:00,101989.52,40608.57,
2026-08-04T17:10:46+00:00,101984.09,40608.57,
2026-08-04T17:11:46+00:00,101982.13,40608.57,
2026-08-04T17:12:47+00:00,101980.74,40608.57,
2026-08-04T17:13:47+00:00,101977.19,40608.57,
2026-08-04T17:14:47+00:00,101974.82,40608.57,
2026-08-04T17:15:47+00:00,101997.98,40608.57,
2026-08-04T17:16:48+00:00,101998.59,40608.57,
2026-08-04T17:17:48+00:00,102023.63,40608.57,
2026-08-04T17:18:48+00:00,101996.36,40608.57,
2026-08-04T17:19:48+00:00,101996.64,40608.57,
2026-08-04T17:20:48+00:00,101975.96,40608.57,
2026-08-04T17:21:49+00:00,101957.55,40608.57,
2026-08-04T17:22:49+00:00,101936.23,40608.57,
2026-08-04T17:23:49+00:00,101938.36,40608.57,
2026-08-04T17:24:49+00:00,101952.53,40608.57,
2026-08-04T17:25:49+00:00,101969.95,40608.57,
2026-08-04T17:26:50+00:00,101993.54,40608.57,
2026-08-04T17:27:50+00:00,101995.66,40608.57,
2026-08-04T17:28:50+00:00,101981.4,40608.57,
2026-08-04T17:29:50+00:00,101989.48,40608.57,
2026-08-04T17:30:51+00:00,101959.82,40608.57,
2026-08-04T17:31:51+00:00,101963.19,40608.57,
2026-08-04T17:32:51+00:00,101979.77,40608.57,
2026-08-04T17:33:51+00:00,101973.32,40608.57,
2026-08-04T17:34:51+00:00,101961.72,40608.57,
2026-08-04T17:35:52+00:00,101968.59,40608.57,
2026-08-04T17:36:52+00:00,101990.82,40608.57,
2026-08-04T17:37:52+00:00,101990.59,40608.57,
2026-08-04T17:38:52+00:00,101984.96,40608.57,
2026-08-04T17:39:53+00:00,101999.83,40608.57,
2026-08-04T17:40:53+00:00,101997.61,40608.57,
2026-08-04T17:41:53+00:00,102017.32,40608.57,
2026-08-04T17:42:53+00:00,102018.51,40608.57,
2026-08-04T17:43:53+00:00,101989.46,40608.57,
2026-08-04T17:44:54+00:00,101987.07,40608.57,
2026-08-04T17:45:54+00:00,102007.28,40608.57,
2026-08-04T17:46:54+00:00,102024.03,40608.57,
2026-08-04T17:47:54+00:00,102036.28,40608.57,
2026-08-04T17:48:54+00:00,102060.97,40608.57,
2026-08-04T17:49:55+00:00,102039.59,40608.57,
2026-08-04T17:50:55+00:00,101976.16,40608.57,
2026-08-04T17:51:55+00:00,101959.89,40608.57,
2026-08-04T17:52:55+00:00,101959.47,40608.57,
2026-08-04T17:53:56+00:00,101961.66,40608.57,
2026-08-04T17:54:56+00:00,101951.42,40608.57,
2026-08-04T17:55:56+00:00,101967.84,40608.57,
2026-08-04T17:56:56+00:00,101959.72,40608.57,
2026-08-04T17:57:56+00:00,101961.5,40608.57,
2026-08-04T17:58:57+00:00,101972.03,40608.57,
2026-08-04T17:59:57+00:00,101955.74,40608.57,
2026-08-04T18:00:57+00:00,101902.74,40608.57,
2026-08-04T18:01:57+00:00,101924.98,40608.57,
2026-08-04T18:02:58+00:00,101911.01,40608.57,
2026-08-04T18:03:58+00:00,101899.36,40608.57,
2026-08-04T18:04:58+00:00,101877.61,40608.57,
2026-08-04T18:05:58+00:00,101935.21,40608.57,
2026-08-04T18:06:58+00:00,101920.15,40608.57,
2026-08-04T18:07:59+00:00,101943.08,40608.57,
2026-08-04T18:08:59+00:00,101919.9,40608.57,
2026-08-04T18:09:59+00:00,101930.1,40608.57,
2026-08-04T18:10:59+00:00,101912.38,40608.57,
2026-08-04T18:12:00+00:00,101919.92,40608.57,
2026-08-04T18:13:00+00:00,101912.66,40608.57,
2026-08-04T18:14:00+00:00,101920.83,40608.57,
2026-08-04T18:15:00+00:00,101948.21,40608.57,
2026-08-04T18:16:00+00:00,101945.76,40608.57,
2026-08-04T18:17:01+00:00,101933.7,40608.57,
2026-08-04T18:18:01+00:00,101940.67,40608.57,
2026-08-04T18:19:01+00:00,101965.79,40608.57,
2026-08-04T18:20:01+00:00,101939.29,40608.57,
2026-08-04T18:21:02+00:00,101961.57,40608.57,
2026-08-04T18:22:02+00:00,101950.11,40608.57,
2026-08-04T18:23:02+00:00,101969.56,40608.57,
2026-08-04T18:24:02+00:00,101978.58,40608.57,
2026-08-04T18:25:02+00:00,101957.51,40608.57,
2026-08-04T18:26:03+00:00,101962.65,40608.57,
2026-08-04T18:27:03+00:00,101959.65,40608.57,
2026-08-04T18:28:03+00:00,101951.2,40608.57,
2026-08-04T18:29:03+00:00,101950.38,40608.57,
2026-08-04T18:30:04+00:00,101982.41,40608.57,
2026-08-04T18:31:04+00:00,101984.54,40608.57,
2026-08-04T18:32:04+00:00,101992.74,40608.57,
2026-08-04T18:33:04+00:00,102003.33,40608.57,
2026-08-04T18:34:04+00:00,101995.2,40608.57,
2026-08-04T18:35:05+00:00,101971.69,40608.57,
2026-08-04T18:36:05+00:00,101970.73,40608.57,
2026-08-04T18:37:05+00:00,101967.99,40608.57,
2026-08-04T18:38:05+00:00,101941.03,40608.57,
2026-08-04T18:39:05+00:00,101930.58,40608.57,
2026-08-04T18:40:06+00:00,101948.55,40608.57,
2026-08-04T18:41:07+00:00,101946.87,40608.57,
2026-08-04T18:42:07+00:00,101951.18,40608.57,
2026-08-04T18:43:07+00:00,101930.92,40608.57,
2026-08-04T18:44:07+00:00,101936.79,40608.57,
2026-08-04T18:45:07+00:00,101959.31,40608.57,
2026-08-04T18:46:08+00:00,101975.14,40608.57,
2026-08-04T18:47:08+00:00,101986.49,40608.57,
2026-08-04T18:48:08+00:00,101993.53,40608.57,
2026-08-04T18:49:08+00:00,101990.38,40608.57,
2026-08-04T18:50:09+00:00,101980.51,40608.57,
2026-08-04T18:51:09+00:00,101991.51,40608.57,
2026-08-04T18:52:09+00:00,101992.69,40608.57,
2026-08-04T18:53:09+00:00,101993.17,40608.57,
2026-08-04T18:54:09+00:00,102001.73,40608.57,
2026-08-04T18:55:10+00:00,101990.14,40608.57,
2026-08-04T18:56:10+00:00,101987.93,40608.57,
2026-08-04T18:57:10+00:00,101995.99,40608.57,
2026-08-04T18:58:10+00:00,102006.68,40608.57,
2026-08-04T18:59:10+00:00,102005.37,40608.57,
2026-08-04T19:00:11+00:00,102029.91,40608.57,
2026-08-04T19:01:11+00:00,102061.37,40608.57,
2026-08-04T19:02:11+00:00,102073.89,40608.57,
2026-08-04T19:03:11+00:00,102074.25,40608.57,
2026-08-04T19:04:12+00:00,102071.76,40608.57,
2026-08-04T19:05:12+00:00,102078.27,40608.57,
2026-08-04T19:06:12+00:00,102067.7,40608.57,
2026-08-04T19:07:12+00:00,102091.21,40608.57,
2026-08-04T19:08:12+00:00,102082.48,40608.57,
2026-08-04T19:09:13+00:00,102097.87,40608.57,
2026-08-04T19:10:13+00:00,102087.36,40608.57,
2026-08-04T19:11:13+00:00,102081.46,40608.57,
2026-08-04T19:12:13+00:00,102077.16,40608.57,
2026-08-04T19:13:14+00:00,102069.45,40608.57,
2026-08-04T19:14:14+00:00,102059.48,40608.57,
2026-08-04T19:15:14+00:00,102060.69,40608.57,
2026-08-04T19:16:14+00:00,102023.66,40608.57,
2026-08-04T19:17:14+00:00,102012.37,40608.57,
2026-08-04T19:18:15+00:00,102031.67,40608.57,
2026-08-04T19:19:15+00:00,102026.76,40608.57,
2026-08-04T19:20:15+00:00,102024.1,40608.57,
2026-08-04T19:21:15+00:00,102002.49,40608.57,
2026-08-04T19:22:16+00:00,101999.44,40608.57,
2026-08-04T19:23:16+00:00,102002.16,40608.57,
2026-08-04T19:24:16+00:00,102003.1,40608.57,
2026-08-04T19:25:16+00:00,101999.46,40608.57,
2026-08-04T19:26:16+00:00,101952.91,40608.57,
2026-08-04T19:27:17+00:00,101966.15,40608.57,
2026-08-04T19:28:17+00:00,101952.4,40608.57,
2026-08-04T19:29:17+00:00,101931.37,40608.57,
2026-08-04T19:30:17+00:00,101940.79,40608.57,
2026-08-04T19:31:18+00:00,101950.33,40608.57,
2026-08-04T19:32:18+00:00,101927.75,40608.57,
2026-08-04T19:33:18+00:00,101922.76,40608.57,
2026-08-04T19:34:18+00:00,101918.56,40608.57,
2026-08-04T19:35:18+00:00,101917.76,40608.57,
2026-08-04T19:36:19+00:00,101924.37,40608.57,
2026-08-04T19:37:19+00:00,101967.05,40608.57,
2026-08-04T19:38:19+00:00,101968.11,40608.57,
2026-08-04T19:39:19+00:00,101972.49,40608.57,
2026-08-04T19:40:20+00:00,101987.76,40608.57,
2026-08-04T19:41:20+00:00,101987.57,40608.57,
2026-08-04T19:42:20+00:00,101997.61,40608.57,
2026-08-04T19:43:20+00:00,101988.62,40608.57,
2026-08-04T19:44:20+00:00,102008.11,40608.57,
2026-08-04T19:45:21+00:00,101987.08,40608.57,
2026-08-04T19:46:21+00:00,102011.01,40608.57,
2026-08-04T19:47:21+00:00,101980.44,40608.57,
2026-08-04T19:48:21+00:00,101958.43,40608.57,
2026-08-04T19:49:22+00:00,101973.92,40608.57,
2026-08-04T19:50:22+00:00,101981.53,40608.57,
2026-08-04T19:51:22+00:00,101969.45,40608.57,
2026-08-04T19:52:22+00:00,101960.11,40608.57,
2026-08-04T19:53:22+00:00,101972.04,40608.57,
2026-08-04T19:54:23+00:00,101953.93,40608.57,
2026-08-04T19:55:23+00:00,101935.43,40608.57,
2026-08-04T19:56:23+00:00,101927.03,40608.57,
2026-08-04T19:57:23+00:00,101908.35,40608.57,
2026-08-04T19:58:24+00:00,101917.28,40608.57,
2026-08-04T19:59:24+00:00,101972.33,40608.57,
2026-08-04T20:00:24+00:00,101921.63,40608.57,
2026-08-04T20:01:24+00:00,101918.14,40608.57,
2026-08-04T20:02:24+00:00,101914.22,40608.57,
2026-08-04T20:03:25+00:00,101822.7,40608.57,
2026-08-04T20:04:25+00:00,101904.16,40608.57,
2026-08-04T20:05:25+00:00,101939.56,40608.57,
2026-08-04T20:06:25+00:00,101999.18,40608.57,
2026-08-04T20:07:25+00:00,102028.84,40608.57,
2026-08-04T20:08:26+00:00,101984.97,40608.57,
2026-08-04T20:09:26+00:00,101986.12,40608.57,
2026-08-04T20:10:26+00:00,102015.95,40608.57,
2026-08-04T20:11:26+00:00,101926.38,40608.57,
2026-08-04T20:12:27+00:00,101936.0,40608.57,
2026-08-04T20:13:27+00:00,101926.83,40608.57,
2026-08-04T20:14:27+00:00,101932.31,40608.57,
2026-08-04T20:15:27+00:00,101836.51,40608.57,
2026-08-04T20:16:27+00:00,101674.77,40608.57,
2026-08-04T20:17:28+00:00,101689.71,40608.57,
2026-08-04T20:18:28+00:00,101784.05,40608.57,
2026-08-04T20:19:28+00:00,101702.55,40608.57,
2026-08-04T20:20:28+00:00,101731.67,40608.57,
2026-08-04T20:21:29+00:00,101697.02,40608.57,
2026-08-04T20:22:29+00:00,101732.0,40608.57,
2026-08-04T20:23:29+00:00,101762.51,40608.57,
2026-08-04T20:24:29+00:00,101748.1,40608.57,
2026-08-04T20:25:29+00:00,101750.47,40608.57,
2026-08-04T20:26:30+00:00,101758.53,40608.57,
2026-08-04T20:27:30+00:00,101759.97,40608.57,
2026-08-04T20:28:30+00:00,101702.93,40608.57,
2026-08-04T20:29:30+00:00,101742.41,40608.57,
2026-08-04T20:30:31+00:00,101772.87,40608.57,
2026-08-04T20:31:31+00:00,101771.83,40608.57,
2026-08-04T20:32:31+00:00,101770.31,40608.57,
2026-08-04T20:33:31+00:00,101751.57,40608.57,
2026-08-04T20:34:31+00:00,101756.28,40608.57,
2026-08-04T20:35:32+00:00,101768.64,40608.57,
2026-08-04T20:36:32+00:00,101748.14,40608.57,
2026-08-04T20:37:32+00:00,101725.84,40608.57,
2026-08-04T20:38:32+00:00,101751.3,40608.57,
2026-08-04T20:39:32+00:00,101791.83,40608.57,
2026-08-04T20:40:33+00:00,101765.89,40608.57,
2026-08-04T20:41:33+00:00,101752.34,40608.57,
2026-08-04T20:42:33+00:00,101784.85,40608.57,
2026-08-04T20:43:33+00:00,101803.84,40608.57,
2026-08-04T20:44:34+00:00,101788.67,40608.57,
2026-08-04T20:45:34+00:00,101771.58,40608.57,
2026-08-04T20:46:34+00:00,101740.69,40608.57,
2026-08-04T20:47:34+00:00,101748.37,40608.57,
2026-08-04T20:48:34+00:00,101720.74,40608.57,
2026-08-04T20:49:35+00:00,101748.36,40608.57,
2026-08-04T20:50:35+00:00,101734.5,40608.57,
2026-08-04T20:51:35+00:00,101709.42,40608.57,
2026-08-04T20:52:35+00:00,101703.65,40608.57,
2026-08-04T20:53:36+00:00,101706.6,40608.57,
2026-08-04T20:54:36+00:00,101716.53,40608.57,
2026-08-04T20:55:36+00:00,101713.56,40608.57,
2026-08-04T20:56:36+00:00,101737.05,40608.57,
2026-08-04T20:57:36+00:00,101746.54,40608.57,
2026-08-04T20:58:37+00:00,101735.41,40608.57,
2026-08-04T20:59:37+00:00,101731.56,40608.57,
2026-08-04T21:00:37+00:00,101751.31,40608.57,
2026-08-04T21:01:37+00:00,101725.37,40608.57,
2026-08-04T21:02:37+00:00,101730.41,40608.57,
2026-08-04T21:03:38+00:00,101735.18,40608.57,
2026-08-04T21:04:38+00:00,101710.18,40608.57,
2026-08-04T21:05:38+00:00,101705.98,40608.57,
2026-08-04T21:06:38+00:00,101726.86,40608.57,
2026-08-04T21:07:39+00:00,101701.33,40608.57,
2026-08-04T21:08:39+00:00,101657.64,40608.57,
2026-08-04T21:09:39+00:00,101658.11,40608.57,
2026-08-04T21:10:39+00:00,101665.11,40608.57,
2026-08-04T21:11:39+00:00,101657.07,40608.57,
2026-08-04T21:12:40+00:00,101653.8,40608.57,
2026-08-04T21:13:40+00:00,101633.3,40608.57,
2026-08-04T21:14:40+00:00,101635.62,40608.57,
2026-08-04T21:15:40+00:00,101617.42,40608.57,
2026-08-04T21:16:41+00:00,101599.54,40608.57,
2026-08-04T21:17:41+00:00,101583.67,40608.57,
2026-08-04T21:18:41+00:00,101651.18,40608.57,
2026-08-04T21:19:41+00:00,101671.48,40608.57,
2026-08-04T21:20:41+00:00,101671.48,40608.57,
2026-08-04T21:21:42+00:00,101631.34,40608.57,
2026-08-04T21:22:42+00:00,101623.36,40608.57,
2026-08-04T21:23:42+00:00,101637.15,40608.57,
2026-08-04T21:24:42+00:00,101613.71,40608.57,
2026-08-04T21:25:43+00:00,101611.19,40608.57,
2026-08-04T21:26:43+00:00,101613.15,40608.57,
2026-08-04T21:27:43+00:00,101620.62,40608.57,
2026-08-04T21:28:43+00:00,101622.55,40608.57,
2026-08-04T21:29:43+00:00,101629.21,40608.57,
2026-08-04T21:30:44+00:00,101610.51,40608.57,
2026-08-04T21:31:44+00:00,101624.6,40608.57,
2026-08-04T21:32:44+00:00,101634.02,40608.57,
2026-08-04T21:33:44+00:00,101636.05,40608.57,
2026-08-04T21:34:44+00:00,101629.33,40608.57,
2026-08-04T21:35:45+00:00,101632.83,40608.57,
2026-08-04T21:36:45+00:00,101619.76,40608.57,
2026-08-04T21:37:45+00:00,101622.62,40608.57,
2026-08-04T21:38:45+00:00,101625.75,40608.57,
2026-08-04T21:39:46+00:00,101631.26,40608.57,
2026-08-04T21:40:46+00:00,101646.96,40608.57,
2026-08-04T21:41:46+00:00,101653.26,40608.57,
2026-08-04T21:42:46+00:00,101646.88,40608.57,
2026-08-04T21:43:46+00:00,101650.3,40608.57,
2026-08-04T21:44:47+00:00,101628.63,40608.57,
2026-08-04T21:45:47+00:00,101635.63,40608.57,
2026-08-04T21:46:47+00:00,101636.67,40608.57,
2026-08-04T21:47:47+00:00,101627.54,40608.57,
2026-08-04T21:48:48+00:00,101636.51,40608.57,
2026-08-04T21:49:48+00:00,101644.15,40608.57,
2026-08-04T21:50:48+00:00,101615.46,40608.57,
2026-08-04T21:51:48+00:00,101625.7,40608.57,
2026-08-04T21:52:48+00:00,101629.88,40608.57,
2026-08-04T21:53:49+00:00,101623.85,40608.57,
2026-08-04T21:54:49+00:00,101644.27,40608.57,
2026-08-04T21:55:49+00:00,101634.2,40608.57,
2026-08-04T21:56:49+00:00,101648.4,40608.57,
2026-08-04T21:57:49+00:00,101648.46,40608.57,
2026-08-04T21:58:50+00:00,101651.58,40608.57,
2026-08-04T21:59:50+00:00,101646.85,40608.57,
2026-08-04T22:00:50+00:00,101639.32,40608.57,
2026-08-04T22:01:50+00:00,101632.95,40608.57,
2026-08-04T22:02:51+00:00,101632.84,40608.57,
2026-08-04T22:03:51+00:00,101638.01,40608.57,
2026-08-04T22:04:51+00:00,101646.8,40608.57,
2026-08-04T22:05:51+00:00,101650.39,40608.57,
2026-08-04T22:06:51+00:00,101664.42,40608.57,
2026-08-04T22:07:52+00:00,101656.24,40608.57,
2026-08-04T22:08:52+00:00,101652.72,40608.57,
2026-08-04T22:09:52+00:00,101651.36,40608.57,
2026-08-04T22:10:52+00:00,101654.84,40608.57,
2026-08-04T22:11:53+00:00,101653.1,40608.57,
2026-08-04T22:12:53+00:00,101676.03,40608.57,
2026-08-04T22:13:53+00:00,101758.84,40608.57,
2026-08-04T22:14:53+00:00,101758.49,40608.57,
2026-08-04T22:15:53+00:00,101753.34,40608.57,
2026-08-04T22:16:54+00:00,101742.68,40608.57,
2026-08-04T22:17:54+00:00,101747.1,40608.57,
2026-08-04T22:18:54+00:00,101745.84,40608.57,
2026-08-04T22:19:54+00:00,101750.34,40608.57,
2026-08-04T22:20:54+00:00,101761.66,40608.57,
2026-08-04T22:21:55+00:00,101765.97,40608.57,
2026-08-04T22:22:55+00:00,101766.37,40608.57,
2026-08-04T22:23:55+00:00,101748.83,40608.57,
2026-08-04T22:24:55+00:00,101746.76,40608.57,
2026-08-04T22:25:56+00:00,101741.86,40608.57,
2026-08-04T22:26:56+00:00,101737.24,40608.57,
2026-08-04T22:27:56+00:00,101739.06,40608.57,
2026-08-04T22:28:56+00:00,101730.1,40608.57,
2026-08-04T22:29:56+00:00,101726.27,40608.57,
2026-08-04T22:30:57+00:00,101706.16,40608.57,
2026-08-04T22:31:57+00:00,101709.49,40608.57,
2026-08-04T22:32:57+00:00,101710.64,40608.57,
2026-08-04T22:33:57+00:00,101704.42,40608.57,
2026-08-04T22:34:58+00:00,101710.58,40608.57,
2026-08-04T22:35:58+00:00,101713.87,40608.57,
2026-08-04T22:36:58+00:00,101711.28,40608.57,
2026-08-04T22:37:58+00:00,101706.38,40608.57,
2026-08-04T22:38:59+00:00,101700.94,40608.57,
2026-08-04T22:39:59+00:00,101698.63,40608.57,
2026-08-04T22:41:00+00:00,101697.93,40608.57,
2026-08-04T22:42:00+00:00,101700.1,40608.57,
2026-08-04T22:43:01+00:00,101698.7,40608.57,
2026-08-04T22:44:01+00:00,101708.45,40608.57,
2026-08-04T22:45:01+00:00,101707.35,40608.57,
2026-08-04T22:46:01+00:00,101710.91,40608.57,
2026-08-04T22:47:02+00:00,101708.53,40608.57,
2026-08-04T22:48:02+00:00,101703.43,40608.57,
2026-08-04T22:49:03+00:00,101714.25,40608.57,
2026-08-04T22:50:03+00:00,101718.93,40608.57,
2026-08-04T22:51:04+00:00,101719.63,40608.57,
2026-08-04T22:52:04+00:00,101707.31,40608.57,
2026-08-04T22:53:04+00:00,101702.07,40608.57,
2026-08-04T22:54:04+00:00,101695.69,40608.57,
2026-08-05T03:28:57+00:00,101783.01,40608.57,
2026-08-05T03:29:58+00:00,101781.96,40608.57,
2026-08-05T03:30:58+00:00,101780.56,40608.57,
2026-08-05T03:31:58+00:00,101781.47,40608.57,
2026-08-05T03:32:58+00:00,101781.47,40608.57,
2026-08-05T03:33:58+00:00,101784.76,40608.57,
2026-08-05T13:11:37+00:00,101300.49,40608.56,
2026-08-05T13:12:37+00:00,101410.95,40608.56,
2026-08-05T13:13:37+00:00,101407.69,40608.56,
2026-08-05T13:14:37+00:00,101406.57,40608.56,
2026-08-05T13:15:38+00:00,101383.99,40608.56,
2026-08-05T13:16:38+00:00,101353.65,40608.56,
2026-08-05T13:18:59+00:00,101297.57,40608.56,
2026-08-05T13:19:59+00:00,101302.81,40608.56,
2026-08-05T13:20:59+00:00,101285.13,40608.56,
2026-08-05T13:21:59+00:00,101236.46,40608.56,
2026-08-05T13:23:00+00:00,101257.43,40608.56,
2026-08-05T13:24:00+00:00,101228.1,40608.56,
2026-08-05T13:25:00+00:00,101242.38,40608.56,
2026-08-05T13:26:00+00:00,101254.42,40608.56,
2026-08-05T13:27:00+00:00,101225.71,40608.56,
2026-08-05T13:28:01+00:00,101244.2,40608.56,
2026-08-05T13:29:02+00:00,101379.59,40608.56,
2026-08-05T13:30:02+00:00,101444.51,40608.56,
2026-08-05T13:31:02+00:00,101675.02,40608.56,
2026-08-05T13:32:02+00:00,101602.25,40608.56,
2026-08-05T13:33:02+00:00,101573.35,40608.56,
2026-08-05T13:34:03+00:00,101526.13,43469.36,
2026-08-05T13:35:03+00:00,101603.69,43946.71,
2026-08-05T13:36:03+00:00,101690.08,44139.63,
2026-08-05T13:37:03+00:00,101596.27,45101.63,
2026-08-05T13:38:04+00:00,101688.99,45101.63,
2026-08-05T13:39:05+00:00,101721.03,45101.63,
2026-08-05T13:40:05+00:00,101682.53,45101.63,
2026-08-05T13:41:14+00:00,101701.27,45101.63,
2026-08-05T13:42:14+00:00,101699.62,45101.63,
2026-08-05T13:43:14+00:00,101726.22,45101.63,
2026-08-05T13:44:15+00:00,101666.99,45101.63,
2026-08-05T13:45:15+00:00,101778.09,45101.63,
2026-08-05T13:46:15+00:00,101681.62,45101.63,
2026-08-05T13:47:15+00:00,101654.09,45101.63,
2026-08-05T13:48:16+00:00,101660.28,45101.63,
2026-08-05T13:49:16+00:00,101691.27,45101.63,
2026-08-05T13:50:16+00:00,101652.07,45101.63,
2026-08-05T13:51:17+00:00,101588.63,45101.63,
2026-08-05T13:52:17+00:00,101600.42,45101.63,
2026-08-05T13:53:17+00:00,101555.26,45101.63,
2026-08-05T13:54:18+00:00,101611.17,45101.63,
2026-08-05T13:55:18+00:00,101647.32,45101.63,
2026-08-05T13:56:18+00:00,101673.81,45101.63,
2026-08-05T13:57:18+00:00,101692.49,45101.63,
2026-08-05T13:58:19+00:00,101754.32,45101.63,
2026-08-05T13:59:19+00:00,101752.16,45101.63,
2026-08-05T14:00:19+00:00,101629.69,45101.63,
2026-08-05T14:01:19+00:00,101617.01,45101.63,
2026-08-05T14:02:20+00:00,101519.96,45101.63,
2026-08-05T14:08:04+00:00,101701.59,45101.63,
2026-08-05T14:09:04+00:00,101702.34,45101.63,
2026-08-05T14:10:04+00:00,101670.75,45101.63,
2026-08-05T14:11:05+00:00,101645.99,45101.63,
2026-08-05T14:12:05+00:00,101640.16,45101.63,
2026-08-05T14:13:05+00:00,101605.46,45101.63,
2026-08-05T14:14:05+00:00,101634.5,45101.63,
2026-08-05T14:15:05+00:00,101583.76,45101.63,
2026-08-05T14:16:06+00:00,101592.52,54044.55,
2026-08-05T14:17:06+00:00,101588.09,44772.74,
2026-08-05T14:18:07+00:00,101620.06,44772.74,
2026-08-05T14:19:07+00:00,101629.24,44772.74,
2026-08-05T14:20:07+00:00,101578.92,44772.74,
2026-08-05T14:21:07+00:00,101580.3,44772.74,
2026-08-05T14:22:08+00:00,101577.76,44772.74,
2026-08-05T14:23:08+00:00,101554.16,44772.74,
2026-08-05T14:24:08+00:00,101509.93,44772.74,
2026-08-05T14:25:08+00:00,101558.51,44772.74,
2026-08-05T14:26:08+00:00,101531.55,44772.74,
2026-08-05T14:27:09+00:00,101531.59,44772.74,
2026-08-05T14:28:09+00:00,101568.85,44772.74,
2026-08-05T14:29:09+00:00,101548.51,44772.74,
2026-08-05T14:30:09+00:00,101491.32,44772.74,
2026-08-05T14:31:10+00:00,101478.84,44772.74,
2026-08-05T14:32:10+00:00,101486.16,44772.74,
2026-08-05T14:33:10+00:00,101467.86,44772.74,
2026-08-05T14:34:10+00:00,101479.07,44772.74,
2026-08-05T14:35:10+00:00,101447.68,44772.74,
2026-08-05T14:36:11+00:00,101428.68,44772.74,
2026-08-05T14:37:11+00:00,101406.93,44772.74,
2026-08-05T14:38:11+00:00,101358.74,44772.74,
2026-08-05T14:39:11+00:00,101434.78,44772.74,
2026-08-05T14:40:12+00:00,101394.67,44772.74,
2026-08-05T14:41:12+00:00,101346.93,44772.74,
2026-08-05T14:42:12+00:00,101343.64,44772.74,
2026-08-05T14:43:12+00:00,101366.91,44772.74,
2026-08-05T14:44:13+00:00,101323.49,44772.74,
2026-08-05T14:45:13+00:00,101312.04,44772.74,
2026-08-05T14:46:13+00:00,101334.98,44772.74,
2026-08-05T14:47:13+00:00,101408.71,44772.74,
2026-08-05T14:48:13+00:00,101413.95,44772.74,
2026-08-05T14:49:14+00:00,101409.32,44772.74,
2026-08-05T14:50:14+00:00,101448.04,44772.74,
2026-08-05T14:51:14+00:00,101388.9,44772.74,
2026-08-05T14:52:14+00:00,101342.0,44772.74,
2026-08-05T14:53:15+00:00,101310.87,44772.74,
2026-08-05T14:54:15+00:00,101289.04,44772.74,
2026-08-05T14:55:15+00:00,101285.01,44772.74,
2026-08-05T14:56:15+00:00,101315.44,44772.74,
2026-08-05T14:57:15+00:00,101361.22,44772.74,
2026-08-05T14:58:16+00:00,101372.57,44772.74,
2026-08-05T14:59:16+00:00,101351.08,44772.74,
2026-08-05T15:00:16+00:00,101341.27,44772.74,
2026-08-05T15:01:16+00:00,101344.82,44772.74,
2026-08-05T15:02:16+00:00,101374.66,44772.74,
2026-08-05T15:03:17+00:00,101377.29,44772.74,
2026-08-05T15:04:17+00:00,101369.37,44772.74,
2026-08-05T15:05:17+00:00,101370.73,44772.74,
2026-08-05T15:06:17+00:00,101326.17,44772.74,
2026-08-05T15:07:18+00:00,101374.71,44772.74,
2026-08-05T15:08:18+00:00,101387.51,44772.74,
2026-08-05T15:09:18+00:00,101413.11,44772.74,
2026-08-05T15:10:18+00:00,101430.97,44772.74,
2026-08-05T15:11:19+00:00,101444.81,44772.74,
2026-08-05T15:12:19+00:00,101427.59,44772.74,
2026-08-05T15:13:19+00:00,101404.48,44772.74,
2026-08-05T15:14:19+00:00,101372.27,44772.74,
2026-08-05T15:15:19+00:00,101375.45,44772.74,
2026-08-05T15:16:20+00:00,101336.0,44772.74,
2026-08-05T15:17:20+00:00,101340.86,44772.74,
2026-08-05T15:18:20+00:00,101243.97,44772.74,
2026-08-05T15:19:20+00:00,101297.83,44772.74,
2026-08-05T15:20:21+00:00,101284.4,44772.74,
2026-08-05T15:21:21+00:00,101317.91,44772.74,
2026-08-05T15:22:21+00:00,101304.79,44772.74,
2026-08-05T15:23:21+00:00,101292.91,44772.74,
2026-08-05T15:24:21+00:00,101267.16,44772.74,
2026-08-05T15:25:22+00:00,101253.58,44772.74,
2026-08-05T15:26:22+00:00,101238.26,44772.74,
2026-08-05T15:27:23+00:00,101280.18,44772.74,
2026-08-05T15:28:23+00:00,101256.7,44772.74,
2026-08-05T15:29:23+00:00,101263.95,44772.74,
2026-08-05T15:30:23+00:00,101287.79,44772.74,
2026-08-05T15:31:24+00:00,101316.04,44772.74,
2026-08-05T15:32:24+00:00,101305.77,44772.74,
2026-08-05T15:33:24+00:00,101267.78,44772.74,
2026-08-05T15:34:24+00:00,101310.37,44772.74,
2026-08-05T15:35:25+00:00,101286.61,44772.74,
2026-08-05T15:36:25+00:00,101278.1,44772.74,
2026-08-05T15:37:25+00:00,101305.18,44772.74,
2026-08-05T15:38:25+00:00,101310.58,44772.74,
2026-08-05T15:39:25+00:00,101293.08,44772.74,
2026-08-05T15:40:26+00:00,101298.26,44772.74,
2026-08-05T15:41:26+00:00,101278.04,44772.74,
2026-08-05T15:42:26+00:00,101303.77,44772.74,
2026-08-05T15:43:26+00:00,101303.98,44772.74,
2026-08-05T15:44:27+00:00,101309.8,44772.74,
2026-08-05T15:45:27+00:00,101279.45,44772.74,
2026-08-05T15:46:27+00:00,101287.87,44772.74,
2026-08-05T15:47:27+00:00,101302.01,44772.74,
2026-08-05T15:48:27+00:00,101322.62,44772.74,
2026-08-05T15:49:28+00:00,101303.65,44772.74,
2026-08-05T15:50:28+00:00,101311.23,44772.74,
2026-08-05T15:51:28+00:00,101296.16,44772.74,
2026-08-05T15:52:28+00:00,101307.21,44772.74,
2026-08-05T15:53:29+00:00,101330.9,44772.74,
2026-08-05T15:54:29+00:00,101308.41,44772.74,
2026-08-05T15:55:29+00:00,101293.52,44772.74,
2026-08-05T15:56:29+00:00,101269.83,44772.74,
2026-08-05T15:57:30+00:00,101248.72,44772.74,
2026-08-05T15:58:30+00:00,101292.41,44772.74,
2026-08-05T15:59:30+00:00,101282.51,44772.74,
2026-08-05T16:00:30+00:00,101290.34,44772.74,
2026-08-05T16:01:30+00:00,101295.14,44772.74,
2026-08-05T16:02:31+00:00,101330.37,44772.74,
2026-08-05T16:03:31+00:00,101382.53,44772.74,
2026-08-05T16:04:31+00:00,101423.79,44772.74,
2026-08-05T16:05:31+00:00,101375.11,44772.74,
2026-08-05T16:06:32+00:00,101388.78,44772.74,
2026-08-05T16:07:32+00:00,101424.91,44772.74,
2026-08-05T16:08:32+00:00,101402.64,44772.74,
2026-08-05T16:09:32+00:00,101407.09,44772.74,
2026-08-05T16:10:32+00:00,101454.44,44772.74,
2026-08-05T16:11:33+00:00,101462.42,44772.74,
2026-08-05T16:12:33+00:00,101456.42,44772.74,
2026-08-05T16:13:33+00:00,101453.93,44772.74,
2026-08-05T16:14:33+00:00,101436.72,44772.74,
2026-08-05T16:15:34+00:00,101448.48,44772.74,
2026-08-05T16:16:34+00:00,101507.68,44772.74,
2026-08-05T16:17:34+00:00,101489.17,44772.74,
2026-08-05T16:18:34+00:00,101457.39,44772.74,
2026-08-05T16:19:34+00:00,101448.82,44772.74,
2026-08-05T16:20:35+00:00,101474.96,44772.74,
2026-08-05T16:21:35+00:00,101502.39,44772.74,
2026-08-05T16:22:35+00:00,101507.39,44772.74,
2026-08-05T16:23:35+00:00,101524.51,44772.74,
2026-08-05T16:24:36+00:00,101473.08,44772.74,
2026-08-05T16:25:36+00:00,101513.72,44772.74,
2026-08-05T16:26:36+00:00,101511.51,44772.74,
2026-08-05T16:27:36+00:00,101514.67,44772.74,
2026-08-05T16:28:36+00:00,101530.55,44772.74,
2026-08-05T16:29:37+00:00,101545.96,44772.74,
2026-08-05T16:30:37+00:00,101543.29,44772.74,
2026-08-05T16:31:37+00:00,101535.77,44772.74,
2026-08-05T16:32:37+00:00,101556.05,44772.74,
2026-08-05T16:33:38+00:00,101503.26,44772.74,
2026-08-05T16:34:38+00:00,101512.04,44772.74,
2026-08-05T16:35:38+00:00,101495.2,44772.74,
2026-08-05T16:36:39+00:00,101513.64,44772.74,
2026-08-05T16:37:39+00:00,101517.35,44772.74,
2026-08-05T16:38:40+00:00,101528.01,44772.74,
2026-08-05T16:39:40+00:00,101526.12,44772.74,
2026-08-05T16:40:40+00:00,101546.46,44772.74,
2026-08-05T16:41:40+00:00,101551.68,44772.74,
2026-08-05T16:42:41+00:00,101522.68,44772.74,
2026-08-05T16:43:41+00:00,101533.11,44772.74,
2026-08-05T16:44:41+00:00,101535.3,44772.74,
2026-08-05T16:45:41+00:00,101537.91,44772.74,
2026-08-05T16:46:41+00:00,101537.48,44772.74,
2026-08-05T16:47:42+00:00,101530.39,44772.74,
2026-08-05T16:48:42+00:00,101529.2,44772.74,
2026-08-05T16:49:42+00:00,101530.85,44772.74,
2026-08-05T16:50:42+00:00,101528.62,44772.74,
2026-08-05T16:51:43+00:00,101565.17,44772.74,
2026-08-05T16:52:43+00:00,101558.26,44772.74,
2026-08-05T16:53:43+00:00,101565.21,44772.74,
2026-08-05T16:54:43+00:00,101573.85,44772.74,
2026-08-05T16:55:44+00:00,101569.23,44772.74,
2026-08-05T16:56:44+00:00,101566.02,44772.74,
2026-08-05T16:57:44+00:00,101594.59,44772.74,
2026-08-05T16:58:44+00:00,101588.86,44772.74,
2026-08-05T16:59:44+00:00,101583.11,44772.74,
2026-08-05T17:00:45+00:00,101575.76,44772.74,
2026-08-05T17:01:45+00:00,101599.6,44772.74,
2026-08-05T17:02:45+00:00,101586.07,44772.74,
2026-08-05T17:03:45+00:00,101576.12,44772.74,
2026-08-05T17:04:46+00:00,101548.04,44772.74,
2026-08-05T17:05:46+00:00,101562.8,44772.74,
2026-08-05T17:06:46+00:00,101549.98,44772.74,
2026-08-05T17:07:46+00:00,101558.64,44772.74,
2026-08-05T17:08:47+00:00,101550.5,44772.74,
2026-08-05T17:09:47+00:00,101534.63,44772.74,
2026-08-05T17:10:47+00:00,101536.74,44772.74,
2026-08-05T17:11:47+00:00,101537.78,44772.74,
2026-08-05T17:12:48+00:00,101545.61,44772.74,
2026-08-05T17:13:48+00:00,101546.33,44772.74,
2026-08-05T17:14:48+00:00,101535.72,44772.74,
2026-08-05T17:15:48+00:00,101544.12,44772.74,
2026-08-05T17:16:49+00:00,101532.86,44772.74,
2026-08-05T17:17:49+00:00,101523.93,44772.74,
2026-08-05T17:18:49+00:00,101523.41,44772.74,
2026-08-05T17:19:49+00:00,101529.69,44772.74,
2026-08-05T17:20:49+00:00,101538.65,44772.74,
2026-08-05T17:21:50+00:00,101540.93,44772.74,
2026-08-05T17:22:50+00:00,101528.9,44772.74,
2026-08-05T17:23:50+00:00,101538.16,44772.74,
2026-08-05T17:24:50+00:00,101545.6,44772.74,
2026-08-05T17:25:51+00:00,101562.26,44772.74,
2026-08-05T17:26:51+00:00,101591.42,44772.74,
2026-08-05T17:27:52+00:00,101578.14,44772.74,
2026-08-05T17:28:52+00:00,101575.88,44772.74,
2026-08-05T17:29:52+00:00,101543.6,44772.74,
2026-08-05T17:30:53+00:00,101529.72,44772.74,
2026-08-05T17:31:53+00:00,101531.23,44772.74,
2026-08-05T17:32:53+00:00,101537.0,44772.74,
2026-08-05T17:33:53+00:00,101547.51,44772.74,
2026-08-05T17:34:53+00:00,101547.66,44772.74,
2026-08-05T17:35:54+00:00,101572.1,44772.74,
2026-08-05T17:36:54+00:00,101573.1,44772.74,
2026-08-05T17:37:54+00:00,101583.18,44772.74,
2026-08-05T17:38:54+00:00,101582.02,44772.74,
2026-08-05T17:39:55+00:00,101589.94,44772.74,
2026-08-05T17:40:55+00:00,101602.61,44772.74,
2026-08-05T17:41:55+00:00,101598.65,44772.74,
2026-08-05T17:42:55+00:00,101614.48,44772.74,
2026-08-05T17:43:55+00:00,101631.18,44772.74,
2026-08-05T17:44:56+00:00,101616.3,44772.74,
2026-08-05T17:45:56+00:00,101594.41,44772.74,
2026-08-05T17:46:56+00:00,101590.49,44772.74,
2026-08-05T17:47:56+00:00,101601.89,44772.74,
2026-08-05T17:48:57+00:00,101620.14,44772.74,
2026-08-05T17:49:57+00:00,101632.06,44772.74,
2026-08-05T17:50:57+00:00,101622.09,44772.74,
2026-08-05T17:51:57+00:00,101630.5,44772.74,
2026-08-05T17:52:57+00:00,101625.2,44772.74,
2026-08-05T17:53:58+00:00,101604.86,44772.74,
2026-08-05T17:54:58+00:00,101593.05,44772.74,
2026-08-05T17:56:00+00:00,101600.53,44772.74,
2026-08-05T17:58:15+00:00,101612.32,44772.74,
2026-08-05T17:59:15+00:00,101596.76,44772.74,
2026-08-05T18:00:15+00:00,101587.17,44772.74,
2026-08-05T18:01:16+00:00,101573.8,44772.74,
2026-08-05T18:02:16+00:00,101579.68,44772.74,
2026-08-05T18:03:16+00:00,101590.43,44772.74,
2026-08-05T18:04:16+00:00,101592.15,44772.74,
2026-08-05T18:05:16+00:00,101598.28,44772.74,
2026-08-05T18:06:17+00:00,101603.68,44772.74,
2026-08-05T18:07:17+00:00,101595.75,44772.74,
2026-08-05T18:08:17+00:00,101583.95,44772.74,
2026-08-05T18:09:17+00:00,101588.51,44772.74,
2026-08-05T18:10:17+00:00,101607.02,44772.74,
2026-08-05T18:11:18+00:00,101601.02,44772.74,
2026-08-05T18:12:18+00:00,101621.38,44772.74,
2026-08-05T18:13:18+00:00,101617.06,44772.74,
2026-08-05T18:14:18+00:00,101599.34,44772.74,
2026-08-05T18:15:19+00:00,101564.06,44772.74,
2026-08-05T18:16:19+00:00,101587.67,44772.74,
2026-08-05T18:17:19+00:00,101592.52,44772.74,
2026-08-05T18:18:19+00:00,101582.92,44772.74,
2026-08-05T18:19:19+00:00,101605.13,44772.74,
2026-08-05T18:20:20+00:00,101598.43,44772.74,
2026-08-05T18:21:20+00:00,101602.26,44772.74,
2026-08-05T18:22:20+00:00,101586.51,44772.74,
2026-08-05T18:23:20+00:00,101586.14,44772.74,
2026-08-05T18:24:21+00:00,101591.64,44772.74,
2026-08-05T18:25:21+00:00,101595.66,44772.74,
2026-08-05T18:26:21+00:00,101613.71,44772.74,
2026-08-05T18:27:21+00:00,101615.8,44772.74,
2026-08-05T18:28:22+00:00,101602.14,44772.74,
2026-08-05T18:29:22+00:00,101608.84,44772.74,
2026-08-05T18:30:22+00:00,101594.87,44772.74,
2026-08-05T18:31:22+00:00,101586.0,44772.74,
2026-08-05T18:32:22+00:00,101566.17,44772.74,
2026-08-05T18:33:23+00:00,101566.4,44772.74,
2026-08-05T18:34:23+00:00,101572.9,44772.74,
2026-08-05T18:35:23+00:00,101563.93,44772.74,
2026-08-05T18:36:23+00:00,101588.88,44772.74,
2026-08-05T18:37:23+00:00,101566.03,44772.74,
2026-08-05T18:38:24+00:00,101567.87,44772.74,
2026-08-05T18:39:24+00:00,101571.81,44772.74,
2026-08-05T18:40:24+00:00,101562.29,44772.74,
2026-08-05T18:41:24+00:00,101555.89,44772.74,
2026-08-05T18:42:25+00:00,101558.28,44772.74,
2026-08-05T18:43:25+00:00,101566.64,44772.74,
2026-08-05T18:44:25+00:00,101571.18,44772.74,
2026-08-05T18:45:25+00:00,101588.28,44772.74,
2026-08-05T18:46:25+00:00,101595.32,44772.74,
2026-08-05T18:47:26+00:00,101614.85,44772.74,
2026-08-05T18:48:26+00:00,101626.62,44772.74,
2026-08-05T18:49:26+00:00,101603.39,44772.74,
2026-08-05T18:50:26+00:00,101611.98,44772.74,
2026-08-05T18:51:27+00:00,101610.17,44772.74,
2026-08-05T18:52:27+00:00,101610.38,44772.74,
2026-08-05T18:53:27+00:00,101602.44,44772.74,
2026-08-05T18:54:27+00:00,101585.88,44772.74,
2026-08-05T18:55:27+00:00,101599.77,44772.74,
2026-08-05T18:56:28+00:00,101584.41,44772.74,
2026-08-05T18:57:28+00:00,101586.5,44772.74,
2026-08-05T18:58:28+00:00,101578.87,44772.74,
2026-08-05T18:59:28+00:00,101577.34,44772.74,
2026-08-05T19:00:29+00:00,101559.92,44772.74,
2026-08-05T19:01:29+00:00,101561.68,44772.74,
2026-08-05T19:02:29+00:00,101579.49,44772.74,
2026-08-05T19:03:29+00:00,101571.7,44772.74,
2026-08-05T19:04:30+00:00,101578.24,44772.74,
2026-08-05T19:05:30+00:00,101557.1,44772.74,
2026-08-05T19:06:30+00:00,101548.88,44772.74,
2026-08-05T19:07:30+00:00,101550.92,44772.74,
2026-08-05T19:08:30+00:00,101567.01,44772.74,
2026-08-05T19:09:31+00:00,101573.08,44772.74,
2026-08-05T19:10:31+00:00,101564.05,44772.74,
2026-08-05T19:11:31+00:00,101547.86,44772.74,
2026-08-05T19:12:31+00:00,101548.85,44772.74,
2026-08-05T19:13:31+00:00,101552.84,44772.74,
2026-08-05T19:14:32+00:00,101549.68,44772.74,
2026-08-05T19:15:32+00:00,101533.18,44772.74,
2026-08-05T19:16:32+00:00,101520.01,44772.74,
2026-08-05T19:17:32+00:00,101514.33,44772.74,
2026-08-05T19:18:33+00:00,101514.76,44772.74,
2026-08-05T19:19:33+00:00,101521.6,44772.74,
2026-08-05T19:20:33+00:00,101525.44,44772.74,
2026-08-05T19:21:33+00:00,101505.66,44772.74,
2026-08-05T19:22:34+00:00,101501.71,44772.74,
2026-08-05T19:23:34+00:00,101511.15,44772.74,
2026-08-05T19:24:34+00:00,101505.88,44772.74,
2026-08-05T19:25:34+00:00,101514.25,44772.74,
2026-08-05T19:26:34+00:00,101514.32,44772.74,
2026-08-05T19:27:35+00:00,101497.05,44772.74,
2026-08-05T19:28:35+00:00,101505.84,44772.74,
2026-08-05T19:29:35+00:00,101511.48,44772.74,
2026-08-05T19:30:35+00:00,101515.01,44772.74,
2026-08-05T19:31:36+00:00,101505.37,44772.74,
2026-08-05T19:32:36+00:00,101519.25,44772.74,
2026-08-05T19:33:36+00:00,101497.99,44772.74,
2026-08-05T19:34:36+00:00,101507.62,44772.74,
2026-08-05T19:35:36+00:00,101499.68,44772.74,
2026-08-05T19:36:37+00:00,101485.0,44772.74,
2026-08-05T19:37:37+00:00,101486.57,44772.74,
2026-08-05T19:38:37+00:00,101492.97,44772.74,
2026-08-05T19:39:37+00:00,101491.26,44772.74,
2026-08-05T19:40:37+00:00,101508.22,44772.74,
2026-08-05T19:41:38+00:00,101515.73,44772.74,
2026-08-05T19:42:38+00:00,101520.67,44772.74,
2026-08-05T19:43:39+00:00,101516.98,44772.74,
2026-08-05T19:44:39+00:00,101478.26,44772.74,
2026-08-05T19:45:39+00:00,101478.74,44772.74,
2026-08-05T19:46:39+00:00,101459.26,44772.74,
2026-08-05T19:47:40+00:00,101460.96,44772.74,
2026-08-05T19:48:40+00:00,101462.43,44772.74,
2026-08-05T19:49:40+00:00,101477.4,44772.74,
2026-08-05T19:50:40+00:00,101464.5,44772.74,
2026-08-05T19:51:41+00:00,101467.47,44772.74,
2026-08-05T19:52:41+00:00,101438.23,44772.74,
2026-08-05T19:53:41+00:00,101436.66,44772.74,
2026-08-05T19:54:41+00:00,101424.79,44772.74,
2026-08-05T19:55:41+00:00,101374.95,44772.74,
2026-08-05T19:56:42+00:00,101357.62,44772.74,
2026-08-05T19:57:42+00:00,101364.31,44772.74,
2026-08-05T19:58:42+00:00,101350.1,44772.74,
2026-08-05T19:59:42+00:00,101273.44,44772.74,
2026-08-05T20:00:42+00:00,101237.28,44772.74,
2026-08-05T20:01:43+00:00,101237.37,44772.74,
2026-08-05T20:02:43+00:00,101243.42,44772.74,
2026-08-05T20:03:43+00:00,101248.12,44772.74,
2026-08-05T20:04:43+00:00,101260.42,44772.74,
2026-08-05T20:05:44+00:00,101287.18,44772.74,
2026-08-05T20:06:44+00:00,101284.96,44772.74,
2026-08-05T20:07:44+00:00,101294.14,44772.74,
2026-08-05T20:08:44+00:00,101295.65,44772.74,
2026-08-05T20:09:44+00:00,101280.53,44772.74,
2026-08-05T20:10:45+00:00,101279.37,44772.74,
2026-08-05T20:11:45+00:00,101301.37,44772.74,
2026-08-05T20:12:45+00:00,101308.21,44772.74,
2026-08-05T20:13:45+00:00,101307.24,44772.74,
2026-08-05T20:14:46+00:00,101309.55,44772.74,
2026-08-05T20:15:46+00:00,101325.3,44772.74,
2026-08-05T20:16:46+00:00,101291.84,44772.74,
2026-08-05T20:17:46+00:00,101289.07,44772.74,
2026-08-05T20:18:46+00:00,101272.86,44772.74,
2026-08-05T20:19:47+00:00,101259.63,44772.74,
2026-08-05T20:20:47+00:00,101275.34,44772.74,
2026-08-05T20:21:47+00:00,101312.03,44772.74,
2026-08-05T20:22:47+00:00,101309.04,44772.74,
2026-08-05T20:23:48+00:00,101318.14,44772.74,
2026-08-05T20:24:48+00:00,101318.56,44772.74,
2026-08-05T20:25:48+00:00,101320.47,44772.74,
2026-08-05T20:26:48+00:00,101330.73,44772.74,
2026-08-05T20:27:49+00:00,101316.57,44772.74,
2026-08-05T20:28:49+00:00,101326.2,44772.74,
2026-08-05T20:29:49+00:00,101308.59,44772.74,
2026-08-05T20:30:49+00:00,101323.75,44772.74,
2026-08-05T20:31:49+00:00,101317.91,44772.74,
2026-08-05T20:32:50+00:00,101319.41,44772.74,
2026-08-05T20:33:50+00:00,101319.06,44772.74,
2026-08-05T20:34:50+00:00,101318.36,44772.74,
2026-08-05T20:35:50+00:00,101322.4,44772.74,
2026-08-05T20:36:51+00:00,101325.64,44772.74,
2026-08-05T20:37:51+00:00,101339.89,44772.74,
2026-08-05T20:38:51+00:00,101342.44,44772.74,
2026-08-05T20:39:51+00:00,101340.73,44772.74,
2026-08-05T20:40:51+00:00,101334.15,44772.74,
2026-08-05T20:41:52+00:00,101345.93,44772.74,
2026-08-05T20:42:52+00:00,101352.73,44772.74,
2026-08-05T20:43:52+00:00,101362.37,44772.74,
2026-08-05T20:44:52+00:00,101350.84,44772.74,
2026-08-05T20:45:53+00:00,101352.66,44772.74,
2026-08-05T20:46:53+00:00,101344.83,44772.74,
2026-08-05T20:47:53+00:00,101340.84,44772.74,
2026-08-05T20:48:53+00:00,101332.22,44772.74,
2026-08-05T20:49:54+00:00,101343.53,44772.74,
2026-08-05T20:50:54+00:00,101346.88,44772.74,
2026-08-05T20:51:55+00:00,101341.36,44772.74,
2026-08-05T20:52:55+00:00,101367.43,44772.74,
2026-08-05T20:53:55+00:00,101367.64,44772.74,
2026-08-05T20:54:55+00:00,101372.98,44772.74,
2026-08-05T20:55:55+00:00,101385.73,44772.74,
2026-08-05T20:56:56+00:00,101382.79,44772.74,
2026-08-05T20:57:56+00:00,101376.2,44772.74,
2026-08-05T20:58:56+00:00,101378.98,44772.74,
2026-08-05T20:59:56+00:00,101372.62,44772.74,
2026-08-05T21:00:56+00:00,101377.42,44772.74,
2026-08-05T21:01:57+00:00,101376.17,44772.74,
2026-08-05T21:02:57+00:00,101383.47,44772.74,
2026-08-05T21:03:57+00:00,101378.15,44772.74,
2026-08-05T21:04:57+00:00,101379.42,44772.74,
2026-08-05T21:05:58+00:00,101381.03,44772.74,
2026-08-05T21:06:58+00:00,101381.6,44772.74,
2026-08-05T21:07:58+00:00,101378.85,44772.74,
2026-08-05T21:08:58+00:00,101378.4,44772.74,
2026-08-05T21:09:58+00:00,101376.18,44772.74,
2026-08-05T21:10:59+00:00,101374.68,44772.74,
2026-08-05T21:11:59+00:00,101374.36,44772.74,
2026-08-05T21:12:59+00:00,101376.51,44772.74,
2026-08-05T21:13:59+00:00,101372.59,44772.74,
2026-08-05T21:15:00+00:00,101363.09,44772.74,
2026-08-05T21:16:00+00:00,101364.01,44772.74,
2026-08-05T21:17:00+00:00,101360.71,44772.74,
2026-08-05T21:18:00+00:00,101365.37,44772.74,
2026-08-05T21:19:00+00:00,101364.0,44772.74,
2026-08-05T21:20:01+00:00,101364.84,44772.74,
2026-08-05T21:21:01+00:00,101363.51,44772.74,
2026-08-05T21:22:01+00:00,101357.15,44772.74,
2026-08-05T21:23:01+00:00,101355.68,44772.74,
2026-08-05T21:24:02+00:00,101353.74,44772.74,
2026-08-05T21:25:02+00:00,101358.55,44772.74,
2026-08-05T21:26:03+00:00,101359.18,44772.74,
2026-08-05T21:27:03+00:00,101358.83,44772.74,
2026-08-05T21:28:03+00:00,101356.39,44772.74,
2026-08-05T21:29:03+00:00,101361.25,44772.74,
2026-08-05T21:30:04+00:00,101360.7,44772.74,
2026-08-05T21:31:04+00:00,101348.57,44772.74,
2026-08-05T21:32:04+00:00,101370.12,44772.74,
2026-08-05T21:33:04+00:00,101378.38,44772.74,
2026-08-05T21:34:04+00:00,101409.69,44772.74,
2026-08-05T21:35:05+00:00,101409.62,44772.74,
2026-08-05T21:36:05+00:00,101404.18,44772.74,
2026-08-05T21:37:05+00:00,101397.88,44772.74,
2026-08-05T21:38:05+00:00,101385.83,44772.74,
2026-08-05T21:39:06+00:00,101381.25,44772.74,
2026-08-05T21:40:06+00:00,101386.85,44772.74,
2026-08-05T21:41:06+00:00,101388.32,44772.74,
2026-08-05T21:42:06+00:00,101391.55,44772.74,
2026-08-05T21:43:06+00:00,101383.37,44772.74,
2026-08-05T21:44:07+00:00,101382.97,44772.74,
2026-08-05T21:45:07+00:00,101381.37,44772.74,
2026-08-05T21:46:07+00:00,101372.32,44772.74,
2026-08-05T21:47:07+00:00,101375.96,44772.74,
2026-08-05T21:48:08+00:00,101372.16,44772.74,
2026-08-05T21:49:08+00:00,101372.16,44772.74,
2026-08-05T21:50:08+00:00,101374.53,44772.74,
2026-08-05T21:51:08+00:00,101372.95,44772.74,
2026-08-05T21:52:08+00:00,101377.22,44772.74,
2026-08-05T21:53:09+00:00,101378.08,44772.74,
2026-08-05T21:54:09+00:00,101382.85,44772.74,
2026-08-05T21:55:09+00:00,101382.92,44772.74,
2026-08-05T21:56:09+00:00,101364.61,44772.74,
2026-08-05T21:57:10+00:00,101364.05,44772.74,
2026-08-05T21:58:10+00:00,101367.61,44772.74,
2026-08-05T21:59:10+00:00,101368.13,44772.74,
2026-08-05T22:00:10+00:00,101371.12,44772.74,
2026-08-05T22:01:10+00:00,101374.48,44772.74,
2026-08-05T22:02:11+00:00,101390.69,44772.74,
2026-08-05T22:03:11+00:00,101402.67,44772.74,
2026-08-05T22:04:11+00:00,101398.12,44772.74,
2026-08-05T22:05:11+00:00,101391.34,44772.74,
2026-08-05T22:06:12+00:00,101399.74,44772.74,
2026-08-05T22:07:12+00:00,101411.0,44772.74,
2026-08-05T22:08:13+00:00,101412.26,44772.74,
2026-08-05T22:09:13+00:00,101423.71,44772.74,
2026-08-05T22:10:13+00:00,101421.29,44772.74,
2026-08-05T22:11:13+00:00,101422.94,44772.74,
2026-08-05T22:12:14+00:00,101421.96,44772.74,
2026-08-05T22:13:14+00:00,101414.53,44772.74,
2026-08-05T22:14:14+00:00,101414.54,44772.74,
2026-08-05T22:15:14+00:00,101412.31,44772.74,
2026-08-05T22:16:14+00:00,101412.46,44772.74,
2026-08-05T22:17:15+00:00,101415.2,44772.74,
2026-08-05T22:18:15+00:00,101415.2,44772.74,
2026-08-05T22:19:15+00:00,101412.9,44772.74,
2026-08-05T22:20:15+00:00,101416.26,44772.74,
2026-08-05T22:21:16+00:00,101412.76,44772.74,
2026-08-05T22:22:16+00:00,101424.76,44772.74,
2026-08-05T22:23:16+00:00,101434.64,44772.74,
2026-08-05T22:24:16+00:00,101429.35,44772.74,
2026-08-05T22:25:16+00:00,101430.26,44772.74,
2026-08-05T22:26:17+00:00,101442.9,44772.74,
2026-08-05T22:27:17+00:00,101448.01,44772.74,
2026-08-05T22:28:17+00:00,101448.45,44772.74,
2026-08-05T22:29:17+00:00,101450.11,44772.74,
2026-08-05T22:30:18+00:00,101404.3,44772.74,
2026-08-05T22:31:18+00:00,101381.41,44772.74,
2026-08-05T22:32:18+00:00,101381.62,44772.74,
2026-08-05T22:33:18+00:00,101384.91,44772.74,
2026-08-05T22:34:18+00:00,101393.86,44772.74,
2026-08-05T22:35:19+00:00,101383.4,44772.74,
2026-08-05T22:36:19+00:00,101400.96,44772.74,
2026-08-05T22:37:19+00:00,101401.46,44772.74,
2026-08-05T22:38:19+00:00,101421.59,44772.74,
2026-08-05T22:39:19+00:00,101413.4,44772.74,
2026-08-05T22:40:20+00:00,101412.63,44772.74,
2026-08-05T22:41:20+00:00,101419.63,44772.74,
2026-08-05T22:42:20+00:00,101426.07,44772.74,
2026-08-05T22:43:20+00:00,101424.95,44772.74,
2026-08-05T22:44:21+00:00,101423.2,44772.74,
2026-08-05T22:45:21+00:00,101424.94,44772.74,
2026-08-05T22:46:21+00:00,101426.17,44772.74,
2026-08-05T22:47:21+00:00,101431.63,44772.74,
2026-08-06T00:48:11+00:00,101350.81,44772.74,
2026-08-06T00:49:11+00:00,101350.81,44772.74,
2026-08-06T00:50:11+00:00,101350.81,44772.74,
2026-08-06T00:51:11+00:00,101353.26,44772.74,
2026-08-06T00:52:12+00:00,101353.26,44772.74,
2026-08-06T00:53:12+00:00,101351.35,44772.74,
2026-08-06T00:54:12+00:00,101351.35,44772.74,
2026-08-06T00:55:12+00:00,101350.65,44772.74,
2026-08-06T00:56:12+00:00,101346.45,44772.74,
2026-08-06T00:57:13+00:00,101346.45,44772.74,
2026-08-06T00:58:14+00:00,101347.5,44772.74,
2026-08-06T00:59:14+00:00,101345.75,44772.74,
2026-08-06T01:00:14+00:00,101343.86,44772.74,
2026-08-06T01:01:14+00:00,101341.83,44772.74,
2026-08-06T01:02:14+00:00,101337.21,44772.74,
2026-08-06T01:03:15+00:00,101340.15,44772.74,
2026-08-06T01:04:15+00:00,101336.65,44772.74,
2026-08-06T01:05:15+00:00,101336.65,44772.74,
2026-08-06T01:06:15+00:00,101337.91,44772.74,
2026-08-06T01:07:15+00:00,101336.65,44772.74,
2026-08-06T01:08:16+00:00,101346.77,44772.74,
2026-08-06T01:09:16+00:00,101349.78,44772.74,
2026-08-06T01:10:16+00:00,101349.78,44772.74,
2026-08-06T01:11:16+00:00,101349.78,44772.74,
2026-08-06T01:12:42+00:00,101350.27,44772.74,
2026-08-06T01:13:54+00:00,101347.47,44772.74,
2026-08-06T01:14:59+00:00,101347.47,44772.74,
2026-08-06T01:15:59+00:00,101346.49,44772.74,
2026-08-06T01:17:00+00:00,101346.49,44772.74,
2026-08-06T01:18:00+00:00,101343.27,44772.74,
2026-08-06T01:19:00+00:00,101342.85,44772.74,
2026-08-06T01:20:00+00:00,101340.89,44772.74,
2026-08-06T01:21:00+00:00,101337.67,44772.74,
2026-08-06T01:22:01+00:00,101335.43,44772.74,
2026-08-06T01:23:01+00:00,101311.0,44772.74,
2026-08-06T01:24:01+00:00,101305.89,44772.74,
2026-08-06T01:25:02+00:00,101304.91,44772.74,
2026-08-06T01:26:02+00:00,101300.99,44772.74,
2026-08-06T01:27:03+00:00,101295.95,44772.74,
2026-08-06T01:28:03+00:00,101294.69,44772.74,
2026-08-06T01:29:03+00:00,101298.4,44772.74,
2026-08-06T01:30:04+00:00,101295.74,44772.74,
2026-08-06T01:31:04+00:00,101297.56,44772.74,
2026-08-06T01:32:04+00:00,101297.56,44772.74,
2026-08-06T01:33:04+00:00,101305.26,44772.74,
2026-08-06T01:34:05+00:00,101307.36,44772.74,
2026-08-06T01:35:05+00:00,101307.36,44772.74,
2026-08-06T04:01:34+00:00,101392.56,44772.74,
2026-08-06T04:02:34+00:00,101392.56,44772.74,
2026-08-06T04:04:42+00:00,101399.16,44772.74,
2026-08-06T11:55:22+00:00,101515.23,44772.43,
2026-08-06T11:56:22+00:00,101495.45,44772.43,
2026-08-06T11:57:23+00:00,101487.12,44772.43,
2026-08-06T11:58:23+00:00,101482.41,44772.43,
2026-08-06T11:59:23+00:00,101487.12,44772.43,
2026-08-06T12:00:23+00:00,101496.4,44772.43,
2026-08-06T12:01:24+00:00,101493.97,44772.43,
2026-08-06T12:02:24+00:00,101485.16,44772.43,
2026-08-06T12:03:24+00:00,101476.07,44772.43,
2026-08-06T12:04:24+00:00,101483.82,44772.43,
2026-08-06T12:05:25+00:00,101473.91,44772.43,
2026-08-06T12:06:25+00:00,101470.97,44772.43,
2026-08-06T12:07:26+00:00,101466.45,44772.43,
2026-08-06T12:08:26+00:00,101469.08,44772.43,
2026-08-06T12:09:26+00:00,101477.48,44772.43,
2026-08-06T12:10:26+00:00,101483.06,44772.43,
2026-08-06T12:11:26+00:00,101485.23,44772.43,
2026-08-06T12:12:27+00:00,101484.88,44772.43,
2026-08-06T12:13:27+00:00,101483.48,44772.43,
2026-08-06T12:14:27+00:00,101468.32,44772.43,
2026-08-06T12:15:27+00:00,101473.22,44772.43,
2026-08-06T12:16:28+00:00,101456.04,44772.43,
2026-08-06T12:17:28+00:00,101461.46,44772.43,
2026-08-06T12:18:28+00:00,101428.96,44772.43,
2026-08-06T12:19:28+00:00,101425.88,44772.43,
2026-08-06T12:20:28+00:00,101422.43,44772.43,
2026-08-06T12:21:29+00:00,101434.22,44772.43,
2026-08-06T12:22:29+00:00,101434.02,44772.43,
2026-08-06T12:23:29+00:00,101453.7,44772.43,
2026-08-06T12:24:29+00:00,101430.68,44772.43,
2026-08-06T12:25:30+00:00,101433.01,44772.43,
2026-08-06T12:26:30+00:00,101435.15,44772.43,
2026-08-06T12:27:30+00:00,101423.43,44772.43,
2026-08-06T12:28:30+00:00,101426.05,44772.43,
2026-08-06T12:29:30+00:00,101423.7,44772.43,
2026-08-06T12:30:31+00:00,101416.77,44772.43,
2026-08-06T12:31:31+00:00,101422.15,44772.43,
2026-08-06T12:32:31+00:00,101410.04,44772.43,
2026-08-06T12:33:31+00:00,101412.54,44772.43,
2026-08-06T12:34:31+00:00,101428.87,44772.43,
2026-08-06T12:35:32+00:00,101426.61,44772.43,
2026-08-06T12:36:32+00:00,101447.55,44772.43,
2026-08-06T12:37:32+00:00,101422.81,44772.43,
2026-08-06T12:38:32+00:00,101437.24,44772.43,
2026-08-06T12:39:33+00:00,101452.2,44772.43,
2026-08-06T12:40:33+00:00,101464.02,44772.43,
2026-08-06T12:41:33+00:00,101473.19,44772.43,
2026-08-06T12:42:33+00:00,101478.55,44772.43,
2026-08-06T12:43:33+00:00,101449.9,44772.43,
2026-08-06T12:44:34+00:00,101442.58,44772.43,
2026-08-06T12:45:34+00:00,101443.18,44772.43,
2026-08-06T12:46:34+00:00,101434.43,44772.43,
2026-08-06T12:47:34+00:00,101452.91,44772.43,
2026-08-06T12:48:34+00:00,101451.41,44772.43,
2026-08-06T12:49:35+00:00,101461.39,44772.43,
2026-08-06T12:50:36+00:00,101466.19,44772.43,
2026-08-06T12:51:36+00:00,101472.58,44772.43,
2026-08-06T12:52:36+00:00,101469.48,44772.43,
2026-08-06T12:53:36+00:00,101470.53,44772.43,
2026-08-06T12:54:36+00:00,101468.79,44772.43,
2026-08-06T12:55:37+00:00,101458.58,44772.43,
2026-08-06T12:56:37+00:00,101467.07,44772.43,
2026-08-06T12:57:37+00:00,101458.11,44772.43,
2026-08-06T12:58:37+00:00,101456.76,44772.43,
2026-08-06T12:59:38+00:00,101458.37,44772.43,
2026-08-06T13:00:38+00:00,101448.67,44772.43,
2026-08-06T13:01:38+00:00,101442.1,44772.43,
2026-08-06T13:02:38+00:00,101447.7,44772.43,
2026-08-06T13:03:38+00:00,101457.14,44772.43,
2026-08-06T13:04:39+00:00,101449.39,44772.43,
2026-08-06T13:05:39+00:00,101459.61,44772.43,
2026-08-06T13:06:39+00:00,101447.75,44772.43,
2026-08-06T13:07:39+00:00,101447.0,44772.43,
2026-08-06T13:08:39+00:00,101402.15,44772.43,
2026-08-06T13:09:40+00:00,101405.98,44772.43,
2026-08-06T13:10:40+00:00,101405.88,44772.43,
2026-08-06T13:11:40+00:00,101403.04,44772.43,
2026-08-06T13:12:40+00:00,101432.69,44772.43,
2026-08-06T13:13:41+00:00,101439.73,44772.43,
2026-08-06T13:14:41+00:00,101422.35,44772.43,
2026-08-06T13:15:41+00:00,101410.88,44772.43,
2026-08-06T13:16:41+00:00,101402.81,44772.43,
2026-08-06T13:17:41+00:00,101394.21,44772.43,
2026-08-06T13:18:42+00:00,101395.25,44772.43,
2026-08-06T13:19:42+00:00,101346.02,44772.43,
2026-08-06T13:20:42+00:00,101341.57,44772.43,
2026-08-06T13:21:42+00:00,101346.59,44772.43,
2026-08-06T13:22:43+00:00,101344.05,44772.43,
2026-08-06T13:23:43+00:00,101354.07,44772.43,
2026-08-06T13:24:43+00:00,101375.38,44772.43,
2026-08-06T13:25:43+00:00,101357.72,44772.43,
2026-08-06T13:26:43+00:00,101315.81,44772.43,
2026-08-06T13:27:44+00:00,101318.15,44772.43,
2026-08-06T13:28:44+00:00,101325.51,44772.43,
2026-08-06T13:29:44+00:00,101300.75,44772.43,
2026-08-06T13:30:44+00:00,101299.77,44772.43,
2026-08-06T13:31:45+00:00,101262.81,44772.43,
2026-08-06T13:32:45+00:00,101096.55,44772.43,
2026-08-06T13:33:45+00:00,100954.67,44772.43,
2026-08-06T13:34:45+00:00,101025.01,44772.43,
2026-08-06T13:35:45+00:00,100953.09,44772.43,
2026-08-06T13:36:46+00:00,101161.58,44772.43,
2026-08-06T13:37:46+00:00,101182.44,44772.43,
2026-08-06T13:38:46+00:00,101171.96,44772.43,
2026-08-06T13:39:46+00:00,101091.81,44772.43,
2026-08-06T13:40:47+00:00,101121.31,44772.43,
2026-08-06T13:41:47+00:00,101173.2,44772.43,
2026-08-06T13:42:47+00:00,101218.99,44772.43,
2026-08-06T13:43:47+00:00,101277.81,44772.43,
2026-08-06T13:44:47+00:00,101300.7,44772.43,
2026-08-06T13:45:48+00:00,101262.35,44772.43,
2026-08-06T13:46:48+00:00,101228.99,44772.43,
2026-08-06T13:47:48+00:00,101245.72,44772.43,
2026-08-06T13:48:48+00:00,101274.45,44772.43,
2026-08-06T13:49:49+00:00,101242.43,44772.43,
2026-08-06T13:50:49+00:00,101192.06,44772.43,
2026-08-06T13:51:49+00:00,101167.33,44772.43,
2026-08-06T13:52:49+00:00,101119.23,44772.43,
2026-08-06T13:53:50+00:00,101065.51,44772.43,
2026-08-06T13:54:50+00:00,101053.06,44772.43,
2026-08-06T13:55:51+00:00,101041.4,44772.43,
2026-08-06T13:56:51+00:00,101040.26,44772.43,
2026-08-06T13:57:51+00:00,101082.27,44772.43,
2026-08-06T13:58:51+00:00,101071.49,44772.43,
2026-08-06T13:59:52+00:00,101118.14,44772.43,
2026-08-06T14:00:52+00:00,101095.38,44772.43,
2026-08-06T14:01:52+00:00,101092.97,44772.43,
2026-08-06T14:02:52+00:00,101118.23,44772.43,
2026-08-06T14:03:52+00:00,101116.81,44772.43,
2026-08-06T14:04:53+00:00,101182.08,44772.43,
2026-08-06T14:05:53+00:00,101156.7,44772.43,
2026-08-06T14:06:53+00:00,101174.53,44772.43,
2026-08-06T14:07:53+00:00,101203.04,44772.43,
2026-08-06T14:08:54+00:00,101220.27,44772.43,
2026-08-06T14:09:54+00:00,101226.89,44772.43,
2026-08-06T14:10:55+00:00,101258.66,44772.43,
2026-08-06T14:11:55+00:00,101239.95,44772.43,
2026-08-06T14:12:55+00:00,101231.06,44772.43,
2026-08-06T14:13:55+00:00,101232.23,44772.43,
2026-08-06T14:14:56+00:00,101239.03,44772.43,
2026-08-06T14:15:56+00:00,101209.36,44772.43,
2026-08-06T14:16:57+00:00,101170.63,44772.43,
2026-08-06T14:17:57+00:00,101184.9,44772.43,
2026-08-06T14:18:57+00:00,101200.54,44772.43,
2026-08-06T14:19:57+00:00,101224.53,44772.43,
2026-08-06T14:20:58+00:00,101205.38,44772.43,
2026-08-06T14:21:58+00:00,101183.27,44772.43,
2026-08-06T14:22:58+00:00,101218.62,44772.43,
2026-08-06T14:23:58+00:00,101216.39,44772.43,
2026-08-06T14:24:58+00:00,101215.79,44772.43,
2026-08-06T14:25:59+00:00,101199.27,44772.43,
2026-08-06T14:26:59+00:00,101167.81,44772.43,
2026-08-06T14:27:59+00:00,101166.8,44772.43,
2026-08-06T14:28:59+00:00,101129.41,44772.43,
2026-08-06T14:30:00+00:00,101129.38,44772.43,
2026-08-06T14:31:00+00:00,101225.89,44772.43,
2026-08-06T14:32:00+00:00,101150.77,44772.43,
2026-08-06T14:33:00+00:00,101169.13,44772.43,
2026-08-06T14:34:01+00:00,101191.38,44772.43,
2026-08-06T14:35:01+00:00,101198.01,44772.43,
2026-08-06T14:36:01+00:00,101200.08,44772.43,
2026-08-06T14:37:01+00:00,101156.06,44772.43,
2026-08-06T14:38:01+00:00,101146.3,44772.43,
2026-08-06T14:39:02+00:00,101097.21,44772.43,
2026-08-06T14:40:02+00:00,101072.64,44772.43,
2026-08-06T14:41:02+00:00,101080.08,44772.43,
2026-08-06T14:42:02+00:00,101131.92,44772.43,
2026-08-06T14:43:03+00:00,101136.83,44772.43,
2026-08-06T14:44:03+00:00,101120.62,44772.43,
2026-08-06T14:45:03+00:00,101064.66,44772.43,
2026-08-06T14:46:03+00:00,101046.88,44772.43,
2026-08-06T14:47:03+00:00,100982.79,44772.43,
2026-08-06T14:48:04+00:00,101057.37,44772.43,
2026-08-06T14:49:04+00:00,101043.16,44772.43,
2026-08-06T14:50:04+00:00,101019.87,44772.43,
2026-08-06T14:51:04+00:00,101032.03,44772.43,
2026-08-06T14:52:05+00:00,101018.14,44772.43,
2026-08-06T14:53:05+00:00,101052.03,44772.43,
2026-08-06T14:54:05+00:00,101052.79,44772.43,
2026-08-06T14:55:05+00:00,101090.65,44772.43,
2026-08-06T14:56:06+00:00,101091.54,44772.43,
2026-08-06T14:57:06+00:00,101120.15,44772.43,
2026-08-06T14:58:06+00:00,101086.03,44772.43,
2026-08-06T14:59:06+00:00,101068.39,44772.43,
2026-08-06T15:00:06+00:00,101094.26,44772.43,
2026-08-06T15:01:07+00:00,101083.09,44772.43,
2026-08-06T15:02:07+00:00,101106.48,44772.43,
2026-08-06T15:03:07+00:00,101087.89,44772.43,
2026-08-06T15:04:07+00:00,101045.45,44772.43,
2026-08-06T15:05:08+00:00,101064.95,44772.43,
2026-08-06T15:06:08+00:00,101068.72,44772.43,
2026-08-06T15:07:08+00:00,101104.84,44772.43,
2026-08-06T15:08:08+00:00,101139.57,44772.43,
2026-08-06T15:09:08+00:00,101092.57,44772.43,
2026-08-06T15:10:09+00:00,101111.56,44772.43,
2026-08-06T15:11:09+00:00,101105.15,44772.43,
2026-08-06T15:12:09+00:00,101078.63,44772.43,
2026-08-06T15:13:09+00:00,101081.09,44772.43,
2026-08-06T15:14:10+00:00,101056.12,44772.43,
2026-08-06T15:15:10+00:00,101040.95,44772.43,
2026-08-06T15:16:10+00:00,101073.33,44772.43,
2026-08-06T15:17:10+00:00,101068.73,44772.43,
2026-08-06T15:18:10+00:00,101029.62,44772.43,
2026-08-06T15:19:11+00:00,101006.19,44772.43,
2026-08-06T15:20:11+00:00,100999.0,44772.43,
2026-08-06T15:21:11+00:00,101030.3,44772.43,
2026-08-06T15:22:11+00:00,101042.33,44772.43,
2026-08-06T15:23:12+00:00,100998.83,44772.43,
2026-08-06T15:24:12+00:00,101042.05,44772.43,
2026-08-06T15:25:12+00:00,100998.79,44772.43,
2026-08-06T15:26:12+00:00,101020.3,44772.43,
2026-08-06T15:27:13+00:00,101018.52,44772.43,
2026-08-06T15:28:13+00:00,101011.42,44772.43,
2026-08-06T15:29:13+00:00,101009.49,44772.43,
2026-08-06T15:30:13+00:00,100989.23,44772.43,
2026-08-06T15:31:13+00:00,100998.84,44772.43,
2026-08-06T15:32:14+00:00,100936.53,44772.43,
2026-08-06T15:33:14+00:00,100942.34,44772.43,
2026-08-06T15:34:14+00:00,100940.13,44772.43,
2026-08-06T15:35:14+00:00,100932.38,44772.43,
2026-08-06T15:36:15+00:00,100938.38,44772.43,
2026-08-06T15:37:15+00:00,100917.94,44772.43,
2026-08-06T15:38:15+00:00,100938.9,44772.43,
2026-08-06T15:39:15+00:00,100976.92,44772.43,
2026-08-06T15:40:16+00:00,100973.6,44772.43,
2026-08-06T15:41:16+00:00,100998.52,44772.43,
2026-08-06T15:42:16+00:00,100967.47,44772.43,
2026-08-06T15:43:16+00:00,100963.29,44772.43,
2026-08-06T15:44:16+00:00,100971.98,44772.43,
2026-08-06T15:45:17+00:00,100962.18,44772.43,
2026-08-06T15:46:17+00:00,100992.57,44772.43,
2026-08-06T15:47:17+00:00,101041.58,44772.43,
2026-08-06T15:48:17+00:00,101042.64,44772.43,
2026-08-06T15:49:18+00:00,101067.06,44772.43,
2026-08-06T15:50:18+00:00,101077.85,44772.43,
2026-08-06T15:51:18+00:00,101063.65,44772.43,
2026-08-06T15:52:18+00:00,101074.24,44772.43,
2026-08-06T15:53:18+00:00,101064.01,44772.43,
2026-08-06T15:54:19+00:00,101062.87,44772.43,
2026-08-06T15:55:19+00:00,101014.64,44772.43,
2026-08-06T15:56:19+00:00,101026.41,44772.43,
2026-08-06T15:57:19+00:00,101027.01,44772.43,
2026-08-06T15:58:19+00:00,101033.62,44772.43,
2026-08-06T15:59:20+00:00,101024.5,44772.43,
2026-08-06T16:00:20+00:00,101024.24,44772.43,
2026-08-06T16:01:20+00:00,100985.8,44772.43,
2026-08-06T16:02:20+00:00,100991.82,44772.43,
2026-08-06T16:03:21+00:00,100987.01,44772.43,
2026-08-06T16:04:21+00:00,100972.82,44772.43,
2026-08-06T16:05:21+00:00,100978.93,44772.43,
2026-08-06T16:06:21+00:00,100998.48,44772.43,
2026-08-06T16:07:22+00:00,100998.42,44772.43,
2026-08-06T16:08:22+00:00,101006.46,44772.43,
2026-08-06T16:09:23+00:00,100996.71,44772.43,
2026-08-06T16:10:23+00:00,101015.55,44772.43,
2026-08-06T16:11:23+00:00,100979.85,44772.43,
2026-08-06T16:12:23+00:00,100966.24,44772.43,
2026-08-06T16:13:24+00:00,100973.01,44772.43,
2026-08-06T16:14:24+00:00,100936.87,44772.43,
2026-08-06T16:15:24+00:00,100959.89,44772.43,
2026-08-06T16:16:24+00:00,100944.16,44772.43,
2026-08-06T16:17:24+00:00,100948.37,44772.43,
2026-08-06T16:18:25+00:00,100950.47,44772.43,
2026-08-06T16:19:25+00:00,100999.93,44772.43,
2026-08-06T16:20:25+00:00,100969.66,44772.43,
2026-08-06T16:21:25+00:00,100962.46,44772.43,
2026-08-06T16:22:26+00:00,100975.38,44772.43,
2026-08-06T16:23:26+00:00,100953.96,44772.43,
2026-08-06T16:24:26+00:00,100941.86,44772.43,
2026-08-06T16:25:26+00:00,100949.62,44772.43,
2026-08-06T16:26:26+00:00,100968.94,44772.43,
2026-08-06T16:27:27+00:00,100977.9,44772.43,
2026-08-06T16:28:27+00:00,100997.32,44772.43,
2026-08-06T16:29:27+00:00,101001.48,44772.43,
2026-08-06T16:30:27+00:00,101012.78,44772.43,
2026-08-06T16:31:27+00:00,101047.41,44772.43,
2026-08-06T16:32:28+00:00,101053.36,44772.43,
2026-08-06T16:33:28+00:00,101010.42,44772.43,
2026-08-06T16:34:28+00:00,100987.91,44772.43,
2026-08-06T16:35:28+00:00,101003.6,44772.43,
2026-08-06T16:36:29+00:00,100994.88,44772.43,
2026-08-06T16:37:29+00:00,101005.78,44772.43,
2026-08-06T16:38:29+00:00,101034.73,44772.43,
2026-08-06T16:39:29+00:00,101060.4,44772.43,
2026-08-06T16:40:29+00:00,101057.39,44772.43,
2026-08-06T16:41:30+00:00,100999.03,44772.43,
2026-08-06T16:42:30+00:00,101020.05,44772.43,
2026-08-06T16:43:30+00:00,101053.62,44772.43,
2026-08-06T16:44:30+00:00,101020.42,44772.43,
2026-08-06T16:45:31+00:00,101037.74,44772.43,
2026-08-06T16:46:31+00:00,101018.61,44772.43,
2026-08-06T16:47:31+00:00,100995.7,44772.43,
2026-08-06T16:48:31+00:00,101021.3,44772.43,
2026-08-06T16:49:31+00:00,101020.18,44772.43,
2026-08-06T16:50:32+00:00,101035.11,44772.43,
2026-08-06T16:51:32+00:00,101032.24,44772.43,
2026-08-06T16:52:32+00:00,101034.57,44772.43,
2026-08-06T16:53:32+00:00,101035.4,44772.43,
2026-08-06T16:54:33+00:00,101013.6,44772.43,
2026-08-06T16:55:33+00:00,101017.81,44772.43,
2026-08-06T16:56:33+00:00,101035.11,44772.43,
2026-08-06T16:57:33+00:00,101047.46,44772.43,
2026-08-06T16:58:34+00:00,101048.5,44772.43,
2026-08-06T16:59:34+00:00,101074.06,44772.43,
2026-08-06T17:00:34+00:00,101056.42,44772.43,
2026-08-06T17:01:34+00:00,101065.7,44772.43,
2026-08-06T17:02:34+00:00,101037.78,44772.43,
2026-08-06T17:03:35+00:00,101051.12,44772.43,
2026-08-06T17:04:35+00:00,101064.65,44772.43,
2026-08-06T17:05:35+00:00,101062.16,44772.43,
2026-08-06T17:06:35+00:00,101088.37,44772.43,
2026-08-06T17:07:36+00:00,101050.72,44772.43,
2026-08-06T17:08:36+00:00,101024.09,44772.43,
2026-08-06T17:09:36+00:00,101038.27,44772.43,
2026-08-06T17:10:36+00:00,101032.21,44772.43,
2026-08-06T17:11:36+00:00,101030.52,44772.43,
2026-08-06T17:12:37+00:00,101032.84,44772.43,
2026-08-06T17:13:37+00:00,101037.75,44772.43,
2026-08-06T17:14:37+00:00,101029.97,44772.43,
2026-08-06T17:15:37+00:00,100975.23,44772.43,
2026-08-06T17:16:38+00:00,100994.76,44772.43,
2026-08-06T17:17:38+00:00,100983.16,44772.43,
2026-08-06T17:18:38+00:00,100987.62,44772.43,
2026-08-06T17:19:38+00:00,100982.26,44772.43,
2026-08-06T17:20:38+00:00,100968.65,44772.43,
2026-08-06T17:21:39+00:00,100941.65,44772.43,
2026-08-06T17:22:39+00:00,100924.45,44772.43,
2026-08-06T17:23:39+00:00,100944.66,44772.43,
2026-08-06T17:24:39+00:00,100926.3,44772.43,
2026-08-06T17:25:40+00:00,100951.0,44772.43,
2026-08-06T17:26:40+00:00,100959.22,44772.43,
2026-08-06T17:27:40+00:00,100960.4,44772.43,
2026-08-06T17:28:40+00:00,100943.67,44772.43,
2026-08-06T17:29:40+00:00,100925.24,44772.43,
2026-08-06T17:30:41+00:00,100904.78,44772.43,
2026-08-06T17:31:41+00:00,100892.16,44772.43,
2026-08-06T17:32:41+00:00,100877.7,44772.43,
2026-08-06T17:33:41+00:00,100873.09,44772.43,
2026-08-06T17:34:41+00:00,100891.3,44772.43,
2026-08-06T17:35:42+00:00,100897.0,44772.43,
2026-08-06T17:36:42+00:00,100901.15,44772.43,
2026-08-06T17:37:42+00:00,100891.84,44772.43,
2026-08-06T17:38:42+00:00,100898.57,44772.43,
2026-08-06T17:39:43+00:00,100891.02,44772.43,
2026-08-06T17:40:43+00:00,100871.79,44772.43,
2026-08-06T17:41:43+00:00,100886.14,44772.43,
2026-08-06T17:42:43+00:00,100880.44,44772.43,
2026-08-06T17:43:43+00:00,100886.54,44772.43,
2026-08-06T17:44:44+00:00,100877.26,44772.43,
2026-08-06T17:45:44+00:00,100893.73,44772.43,
2026-08-06T17:46:44+00:00,100895.63,44772.43,
2026-08-06T17:47:44+00:00,100872.02,44772.43,
2026-08-06T17:48:45+00:00,100862.82,44772.43,
2026-08-06T17:49:45+00:00,100856.21,44772.43,
2026-08-06T17:50:45+00:00,100854.06,44772.43,
2026-08-06T17:51:45+00:00,100880.55,44772.43,
2026-08-06T17:52:45+00:00,100878.76,44772.43,
2026-08-06T17:53:46+00:00,100881.04,44772.43,
2026-08-06T17:54:46+00:00,100871.91,44772.43,
2026-08-06T17:55:46+00:00,100888.67,44772.43,
2026-08-06T17:56:46+00:00,100873.66,44772.43,
2026-08-06T17:57:47+00:00,100888.7,44772.43,
2026-08-06T17:58:47+00:00,100895.5,44772.43,
2026-08-06T17:59:47+00:00,100892.04,44772.43,
2026-08-06T18:00:47+00:00,100910.6,44772.43,
2026-08-06T18:01:47+00:00,100909.89,44772.43,
2026-08-06T18:02:48+00:00,100870.31,44772.43,
2026-08-06T18:03:48+00:00,100872.83,44772.43,
2026-08-06T18:04:48+00:00,100880.21,44772.43,
2026-08-06T18:05:48+00:00,100882.07,44772.43,
2026-08-06T18:06:49+00:00,100862.64,44772.43,
2026-08-06T18:07:49+00:00,100883.12,44772.43,
2026-08-06T18:08:49+00:00,100879.63,44772.43,
2026-08-06T18:09:49+00:00,100880.93,44772.43,
2026-08-06T18:10:49+00:00,100874.06,44772.43,
2026-08-06T18:11:50+00:00,100856.28,44772.43,
2026-08-06T18:12:50+00:00,100851.4,44772.43,
2026-08-06T18:13:50+00:00,100847.92,44772.43,
2026-08-06T18:14:50+00:00,100871.77,44772.43,
2026-08-06T18:15:50+00:00,100873.06,44772.43,
2026-08-06T18:16:51+00:00,100874.45,44772.43,
2026-08-06T18:17:51+00:00,100889.44,44772.43,
2026-08-06T18:18:51+00:00,100890.41,44772.43,
2026-08-06T18:19:51+00:00,100872.88,44772.43,
2026-08-06T18:20:52+00:00,100867.05,44772.43,
2026-08-06T18:21:52+00:00,100895.2,44772.43,
2026-08-06T18:22:52+00:00,100886.09,44772.43,
2026-08-06T18:23:52+00:00,100895.78,44772.43,
2026-08-06T18:24:52+00:00,100893.72,44772.43,
2026-08-06T18:25:53+00:00,100891.23,44772.43,
2026-08-06T18:26:53+00:00,100863.0,44772.43,
2026-08-06T18:27:53+00:00,100866.49,44772.43,
2026-08-06T18:28:53+00:00,100878.1,44772.43,
2026-08-06T18:29:54+00:00,100885.52,44772.43,
2026-08-06T18:30:54+00:00,100873.45,44772.43,
2026-08-06T18:31:54+00:00,100882.47,44772.43,
2026-08-06T18:32:54+00:00,100881.2,44772.43,
2026-08-06T18:33:54+00:00,100866.43,44772.43,
2026-08-06T18:34:55+00:00,100849.53,44772.43,
2026-08-06T18:35:55+00:00,100867.72,44772.43,
2026-08-06T18:36:55+00:00,100874.79,44772.43,
2026-08-06T18:37:55+00:00,100853.67,44772.43,
2026-08-06T18:38:56+00:00,100857.62,44772.43,
2026-08-06T18:39:56+00:00,100862.43,44772.43,
2026-08-06T18:40:56+00:00,100866.06,44772.43,
2026-08-06T18:41:56+00:00,100846.74,44772.43,
2026-08-06T18:42:56+00:00,100842.5,44772.43,
2026-08-06T18:43:57+00:00,100862.71,44772.43,
2026-08-06T18:44:57+00:00,100852.96,44772.43,
2026-08-06T18:45:57+00:00,100873.99,44772.43,
2026-08-06T18:46:57+00:00,100887.83,44772.43,
2026-08-06T18:47:58+00:00,100875.0,44772.43,
2026-08-06T18:48:58+00:00,100873.0,44772.43,
2026-08-06T18:49:58+00:00,100861.22,44772.43,
2026-08-06T18:50:58+00:00,100874.49,44772.43,
2026-08-06T18:51:58+00:00,100861.14,44772.43,
2026-08-06T18:52:59+00:00,100845.75,44772.43,
2026-08-06T18:53:59+00:00,100839.57,44772.43,
2026-08-06T18:54:59+00:00,100856.15,44772.43,
2026-08-06T18:55:59+00:00,100858.16,44772.43,
2026-08-06T18:57:00+00:00,100847.44,44772.43,
2026-08-06T18:58:00+00:00,100847.36,44772.43,
2026-08-06T18:59:00+00:00,100836.69,44772.43,
2026-08-06T19:00:00+00:00,100820.52,44772.43,
2026-08-06T19:01:00+00:00,100836.04,44772.43,
2026-08-06T19:02:01+00:00,100849.48,44772.43,
2026-08-06T19:03:01+00:00,100835.17,44772.43,
2026-08-06T19:04:01+00:00,100827.7,44772.43,
2026-08-06T19:05:01+00:00,100849.34,44772.43,
2026-08-06T19:06:02+00:00,100850.35,44772.43,
2026-08-06T19:07:02+00:00,100858.42,44772.43,
2026-08-06T19:08:02+00:00,100859.27,44772.43,
2026-08-06T19:09:02+00:00,100879.45,44772.43,
2026-08-06T19:10:02+00:00,100901.07,44772.43,
2026-08-06T19:11:03+00:00,100899.21,44772.43,
2026-08-06T19:12:03+00:00,100905.42,44772.43,
2026-08-06T19:13:03+00:00,100894.85,44772.43,
2026-08-06T19:14:03+00:00,100889.15,44772.43,
2026-08-06T19:15:04+00:00,100875.49,44772.43,
2026-08-06T19:16:04+00:00,100862.72,44772.43,
2026-08-06T19:17:04+00:00,100870.29,44772.43,
2026-08-06T19:18:04+00:00,100891.36,44772.43,
2026-08-06T19:19:05+00:00,100878.8,44772.43,
2026-08-06T19:20:05+00:00,100872.92,44772.43,
2026-08-06T19:21:05+00:00,100894.2,44772.43,
2026-08-06T19:22:05+00:00,100857.49,44772.43,
2026-08-06T19:23:05+00:00,100853.91,44772.43,
2026-08-06T19:24:06+00:00,100830.45,44772.43,
2026-08-06T19:25:06+00:00,100783.97,44772.43,
2026-08-06T19:26:06+00:00,100780.77,44772.43,
2026-08-06T19:27:06+00:00,100758.58,44772.43,
2026-08-06T19:28:07+00:00,100777.55,44772.43,
2026-08-06T19:29:07+00:00,100778.54,44772.43,
2026-08-06T19:30:07+00:00,100757.81,44772.43,
2026-08-06T19:31:08+00:00,100747.48,44772.43,
2026-08-06T19:32:08+00:00,100751.4,44772.43,
2026-08-06T19:33:08+00:00,100746.67,44772.43,
2026-08-06T19:34:09+00:00,100747.07,44772.43,
2026-08-06T19:35:09+00:00,100755.12,44772.43,
2026-08-06T19:36:09+00:00,100748.86,44772.43,
2026-08-06T19:37:09+00:00,100751.32,44772.43,
2026-08-06T19:38:10+00:00,100742.55,44772.43,
2026-08-06T19:39:10+00:00,100734.27,44772.43,
2026-08-06T19:40:10+00:00,100732.91,44772.43,
2026-08-06T19:41:10+00:00,100722.72,44772.43,
2026-08-06T19:42:10+00:00,100699.96,44772.43,
2026-08-06T19:43:11+00:00,100690.0,44772.43,
2026-08-06T19:44:11+00:00,100676.17,44772.43,
2026-08-06T19:45:11+00:00,100679.35,44772.43,
2026-08-06T19:46:11+00:00,100698.36,44772.43,
2026-08-06T19:47:12+00:00,100683.07,44772.43,
2026-08-06T19:48:12+00:00,100689.29,44772.43,
2026-08-06T19:49:12+00:00,100707.37,44772.43,
2026-08-06T19:50:12+00:00,100710.41,44772.43,
2026-08-06T19:51:12+00:00,100693.78,44772.43,
2026-08-06T19:52:13+00:00,100679.86,44772.43,
2026-08-06T19:53:13+00:00,100667.75,44772.43,
2026-08-06T19:54:13+00:00,100698.64,44772.43,
2026-08-06T19:55:13+00:00,100700.31,44772.43,
2026-08-06T19:56:14+00:00,100693.2,44772.43,
2026-08-06T19:57:14+00:00,100687.72,44772.43,
2026-08-06T19:58:14+00:00,100704.01,44772.43,
2026-08-06T19:59:14+00:00,100739.75,44772.43,
2026-08-06T20:00:15+00:00,100695.98,44772.43,
2026-08-06T20:01:15+00:00,100723.33,44772.43,
2026-08-06T20:02:15+00:00,100717.51,44772.43,
2026-08-06T20:03:15+00:00,100685.45,44772.43,
2026-08-06T20:04:15+00:00,100696.2,44772.43,
2026-08-06T20:05:16+00:00,100694.49,44772.43,
2026-08-06T20:06:16+00:00,100703.89,44772.43,
2026-08-06T20:07:16+00:00,100723.2,44772.43,
2026-08-06T20:08:16+00:00,100731.53,44772.43,
2026-08-06T20:09:17+00:00,100722.65,44772.43,
2026-08-06T20:10:17+00:00,100722.66,44772.43,
2026-08-06T20:11:17+00:00,100719.69,44772.43,
2026-08-06T20:12:17+00:00,100720.37,44772.43,
2026-08-06T20:13:17+00:00,100720.22,44772.43,
2026-08-06T20:14:18+00:00,100721.02,44772.43,
2026-08-06T20:15:18+00:00,100746.59,44772.43,
2026-08-06T20:16:18+00:00,100749.71,44772.43,
2026-08-06T20:17:18+00:00,100747.99,44772.43,
2026-08-06T20:18:19+00:00,100749.27,44772.43,
2026-08-06T20:19:19+00:00,100745.26,44772.43,
2026-08-06T20:20:19+00:00,100754.92,44772.43,
2026-08-06T20:21:19+00:00,100750.3,44772.43,
2026-08-06T20:22:19+00:00,100786.34,44772.43,
2026-08-06T20:23:20+00:00,100767.48,44772.43,
2026-08-06T20:24:20+00:00,100767.6,44772.43,
2026-08-06T20:25:20+00:00,100772.99,44772.43,
2026-08-06T20:26:20+00:00,100816.94,44772.43,
2026-08-06T20:27:21+00:00,100818.31,44772.43,
2026-08-06T20:28:21+00:00,100765.98,44772.43,
2026-08-06T20:29:21+00:00,100793.8,44772.43,
2026-08-06T20:30:21+00:00,100773.3,44772.43,
2026-08-06T20:31:21+00:00,100761.05,44772.43,
2026-08-06T20:32:22+00:00,100756.97,44772.43,
2026-08-06T20:33:22+00:00,100759.52,44772.43,
2026-08-06T20:34:22+00:00,100757.41,44772.43,
2026-08-06T20:35:22+00:00,100752.81,44772.43,
2026-08-06T20:36:22+00:00,100750.35,44772.43,
2026-08-06T20:37:23+00:00,100750.35,44772.43,
2026-08-06T20:38:23+00:00,100731.59,44772.43,
2026-08-06T20:39:23+00:00,100729.39,44772.43,
2026-08-06T20:40:23+00:00,100745.96,44772.43,
2026-08-06T20:41:24+00:00,100735.93,44772.43,
2026-08-06T20:42:24+00:00,100737.7,44772.43,
2026-08-06T20:43:24+00:00,100739.22,44772.43,
2026-08-06T20:44:24+00:00,100738.08,44772.43,
2026-08-06T20:45:24+00:00,100706.21,44772.43,
2026-08-06T20:46:25+00:00,100703.15,44772.43,
2026-08-06T20:47:25+00:00,100710.47,44772.43,
2026-08-06T20:48:25+00:00,100655.42,44772.43,
2026-08-06T20:49:25+00:00,100651.5,44772.43,
2026-08-06T20:50:25+00:00,100649.53,44772.43,
2026-08-06T20:51:26+00:00,100702.49,44772.43,
2026-08-06T20:52:26+00:00,100702.49,44772.43,
2026-08-06T20:53:26+00:00,100706.48,44772.43,
2026-08-06T20:54:26+00:00,100697.5,44772.43,
2026-08-06T20:55:27+00:00,100697.33,44772.43,
2026-08-06T20:56:27+00:00,100699.78,44772.43,
2026-08-06T20:57:28+00:00,100702.37,44772.43,
2026-08-06T20:58:28+00:00,100698.79,44772.43,
2026-08-06T20:59:28+00:00,100698.79,44772.43,
2026-08-06T21:00:28+00:00,100698.79,44772.43,
2026-08-06T21:01:29+00:00,100706.0,44772.43,
2026-08-06T21:02:29+00:00,100726.97,44772.43,
2026-08-06T21:03:29+00:00,100729.42,44772.43,
2026-08-06T21:04:29+00:00,100730.78,44772.43,
2026-08-06T21:05:29+00:00,100740.83,44772.43,
2026-08-06T21:06:30+00:00,100742.97,44772.43,
2026-08-06T21:07:30+00:00,100742.94,44772.43,
2026-08-06T21:08:30+00:00,100742.32,44772.43,
2026-08-06T21:09:30+00:00,100752.14,44772.43,
2026-08-06T21:10:31+00:00,100750.46,44772.43,
2026-08-06T21:11:31+00:00,100750.18,44772.43,
2026-08-06T21:12:31+00:00,100750.18,44772.43,
2026-08-06T21:13:31+00:00,100749.8,44772.43,
2026-08-06T21:14:31+00:00,100743.62,44772.43,
2026-08-06T21:15:32+00:00,100744.09,44772.43,
2026-08-06T21:16:32+00:00,100738.29,44772.43,
2026-08-06T21:17:32+00:00,100743.74,44772.43,
2026-08-06T21:18:32+00:00,100743.65,44772.43,
2026-08-06T21:19:32+00:00,100743.65,44772.43,
2026-08-06T21:20:33+00:00,100760.29,44772.43,
2026-08-06T21:21:33+00:00,100767.22,44772.43,
2026-08-06T21:22:33+00:00,100767.22,44772.43,
2026-08-06T21:23:33+00:00,100779.54,44772.43,
2026-08-06T21:24:34+00:00,100784.16,44772.43,
2026-08-06T21:25:34+00:00,100777.28,44772.43,
2026-08-06T21:26:34+00:00,100777.28,44772.43,
2026-08-06T21:27:34+00:00,100777.28,44772.43,
2026-08-06T21:28:34+00:00,100777.28,44772.43,
2026-08-06T21:29:35+00:00,100770.28,44772.43,
2026-08-06T21:30:35+00:00,100757.35,44772.43,
2026-08-06T21:31:35+00:00,100757.85,44772.43,
2026-08-06T21:32:35+00:00,100760.37,44772.43,
2026-08-06T21:33:36+00:00,100760.37,44772.43,
2026-08-06T21:34:36+00:00,100766.09,44772.43,
2026-08-06T21:35:36+00:00,100764.83,44772.43,
2026-08-06T21:36:36+00:00,100759.25,44772.43,
2026-08-06T21:37:36+00:00,100774.99,44772.43,
2026-08-06T21:38:37+00:00,100778.55,44772.43,
2026-08-06T21:39:37+00:00,100778.11,44772.43,
2026-08-06T21:40:37+00:00,100778.15,44772.43,
2026-08-06T21:41:38+00:00,100778.15,44772.43,
2026-08-06T21:42:38+00:00,100776.39,44772.43,
2026-08-06T21:43:38+00:00,100773.04,44772.43,
2026-08-06T21:44:39+00:00,100779.63,44772.43,
2026-08-06T21:45:39+00:00,100767.28,44772.43,
2026-08-06T21:46:39+00:00,100776.85,44772.43,
2026-08-06T21:47:39+00:00,100765.55,44772.43,
2026-08-06T21:48:40+00:00,100765.28,44772.43,
2026-08-06T21:49:40+00:00,100765.28,44772.43,
2026-08-06T21:50:40+00:00,100770.92,44772.43,
2026-08-06T21:51:40+00:00,100757.36,44772.43,
2026-08-06T21:52:40+00:00,100752.87,44772.43,
2026-08-06T21:53:41+00:00,100752.87,44772.43,
2026-08-06T21:54:41+00:00,100754.76,44772.43,
2026-08-06T21:55:41+00:00,100754.76,44772.43,
2026-08-06T21:56:41+00:00,100758.09,44772.43,
2026-08-06T21:57:42+00:00,100758.09,44772.43,
2026-08-06T21:58:42+00:00,100759.64,44772.43,
2026-08-06T21:59:42+00:00,100752.67,44772.43,
2026-08-06T22:00:42+00:00,100755.87,44772.43,
2026-08-06T22:01:42+00:00,100763.54,44772.43,
2026-08-06T22:02:43+00:00,100763.54,44772.43,
2026-08-06T22:03:43+00:00,100765.3,44772.43,
2026-08-06T22:04:43+00:00,100762.26,44772.43,
2026-08-06T22:05:43+00:00,100767.26,44772.43,
2026-08-06T22:06:44+00:00,100770.23,44772.43,
2026-08-06T22:07:44+00:00,100777.02,44772.43,
2026-08-06T22:08:44+00:00,100777.02,44772.43,
2026-08-06T22:09:44+00:00,100777.02,44772.43,
2026-08-06T22:10:44+00:00,100777.02,44772.43,
2026-08-06T22:11:45+00:00,100777.11,44772.43,
2026-08-06T22:12:45+00:00,100778.65,44772.43,
2026-08-06T22:13:45+00:00,100787.94,44772.43,
2026-08-06T22:14:46+00:00,100792.28,44772.43,
2026-08-06T22:15:46+00:00,100797.35,44772.43,
2026-08-06T22:16:46+00:00,100800.22,44772.43,
2026-08-06T22:17:47+00:00,100798.85,44772.43,
2026-08-06T22:18:47+00:00,100796.56,44772.43,
2026-08-06T22:19:47+00:00,100795.11,44772.43,
2026-08-06T22:20:47+00:00,100796.51,44772.43,
2026-08-06T22:21:48+00:00,100803.64,44772.43,
2026-08-06T22:22:48+00:00,100801.89,44772.43,
2026-08-06T22:23:48+00:00,100798.6,44772.43,
2026-08-06T22:24:48+00:00,100796.29,44772.43,
2026-08-06T22:25:48+00:00,100791.18,44772.43,
2026-08-06T22:26:49+00:00,100796.94,44772.43,
2026-08-06T22:27:49+00:00,100797.17,44772.43,
2026-08-06T22:28:49+00:00,100795.2,44772.43,
2026-08-06T22:29:49+00:00,100795.2,44772.43,
2026-08-06T22:30:49+00:00,100800.74,44772.43,
2026-08-06T22:31:50+00:00,100812.58,44772.43,
2026-08-06T22:32:50+00:00,100800.04,44772.43,
2026-08-06T22:33:50+00:00,100807.27,44772.43,
2026-08-06T22:34:50+00:00,100829.85,44772.43,
2026-08-06T22:35:51+00:00,100825.42,44772.43,
2026-08-06T22:36:51+00:00,100828.06,44772.43,
2026-08-06T22:37:51+00:00,100842.37,44772.43,
2026-08-06T22:38:51+00:00,100835.76,44772.43,
2026-08-06T22:39:51+00:00,100835.76,44772.43,
2026-08-06T22:40:52+00:00,100848.1,44772.43,
2026-08-06T22:41:52+00:00,100848.46,44772.43,
2026-08-06T22:42:52+00:00,100838.08,44772.43,
2026-08-06T22:43:52+00:00,100838.08,44772.43,
2026-08-06T22:44:52+00:00,100838.08,44772.43,
2026-08-06T22:45:53+00:00,100851.92,44772.43,
2026-08-06T22:46:53+00:00,100859.05,44772.43,
2026-08-06T22:47:53+00:00,100859.44,44772.43,
2026-08-06T22:48:53+00:00,100862.44,44772.43,
2026-08-06T22:49:54+00:00,100859.48,44772.43,
2026-08-06T22:50:54+00:00,100875.2,44772.43,
2026-08-06T22:51:54+00:00,100880.59,44772.43,
2026-08-06T22:52:54+00:00,100867.06,44772.43,
2026-08-06T22:53:54+00:00,100866.71,44772.43,
2026-08-06T22:54:55+00:00,100874.6,44772.43,
2026-08-06T23:54:10+00:00,100908.27,44772.43,
2026-08-06T23:55:11+00:00,100904.94,44772.43,
2026-08-06T23:56:11+00:00,100903.24,44772.43,
2026-08-07T06:35:47+00:00,100820.73,44772.43,
2026-08-07T06:36:47+00:00,100820.73,44772.43,
2026-08-07T06:37:48+00:00,100820.73,44772.43,
2026-08-07T06:39:05+00:00,100820.73,44772.43,
2026-08-07T06:40:05+00:00,100820.73,44772.43,
2026-08-07T06:41:05+00:00,100818.07,44772.43,
2026-08-07T06:42:05+00:00,100818.07,44772.43,
2026-08-07T06:43:06+00:00,100818.07,44772.43,
2026-08-07T07:20:25+00:00,100839.04,44772.43,
2026-08-07T07:21:26+00:00,100839.04,44772.43,
2026-08-07T07:22:26+00:00,100839.04,44772.43,
2026-08-07T07:25:07+00:00,100839.04,44772.43,
2026-08-07T07:26:07+00:00,100838.69,44772.43,
2026-08-07T07:27:07+00:00,100838.69,44772.43,
2026-08-07T07:28:08+00:00,100838.69,44772.43,
2026-08-07T07:29:08+00:00,100838.69,44772.43,
2026-08-07T07:30:08+00:00,100840.77,44772.43,
2026-08-07T07:31:08+00:00,100840.77,44772.43,
2026-08-07T12:44:16+00:00,101380.16,44772.43,
2026-08-07T12:45:17+00:00,101394.93,44772.43,
2026-08-07T12:46:17+00:00,101381.37,44772.43,
2026-08-07T12:47:17+00:00,101385.24,44772.43,
2026-08-07T12:48:17+00:00,101386.07,44772.43,
2026-08-07T12:49:18+00:00,101391.04,44772.43,
2026-08-07T12:50:18+00:00,101432.64,44772.43,
2026-08-07T12:51:18+00:00,101425.53,44772.43,
2026-08-07T12:52:18+00:00,101426.82,44772.43,
2026-08-07T12:53:18+00:00,101426.37,44772.43,
2026-08-07T12:54:19+00:00,101431.93,44772.43,
2026-08-07T12:55:20+00:00,101402.12,44772.43,
2026-08-07T12:56:20+00:00,101410.52,44772.43,
2026-08-07T12:57:20+00:00,101407.27,44772.43,
2026-08-07T12:58:20+00:00,101388.76,44772.43,
2026-08-07T12:59:20+00:00,101387.2,44772.43,
2026-08-07T13:00:21+00:00,101388.04,44772.43,
2026-08-07T13:01:21+00:00,101377.31,44772.43,
2026-08-07T13:02:21+00:00,101361.54,44772.43,
2026-08-07T13:03:21+00:00,101381.23,44772.43,
2026-08-07T13:04:22+00:00,101173.33,44772.43,
2026-08-07T13:05:22+00:00,101160.84,44772.43,
2026-08-07T13:06:23+00:00,101159.86,44772.43,
2026-08-07T13:07:23+00:00,101159.16,44772.43,
2026-08-07T13:08:23+00:00,101142.12,44772.43,
2026-08-07T13:09:23+00:00,101148.17,44772.43,
2026-08-07T13:10:23+00:00,101148.59,44772.43,
2026-08-07T13:11:24+00:00,101133.09,44772.43,
2026-08-07T13:12:24+00:00,101129.69,44772.43,
2026-08-07T13:13:24+00:00,101112.05,44772.43,
2026-08-07T13:14:24+00:00,101114.59,44772.43,
2026-08-07T13:15:25+00:00,101129.18,44772.43,
2026-08-07T13:16:25+00:00,101114.33,44772.43,
2026-08-07T13:17:25+00:00,101120.57,44772.43,
2026-08-07T13:18:25+00:00,101081.93,44772.43,
2026-08-07T13:19:25+00:00,101077.77,44772.43,
2026-08-07T13:20:26+00:00,101090.28,44772.43,
2026-08-07T13:21:26+00:00,101100.19,44772.43,
2026-08-07T13:22:26+00:00,101099.22,44772.43,
2026-08-07T13:23:26+00:00,101096.99,44772.43,
2026-08-07T13:24:27+00:00,101079.02,44772.43,
2026-08-07T13:25:27+00:00,101087.17,44772.43,
2026-08-07T13:26:27+00:00,101065.5,44772.43,
2026-08-07T13:27:27+00:00,101087.98,44772.43,
2026-08-07T13:28:27+00:00,101114.02,44772.43,
2026-08-07T13:29:28+00:00,101116.03,44772.43,
2026-08-07T13:30:28+00:00,100920.38,44772.43,
2026-08-07T13:31:28+00:00,100759.22,44772.43,
2026-08-07T13:32:28+00:00,100746.47,44772.43,
2026-08-07T13:33:29+00:00,100794.89,44772.43,
2026-08-07T13:34:29+00:00,100763.06,44772.43,
2026-08-07T13:35:29+00:00,100735.08,44772.43,
2026-08-07T13:36:29+00:00,100599.21,44772.43,
2026-08-07T13:37:29+00:00,100711.85,44772.43,
2026-08-07T13:38:30+00:00,100849.21,44772.43,
2026-08-07T13:39:31+00:00,100948.02,44772.43,
2026-08-07T13:40:31+00:00,100898.61,44772.43,
2026-08-07T13:41:31+00:00,100988.12,44772.43,
2026-08-07T13:42:31+00:00,101040.32,44772.43,
2026-08-07T13:43:31+00:00,101034.37,44772.43,
2026-08-07T13:44:32+00:00,101048.17,44772.43,
2026-08-07T13:45:32+00:00,101052.22,44772.43,
2026-08-07T13:46:32+00:00,101011.12,44772.43,
2026-08-07T13:47:32+00:00,100968.52,44772.43,
2026-08-07T13:48:33+00:00,100951.21,44772.43,
2026-08-07T13:49:33+00:00,100999.64,44772.43,
2026-08-07T13:50:33+00:00,101007.47,44772.43,
2026-08-07T13:51:33+00:00,101032.45,44772.43,
2026-08-07T13:52:33+00:00,101038.19,44772.43,
2026-08-07T13:53:34+00:00,101021.39,44772.43,
2026-08-07T13:54:34+00:00,100986.53,44772.43,
2026-08-07T13:55:34+00:00,100968.57,44772.43,
2026-08-07T13:56:34+00:00,100891.55,44772.43,
2026-08-07T13:57:34+00:00,100882.78,44772.43,
2026-08-07T13:58:35+00:00,100891.04,44772.43,
2026-08-07T13:59:35+00:00,100913.46,44772.43,
2026-08-07T14:00:35+00:00,100976.95,44772.43,
2026-08-07T14:01:35+00:00,100995.64,44772.43,
2026-08-07T14:02:36+00:00,100990.1,44772.43,
2026-08-07T14:03:36+00:00,101024.92,44772.43,
2026-08-07T14:04:36+00:00,100956.6,44772.43,
2026-08-07T14:05:36+00:00,100966.32,44772.43,
2026-08-07T14:06:37+00:00,100946.48,44772.43,
2026-08-07T14:07:37+00:00,100942.52,44772.43,
2026-08-07T14:08:37+00:00,100935.75,44772.43,
2026-08-07T14:09:37+00:00,100915.68,44772.43,
2026-08-07T14:10:37+00:00,100838.3,44772.43,
2026-08-07T14:11:38+00:00,100841.39,44772.43,
2026-08-07T14:12:38+00:00,100735.13,44772.43,
2026-08-07T14:13:38+00:00,100744.96,44772.43,
2026-08-07T14:14:38+00:00,100750.76,44772.43,
2026-08-07T14:15:39+00:00,100737.42,44772.43,
2026-08-07T14:16:39+00:00,100843.04,44772.43,
2026-08-07T14:17:39+00:00,100885.8,44772.43,
2026-08-07T14:18:39+00:00,100858.21,44772.43,
2026-08-07T14:19:39+00:00,100873.54,44772.43,
2026-08-07T14:20:40+00:00,100892.66,44772.43,
2026-08-07T14:21:40+00:00,100895.59,44772.43,
2026-08-07T14:22:40+00:00,100868.6,44772.43,
2026-08-07T14:23:40+00:00,100884.04,44772.43,
2026-08-07T14:24:41+00:00,100921.89,44772.43,
2026-08-07T14:25:41+00:00,100968.26,44772.43,
2026-08-07T14:26:41+00:00,100968.44,44772.43,
2026-08-07T14:27:41+00:00,100966.84,44772.43,
2026-08-07T14:28:41+00:00,100964.77,44772.43,
2026-08-07T14:29:42+00:00,100950.91,44772.43,
2026-08-07T14:30:42+00:00,100898.47,44772.43,
2026-08-07T14:31:42+00:00,100831.31,44772.43,
2026-08-07T14:32:42+00:00,100867.39,44772.43,
2026-08-07T14:33:43+00:00,100886.6,44772.43,
2026-08-07T14:34:43+00:00,100843.74,44772.43,
2026-08-07T14:35:43+00:00,100830.62,44772.43,
2026-08-07T14:36:43+00:00,100815.2,44772.43,
2026-08-07T14:37:43+00:00,100824.85,44772.43,
2026-08-07T14:38:44+00:00,100839.89,44772.43,
2026-08-07T14:39:44+00:00,100780.47,44772.43,
2026-08-07T14:40:44+00:00,100777.58,44772.43,
2026-08-07T14:41:44+00:00,100779.21,44772.43,
2026-08-07T14:42:45+00:00,100776.45,44772.43,
2026-08-07T14:43:45+00:00,100746.34,44772.43,
2026-08-07T14:44:45+00:00,100733.98,44772.43,
2026-08-07T14:45:45+00:00,100784.69,44772.43,
2026-08-07T14:46:45+00:00,100816.57,44772.43,
2026-08-07T14:47:46+00:00,100855.51,44772.43,
2026-08-07T14:48:46+00:00,100822.45,44772.43,
2026-08-07T14:49:46+00:00,100860.23,44772.43,
2026-08-07T14:50:46+00:00,100851.39,44772.43,
2026-08-07T14:51:47+00:00,100830.04,44772.43,
2026-08-07T14:52:47+00:00,100798.01,44772.43,
2026-08-07T14:53:47+00:00,100808.34,44772.43,
2026-08-07T14:54:47+00:00,100824.13,44772.43,
2026-08-07T14:55:47+00:00,100836.52,44772.43,
2026-08-07T14:56:48+00:00,100860.55,44772.43,
2026-08-07T14:57:48+00:00,100882.25,44772.43,
2026-08-07T14:58:48+00:00,100874.42,44772.43,
2026-08-07T14:59:48+00:00,100852.09,44772.43,
2026-08-07T15:00:48+00:00,100867.93,44772.43,
2026-08-07T15:01:49+00:00,100877.76,44772.43,
2026-08-07T15:02:49+00:00,100900.24,44772.43,
2026-08-07T15:03:49+00:00,100883.91,44772.43,
2026-08-07T15:04:49+00:00,100878.53,44772.43,
2026-08-07T15:05:50+00:00,100885.5,44772.43,
2026-08-07T15:06:50+00:00,100899.02,44772.43,
2026-08-07T15:07:50+00:00,100898.93,44772.43,
2026-08-07T15:08:50+00:00,100875.33,44772.43,
2026-08-07T15:09:50+00:00,100860.6,44772.43,
2026-08-07T15:10:51+00:00,100915.56,44772.43,
2026-08-07T15:11:51+00:00,100920.79,44772.43,
2026-08-07T15:12:51+00:00,100928.04,44772.43,
2026-08-07T15:13:51+00:00,100907.8,44772.43,
2026-08-07T15:14:51+00:00,100914.93,44772.43,
2026-08-07T15:15:52+00:00,100899.86,44772.43,
2026-08-07T15:16:52+00:00,100891.81,44772.43,
2026-08-07T15:17:52+00:00,100876.25,44772.43,
2026-08-07T15:18:52+00:00,100903.18,44772.43,
2026-08-07T15:19:53+00:00,100907.34,44772.43,
2026-08-07T15:20:53+00:00,100908.06,44772.43,
2026-08-07T15:21:53+00:00,100911.43,44772.43,
2026-08-07T15:22:53+00:00,100919.57,44772.43,
2026-08-07T15:23:53+00:00,100938.43,44772.43,
2026-08-07T15:24:54+00:00,100942.59,44772.43,
2026-08-07T15:25:54+00:00,100956.92,44772.43,
2026-08-07T15:26:54+00:00,100947.04,44772.43,
2026-08-07T15:27:54+00:00,100970.61,44772.43,
2026-08-07T15:28:55+00:00,100959.58,44772.43,
2026-08-07T15:29:55+00:00,100963.75,44772.43,
2026-08-07T15:30:55+00:00,100968.89,44772.43,
2026-08-07T15:31:55+00:00,100958.32,44772.43,
2026-08-07T15:32:55+00:00,100968.34,44772.43,
2026-08-07T15:33:56+00:00,100959.57,44772.43,
2026-08-07T15:34:56+00:00,100946.22,44772.43,
2026-08-07T15:35:56+00:00,100958.16,44772.43,
2026-08-07T15:36:56+00:00,100940.38,44772.43,
2026-08-07T15:37:57+00:00,100933.2,44772.43,
2026-08-07T15:38:57+00:00,100931.47,44772.43,
2026-08-07T15:39:57+00:00,100938.19,44772.43,
2026-08-07T15:40:57+00:00,100927.69,44772.43,
2026-08-07T15:41:57+00:00,100899.94,44772.43,
2026-08-07T15:42:58+00:00,100910.75,44772.43,
2026-08-07T15:43:58+00:00,100898.07,44772.43,
2026-08-07T15:44:58+00:00,100901.97,44772.43,
2026-08-07T15:45:58+00:00,100915.17,44772.43,
2026-08-07T15:46:59+00:00,100915.73,44772.43,
2026-08-07T15:47:59+00:00,100941.51,44772.43,
2026-08-07T15:48:59+00:00,100962.56,44772.43,
2026-08-07T15:49:59+00:00,100996.92,44772.43,
2026-08-07T15:50:59+00:00,100991.88,44772.43,
2026-08-07T15:52:00+00:00,100993.95,44772.43,
2026-08-07T15:53:00+00:00,100993.01,44772.43,
2026-08-07T15:54:00+00:00,100967.5,44772.43,
2026-08-07T15:55:00+00:00,100980.08,44772.43,
2026-08-07T15:56:01+00:00,100971.8,44772.43,
2026-08-07T15:57:01+00:00,100963.84,44772.43,
2026-08-07T15:58:01+00:00,100962.49,44772.43,
2026-08-07T15:59:01+00:00,100954.91,44772.43,
2026-08-07T16:00:01+00:00,100960.29,44772.43,
2026-08-07T16:01:02+00:00,100937.1,44772.43,
2026-08-07T16:02:02+00:00,100951.43,44772.43,
2026-08-07T16:03:02+00:00,100953.74,44772.43,
2026-08-07T16:04:02+00:00,100950.64,44772.43,
2026-08-07T16:05:03+00:00,100968.72,44772.43,
2026-08-07T16:06:03+00:00,100980.13,44772.43,
2026-08-07T16:07:03+00:00,100990.57,44772.43,
2026-08-07T16:08:03+00:00,100992.3,44772.43,
2026-08-07T16:09:03+00:00,100986.95,44772.43,
2026-08-07T16:10:04+00:00,100979.84,44772.43,
2026-08-07T16:11:04+00:00,100964.16,44772.43,
2026-08-07T16:12:04+00:00,100961.61,44772.43,
2026-08-07T16:13:04+00:00,100973.1,44772.43,
2026-08-07T16:14:04+00:00,100965.19,44772.43,
2026-08-07T16:15:05+00:00,100948.0,44772.43,
2026-08-07T16:16:05+00:00,100974.2,44772.43,
2026-08-07T16:17:05+00:00,100993.11,44772.43,
2026-08-07T16:18:05+00:00,100980.0,44772.43,
2026-08-07T16:19:06+00:00,100970.99,44772.43,
2026-08-07T16:20:06+00:00,100956.12,44772.43,
2026-08-07T16:21:06+00:00,100960.17,44772.43,
2026-08-07T16:22:06+00:00,100950.97,44772.43,
2026-08-07T16:23:07+00:00,100930.86,44772.43,
2026-08-07T16:24:07+00:00,100903.66,44772.43,
2026-08-07T16:25:07+00:00,100910.66,44772.43,
2026-08-07T16:26:07+00:00,100871.32,44772.43,
2026-08-07T16:27:07+00:00,100849.27,44772.43,
2026-08-07T16:28:08+00:00,100875.19,44772.43,
2026-08-07T16:29:08+00:00,100862.71,44772.43,
2026-08-07T16:30:08+00:00,100858.06,44772.43,
2026-08-07T16:31:08+00:00,100823.98,44772.43,
2026-08-07T16:32:08+00:00,100818.01,44772.43,
2026-08-07T16:33:09+00:00,100861.43,44772.43,
2026-08-07T16:34:09+00:00,100888.62,44772.43,
2026-08-07T16:35:09+00:00,100900.83,44772.43,
2026-08-07T16:36:09+00:00,100920.12,44772.43,
2026-08-07T16:37:09+00:00,100910.76,44772.43,
2026-08-07T16:38:10+00:00,100898.32,44772.43,
2026-08-07T16:39:10+00:00,100944.01,44772.43,
2026-08-07T16:40:10+00:00,100966.08,44772.43,
2026-08-07T16:41:10+00:00,100982.5,44772.43,
2026-08-07T16:42:11+00:00,100997.22,44772.43,
2026-08-07T16:43:11+00:00,100988.99,44772.43,
2026-08-07T16:44:11+00:00,100998.2,44772.43,
2026-08-07T16:45:11+00:00,101015.82,44772.43,
2026-08-07T16:46:11+00:00,101002.43,44772.43,
2026-08-07T16:47:12+00:00,100990.18,44772.43,
2026-08-07T16:48:12+00:00,100997.03,44772.43,
2026-08-07T16:49:12+00:00,101000.37,44772.43,
2026-08-07T16:50:12+00:00,101024.62,44772.43,
2026-08-07T16:51:12+00:00,101033.52,44772.43,
2026-08-07T16:52:13+00:00,100992.92,44772.43,
2026-08-07T16:53:13+00:00,100971.62,44772.43,
2026-08-07T16:54:13+00:00,100985.46,44772.43,
2026-08-07T16:55:13+00:00,100984.65,44772.43,
2026-08-07T16:56:13+00:00,100995.06,44772.43,
2026-08-07T16:57:14+00:00,101007.03,44772.43,
2026-08-07T16:58:14+00:00,101001.43,44772.43,
2026-08-07T16:59:14+00:00,100994.66,44772.43,
2026-08-07T17:00:14+00:00,101005.91,44772.43,
2026-08-07T17:01:15+00:00,101008.3,44772.43,
2026-08-07T17:02:15+00:00,101033.48,44772.43,
2026-08-07T17:03:15+00:00,101045.69,44772.43,
2026-08-07T17:04:15+00:00,101043.56,44772.43,
2026-08-07T17:05:15+00:00,101039.24,44772.43,
2026-08-07T17:06:16+00:00,101056.8,44772.43,
2026-08-07T17:07:16+00:00,101053.97,44772.43,
2026-08-07T17:08:16+00:00,101045.53,44772.43,
2026-08-07T17:09:16+00:00,101051.73,44772.43,
2026-08-07T17:10:17+00:00,101057.6,44772.43,
2026-08-07T17:11:17+00:00,101048.02,44772.43,
2026-08-07T17:12:18+00:00,101035.55,44772.43,
2026-08-07T17:13:18+00:00,101028.25,44772.43,
2026-08-07T17:14:18+00:00,101034.27,44772.43,
2026-08-07T17:15:18+00:00,101036.26,44772.43,
2026-08-07T17:16:19+00:00,101045.97,44772.43,
2026-08-07T17:17:19+00:00,101067.16,44772.43,
2026-08-07T17:18:19+00:00,101073.6,44772.43,
2026-08-07T17:19:19+00:00,101074.16,44772.43,
2026-08-07T17:20:19+00:00,101079.07,44772.43,
2026-08-07T17:21:20+00:00,101072.12,44772.43,
2026-08-07T17:22:20+00:00,101075.74,44772.43,
2026-08-07T17:23:20+00:00,101081.0,44772.43,
2026-08-07T17:24:20+00:00,101073.31,44772.43,
2026-08-07T17:25:21+00:00,101059.44,44772.43,
2026-08-07T17:26:21+00:00,101066.72,44772.43,
2026-08-07T17:27:22+00:00,101057.97,44772.43,
2026-08-07T17:28:22+00:00,101059.32,44772.43,
2026-08-07T17:29:22+00:00,101076.47,44772.43,
2026-08-07T17:30:22+00:00,101078.0,44772.43,
2026-08-07T17:31:22+00:00,101067.73,44772.43,
2026-08-07T17:32:23+00:00,101073.69,44772.43,
2026-08-07T17:33:23+00:00,101059.02,44772.43,
2026-08-07T17:34:23+00:00,101069.35,44772.43,
2026-08-07T17:35:23+00:00,101065.7,44772.43,
2026-08-07T17:36:23+00:00,101069.33,44772.43,
2026-08-07T17:37:24+00:00,101073.35,44772.43,
2026-08-07T17:38:24+00:00,101055.16,44772.43,
2026-08-07T17:39:24+00:00,101057.69,44772.43,
2026-08-07T17:40:24+00:00,101061.83,44772.43,
2026-08-07T17:41:25+00:00,101051.14,44772.43,
2026-08-07T17:42:25+00:00,101048.19,44772.43,
2026-08-07T17:43:25+00:00,101042.54,44772.43,
2026-08-07T17:44:25+00:00,101043.43,44772.43,
2026-08-07T17:45:25+00:00,101046.57,44772.43,
2026-08-07T17:46:26+00:00,101068.57,44772.43,
2026-08-07T17:47:26+00:00,101053.61,44772.43,
2026-08-07T17:48:26+00:00,101053.65,44772.43,
2026-08-07T17:49:26+00:00,101051.24,44772.43,
2026-08-07T17:50:27+00:00,101055.5,44772.43,
2026-08-07T17:51:27+00:00,101033.0,44772.43,
2026-08-07T17:52:28+00:00,101023.31,44772.43,
2026-08-07T17:53:28+00:00,101014.8,44772.43,
2026-08-07T17:54:28+00:00,100995.25,44772.43,
2026-08-07T17:55:28+00:00,101007.64,44772.43,
2026-08-07T17:56:29+00:00,101004.86,44772.43,
2026-08-07T17:57:29+00:00,101008.24,44772.43,
2026-08-07T17:58:29+00:00,101032.01,44772.43,
2026-08-07T17:59:29+00:00,101027.27,44772.43,
2026-08-07T18:00:29+00:00,101011.96,44772.43,
2026-08-07T18:01:30+00:00,101013.08,44772.43,
2026-08-07T18:02:30+00:00,101016.55,44772.43,
2026-08-07T18:03:30+00:00,101005.14,44772.43,
2026-08-07T18:04:30+00:00,100989.87,44772.43,
2026-08-07T18:05:31+00:00,100953.52,44772.43,
2026-08-07T18:06:31+00:00,100975.83,44772.43,
2026-08-07T18:07:31+00:00,100985.13,44772.43,
2026-08-07T18:08:31+00:00,101013.43,44772.43,
2026-08-07T18:09:31+00:00,101024.16,44772.43,
2026-08-07T18:10:32+00:00,101019.85,44772.43,
2026-08-07T18:11:32+00:00,101014.02,44772.43,
2026-08-07T18:12:32+00:00,101001.21,44772.43,
2026-08-07T18:13:32+00:00,101004.49,44772.43,
2026-08-07T18:14:33+00:00,100985.93,44772.43,
2026-08-07T18:15:33+00:00,100980.54,44772.43,
2026-08-07T18:16:33+00:00,100982.38,44772.43,
2026-08-07T18:17:33+00:00,100989.71,44772.43,
2026-08-07T18:18:33+00:00,100992.69,44772.43,
2026-08-07T18:19:34+00:00,100989.46,44772.43,
2026-08-07T18:20:34+00:00,101000.23,44772.43,
2026-08-07T18:21:34+00:00,100991.59,44772.43,
2026-08-07T18:22:34+00:00,100979.85,44772.43,
2026-08-07T18:23:35+00:00,100970.92,44772.43,
2026-08-07T18:24:35+00:00,100976.4,44772.43,
2026-08-07T18:25:35+00:00,100977.76,44772.43,
2026-08-07T18:26:35+00:00,100987.41,44772.43,
2026-08-07T18:27:35+00:00,100998.98,44772.43,
2026-08-07T18:28:36+00:00,100985.24,44772.43,
2026-08-07T18:29:36+00:00,100976.2,44772.43,
2026-08-07T18:30:36+00:00,100977.31,44772.43,
2026-08-07T18:31:36+00:00,100992.0,44772.43,
2026-08-07T18:32:36+00:00,101008.26,44772.43,
2026-08-07T18:33:37+00:00,101007.65,44772.43,
2026-08-07T18:34:37+00:00,101015.11,44772.43,
2026-08-07T18:35:38+00:00,101002.14,44772.43,
2026-08-07T18:36:38+00:00,101011.95,44772.43,
2026-08-07T18:37:38+00:00,101018.25,44772.43,
2026-08-07T18:38:38+00:00,101011.36,44772.43,
2026-08-07T18:39:39+00:00,101013.05,44772.43,
2026-08-07T18:40:39+00:00,101010.13,44772.43,
2026-08-07T18:41:39+00:00,101025.39,44772.43,
2026-08-07T18:42:39+00:00,101022.73,44772.43,
2026-08-07T18:43:39+00:00,101020.72,44772.43,
2026-08-07T18:44:40+00:00,101008.99,44772.43,
2026-08-07T18:45:40+00:00,101008.56,44772.43,
2026-08-07T18:46:40+00:00,101014.68,44772.43,
2026-08-07T18:47:40+00:00,101006.54,44772.43,
2026-08-07T18:48:41+00:00,101011.49,44772.43,
2026-08-07T18:49:41+00:00,101020.33,44772.43,
2026-08-07T18:50:41+00:00,101040.32,44772.43,
2026-08-07T18:51:41+00:00,101044.78,44772.43,
2026-08-07T18:52:41+00:00,101036.5,44772.43,
2026-08-07T18:53:42+00:00,101033.35,44772.43,
2026-08-07T18:54:42+00:00,101028.11,44772.43,
2026-08-07T18:55:42+00:00,101011.93,44772.43,
2026-08-07T18:56:42+00:00,100990.03,44772.43,
2026-08-07T18:57:43+00:00,101006.42,44772.43,
2026-08-07T18:58:43+00:00,101019.93,44772.43,
2026-08-07T18:59:43+00:00,101017.01,44772.43,
2026-08-07T19:00:43+00:00,101049.86,44772.43,
2026-08-07T19:01:43+00:00,101060.71,44772.43,
2026-08-07T19:02:44+00:00,101056.36,44772.43,
2026-08-07T19:03:44+00:00,101052.11,44772.43,
2026-08-07T19:04:44+00:00,101067.23,44772.43,
2026-08-07T19:05:44+00:00,101076.07,44772.43,
2026-08-07T19:06:45+00:00,101101.64,44772.43,
2026-08-07T19:07:45+00:00,101112.6,44772.43,
2026-08-07T19:08:45+00:00,101124.85,44772.43,
2026-08-07T19:09:45+00:00,101116.66,44772.43,
2026-08-07T19:10:46+00:00,101147.46,44772.43,
2026-08-07T19:11:46+00:00,101148.04,44772.43,
2026-08-07T19:12:47+00:00,101148.36,44772.43,
2026-08-07T19:13:47+00:00,101161.28,44772.43,
2026-08-07T19:14:47+00:00,101141.12,44772.43,
2026-08-07T19:15:47+00:00,101156.82,44772.43,
2026-08-07T19:16:47+00:00,101167.71,44772.43,
2026-08-07T19:17:48+00:00,101179.69,44772.43,
2026-08-07T19:18:48+00:00,101165.23,44772.43,
2026-08-07T19:19:48+00:00,101156.3,44772.43,
2026-08-07T19:20:48+00:00,101179.77,44772.43,
2026-08-07T19:21:49+00:00,101173.08,44772.43,
2026-08-07T19:22:49+00:00,101152.73,44772.43,
2026-08-07T19:23:49+00:00,101164.05,44772.43,
2026-08-07T19:24:49+00:00,101145.15,44772.43,
2026-08-07T19:25:49+00:00,101128.75,44772.43,
2026-08-07T19:26:50+00:00,101155.7,44772.43,
2026-08-07T19:27:50+00:00,101149.97,44772.43,
2026-08-07T19:28:50+00:00,101159.55,44772.43,
2026-08-07T19:29:50+00:00,101168.86,44772.43,
2026-08-07T19:30:51+00:00,101152.32,44772.43,
2026-08-07T19:31:51+00:00,101163.1,44772.43,
2026-08-07T19:32:51+00:00,101152.4,44772.43,
2026-08-07T19:33:51+00:00,101166.3,44772.43,
2026-08-07T19:34:51+00:00,101153.49,44772.43,
2026-08-07T19:35:52+00:00,101153.34,44772.43,
2026-08-07T19:36:52+00:00,101160.71,44772.43,
2026-08-07T19:37:52+00:00,101167.11,44772.43,
2026-08-07T19:38:52+00:00,101170.29,44772.43,
2026-08-07T19:39:52+00:00,101156.45,44772.43,
2026-08-07T19:40:53+00:00,101116.32,44772.43,
2026-08-07T19:41:53+00:00,101113.47,44772.43,
2026-08-07T19:42:53+00:00,101121.14,44772.43,
2026-08-07T19:43:53+00:00,101127.42,44772.43,
2026-08-07T19:44:54+00:00,101114.19,44772.43,
2026-08-07T19:45:54+00:00,101146.29,44772.43,
2026-08-07T19:46:54+00:00,101146.23,44772.43,
2026-08-07T19:47:54+00:00,101155.16,44772.43,
2026-08-07T19:48:54+00:00,101150.91,44772.43,
2026-08-07T19:49:55+00:00,101161.22,44772.43,
2026-08-07T19:50:55+00:00,101184.74,44772.43,
2026-08-07T19:51:56+00:00,101166.06,44772.43,
2026-08-07T19:52:56+00:00,101152.47,44772.43,
2026-08-07T19:53:56+00:00,101149.47,44772.43,
2026-08-07T19:54:56+00:00,101163.45,44772.43,
2026-08-07T19:55:57+00:00,101118.69,44772.43,
2026-08-07T19:56:57+00:00,101148.59,44772.43,
2026-08-07T19:57:57+00:00,101177.18,44772.43,
2026-08-07T19:58:57+00:00,101217.59,44772.43,
2026-08-07T19:59:57+00:00,101237.2,44772.43,
2026-08-07T20:00:58+00:00,101238.3,44772.43,
2026-08-07T20:01:58+00:00,101257.8,44772.43,
2026-08-07T20:02:58+00:00,101233.6,44772.43,
2026-08-07T20:03:58+00:00,101241.98,44772.43,
2026-08-07T20:04:59+00:00,101199.04,44772.43,
2026-08-07T20:05:59+00:00,101211.92,44772.43,
2026-08-07T20:07:00+00:00,101228.22,44772.43,
2026-08-07T20:08:00+00:00,101226.05,44772.43,
2026-08-07T20:09:00+00:00,101217.36,44772.43,
2026-08-07T20:10:00+00:00,101218.69,44772.43,
2026-08-07T20:11:01+00:00,101215.84,44772.43,
2026-08-07T20:12:01+00:00,101217.94,44772.43,
2026-08-07T20:13:02+00:00,101217.31,44772.43,
2026-08-07T20:14:02+00:00,101209.32,44772.43,
2026-08-07T20:15:02+00:00,101212.8,44772.43,
2026-08-07T20:16:02+00:00,101220.69,44772.43,
2026-08-07T20:17:02+00:00,101220.69,44772.43,
2026-08-07T20:18:03+00:00,101218.59,44772.43,
2026-08-07T20:19:03+00:00,101217.46,44772.43,
2026-08-07T20:20:03+00:00,101220.13,44772.43,
2026-08-07T20:21:03+00:00,101222.0,44772.43,
2026-08-07T20:22:04+00:00,101210.46,44772.43,
2026-08-07T20:23:04+00:00,101210.03,44772.43,
2026-08-07T20:24:04+00:00,101209.83,44772.43,
2026-08-07T20:25:04+00:00,101210.18,44772.43,
2026-08-07T20:26:04+00:00,101213.05,44772.43,
2026-08-07T20:27:05+00:00,101211.44,44772.43,
2026-08-07T20:28:05+00:00,101213.81,44772.43,
2026-08-07T20:29:05+00:00,101213.81,44772.43,
2026-08-07T20:30:05+00:00,101213.81,44772.43,
2026-08-07T20:31:05+00:00,101213.81,44772.43,
2026-08-07T20:32:06+00:00,101217.15,44772.43,
2026-08-07T20:33:06+00:00,101217.72,44772.43,
2026-08-07T20:34:06+00:00,101218.48,44772.43,
2026-08-07T20:35:06+00:00,101218.48,44772.43,
2026-08-07T20:36:07+00:00,101214.77,44772.43,
2026-08-07T20:37:07+00:00,101217.12,44772.43,
2026-08-07T20:38:07+00:00,101215.66,44772.43,
2026-08-07T20:39:07+00:00,101215.66,44772.43,
2026-08-07T20:40:07+00:00,101215.06,44772.43,
2026-08-07T20:41:08+00:00,101215.47,44772.43,
2026-08-07T20:42:08+00:00,101216.37,44772.43,
2026-08-07T20:43:08+00:00,101206.33,44772.43,
2026-08-07T20:44:08+00:00,101206.33,44772.43,
2026-08-07T20:45:09+00:00,101206.18,44772.43,
2026-08-07T20:46:09+00:00,101202.96,44772.43,
2026-08-07T20:47:09+00:00,101204.02,44772.43,
2026-08-07T20:48:09+00:00,101204.02,44772.43,
2026-08-07T20:49:10+00:00,101205.42,44772.43,
2026-08-07T20:50:10+00:00,101205.42,44772.43,
2026-08-07T20:51:10+00:00,101205.42,44772.43,
2026-08-07T20:52:10+00:00,101204.18,44772.43,
2026-08-07T20:53:10+00:00,101204.12,44772.43,
2026-08-07T20:54:11+00:00,101205.08,44772.43,
2026-08-07T20:55:11+00:00,101214.44,44772.43,
2026-08-07T20:56:11+00:00,101217.4,44772.43,
2026-08-07T20:57:11+00:00,101219.27,44772.43,
2026-08-07T20:58:12+00:00,101219.27,44772.43,
2026-08-07T20:59:12+00:00,101219.27,44772.43,
2026-08-07T21:00:12+00:00,101219.69,44772.43,
2026-08-07T21:01:12+00:00,101219.69,44772.43,
2026-08-07T21:02:12+00:00,101223.7,44772.43,
2026-08-07T21:03:13+00:00,101223.42,44772.43,
2026-08-07T21:04:13+00:00,101224.78,44772.43,
2026-08-07T21:05:13+00:00,101225.59,44772.43,
2026-08-07T21:06:13+00:00,101243.98,44772.43,
2026-08-07T21:07:13+00:00,101243.98,44772.43,
2026-08-07T21:08:14+00:00,101243.98,44772.43,
2026-08-07T21:09:14+00:00,101243.35,44772.43,
2026-08-07T21:10:14+00:00,101242.89,44772.43,
2026-08-07T21:11:14+00:00,101241.05,44772.43,
2026-08-07T21:12:15+00:00,101241.05,44772.43,
2026-08-07T21:13:15+00:00,101241.61,44772.43,
2026-08-07T21:14:15+00:00,101245.77,44772.43,
2026-08-07T21:15:15+00:00,101244.63,44772.43,
2026-08-07T21:16:15+00:00,101244.21,44772.43,
2026-08-07T21:17:16+00:00,101253.42,44772.43,
2026-08-07T21:18:16+00:00,101253.71,44772.43,
2026-08-07T21:19:16+00:00,101250.72,44772.43,
2026-08-07T21:20:16+00:00,101240.39,44772.43,
2026-08-07T21:21:17+00:00,101239.62,44772.43,
2026-08-07T21:22:17+00:00,101240.46,44772.43,
2026-08-07T21:23:17+00:00,101241.89,44772.43,
2026-08-07T21:24:17+00:00,101244.06,44772.43,
2026-08-07T21:25:17+00:00,101244.06,44772.43,
2026-08-07T21:26:18+00:00,101244.76,44772.43,
2026-08-07T21:27:18+00:00,101244.76,44772.43,
2026-08-07T21:28:18+00:00,101244.67,44772.43,
2026-08-07T21:29:18+00:00,101244.43,44772.43,
2026-08-07T21:30:19+00:00,101244.71,44772.43,
2026-08-07T21:31:19+00:00,101243.17,44772.43,
2026-08-07T21:32:20+00:00,101253.52,44772.43,
2026-08-07T21:33:20+00:00,101247.98,44772.43,
2026-08-07T21:34:20+00:00,101247.98,44772.43,
2026-08-07T21:35:20+00:00,101250.08,44772.43,
2026-08-07T21:36:20+00:00,101250.08,44772.43,
2026-08-07T21:37:21+00:00,101250.08,44772.43,
2026-08-07T21:38:21+00:00,101251.48,44772.43,
2026-08-07T21:39:21+00:00,101254.28,44772.43,
2026-08-07T21:40:21+00:00,101254.28,44772.43,
2026-08-07T21:41:22+00:00,101253.07,44772.43,
2026-08-07T21:42:22+00:00,101253.35,44772.43,
2026-08-07T21:43:22+00:00,101253.14,44772.43,
2026-08-07T21:44:22+00:00,101251.94,44772.43,
2026-08-07T21:45:22+00:00,101252.69,44772.43,
2026-08-07T21:46:23+00:00,101252.69,44772.43,
2026-08-07T21:47:23+00:00,101251.8,44772.43,
2026-08-07T21:48:23+00:00,101252.14,44772.43,
2026-08-07T21:49:23+00:00,101252.14,44772.43,
2026-08-07T21:50:24+00:00,101252.73,44772.43,
2026-08-07T21:51:24+00:00,101251.33,44772.43,
2026-08-07T21:52:25+00:00,101251.54,44772.43,
2026-08-07T21:53:25+00:00,101258.07,44772.43,
2026-08-07T21:54:25+00:00,101258.07,44772.43,
2026-08-07T21:55:25+00:00,101258.01,44772.43,
2026-08-07T21:56:25+00:00,101257.44,44772.43,
2026-08-07T21:57:26+00:00,101257.44,44772.43,
2026-08-07T21:58:26+00:00,101256.12,44772.43,
2026-08-07T21:59:26+00:00,101254.38,44772.43,
2026-08-07T22:00:26+00:00,101254.45,44772.43,
2026-08-07T22:01:27+00:00,101254.45,44772.43,
2026-08-07T22:02:27+00:00,101253.96,44772.43,
2026-08-07T22:03:27+00:00,101253.27,44772.43,
2026-08-07T22:04:27+00:00,101253.74,44772.43,
2026-08-07T22:05:27+00:00,101253.74,44772.43,
2026-08-07T22:06:28+00:00,101256.81,44772.43,
2026-08-07T22:07:28+00:00,101256.81,44772.43,
2026-08-07T22:08:28+00:00,101259.23,44772.43,
2026-08-07T22:09:28+00:00,101259.59,44772.43,
2026-08-07T22:10:29+00:00,101259.59,44772.43,
2026-08-07T22:11:29+00:00,101259.59,44772.43,
2026-08-07T22:12:29+00:00,101258.6,44772.43,
2026-08-07T22:13:29+00:00,101258.33,44772.43,
2026-08-07T22:14:29+00:00,101258.33,44772.43,
2026-08-07T22:15:30+00:00,101258.33,44772.43,
2026-08-07T22:16:30+00:00,101257.28,44772.43,
2026-08-07T22:17:30+00:00,101255.33,44772.43,
2026-08-07T22:18:30+00:00,101256.04,44772.43,
2026-08-07T22:19:30+00:00,101251.18,44772.43,
2026-08-07T22:20:31+00:00,101251.18,44772.43,
2026-08-07T22:21:32+00:00,101252.67,44772.43,
2026-08-07T22:22:32+00:00,101252.11,44772.43,
2026-08-07T22:23:32+00:00,101255.03,44772.43,
2026-08-07T22:24:32+00:00,101255.59,44772.43,
2026-08-07T22:25:32+00:00,101255.59,44772.43,
2026-08-07T22:26:33+00:00,101254.53,44772.43,
2026-08-07T22:27:33+00:00,101254.53,44772.43,
2026-08-07T22:28:33+00:00,101254.81,44772.43,
2026-08-07T22:29:33+00:00,101254.67,44772.43,
2026-08-07T22:30:34+00:00,101255.84,44772.43,
2026-08-07T22:31:34+00:00,101255.84,44772.43,
2026-08-07T22:32:34+00:00,101255.84,44772.43,
2026-08-07T22:33:34+00:00,101255.49,44772.43,
2026-08-07T22:34:34+00:00,101258.5,44772.43,
2026-08-07T22:35:35+00:00,101258.5,44772.43,
2026-08-07T22:36:35+00:00,101261.4,44772.43,
2026-08-07T22:37:35+00:00,101261.47,44772.43,
2026-08-07T22:38:35+00:00,101262.97,44772.43,
2026-08-07T22:39:36+00:00,101262.97,44772.43,
2026-08-07T22:40:36+00:00,101262.97,44772.43,
2026-08-07T22:41:36+00:00,101262.97,44772.43,
2026-08-07T22:42:36+00:00,101262.97,44772.43,
2026-08-07T22:43:36+00:00,101262.97,44772.43,
2026-08-07T22:44:37+00:00,101264.3,44772.43,
2026-08-07T22:45:37+00:00,101264.3,44772.43,
2026-08-07T22:46:37+00:00,101255.8,44772.43,
2026-08-07T22:47:37+00:00,101255.22,44772.43,
2026-08-07T22:48:37+00:00,101255.22,44772.43,
2026-08-07T22:49:38+00:00,101255.22,44772.43,
2026-08-07T22:50:38+00:00,101255.34,44772.43,
2026-08-07T22:51:38+00:00,101252.44,44772.43,
2026-08-07T22:52:38+00:00,101251.16,44772.43,
2026-08-07T22:53:39+00:00,101251.7,44772.43,
2026-08-07T22:54:39+00:00,101252.18,44772.43,
2026-08-07T22:55:40+00:00,101255.96,44772.43,
2026-08-07T22:56:40+00:00,101255.62,44772.43,
2026-08-07T22:57:40+00:00,101255.83,44772.43,
2026-08-07T22:58:40+00:00,101254.5,44772.43,
2026-08-07T22:59:41+00:00,101257.47,44772.43,
2026-08-07T23:00:41+00:00,101253.18,44772.43,
2026-08-07T23:01:41+00:00,101251.85,44772.43,
2026-08-07T23:02:41+00:00,101251.09,44772.43,
2026-08-07T23:03:42+00:00,101251.02,44772.43,
2026-08-07T23:04:42+00:00,101251.29,44772.43,
2026-08-07T23:05:42+00:00,101249.97,44772.43,
2026-08-07T23:06:42+00:00,101249.97,44772.43,
2026-08-07T23:07:42+00:00,101249.97,44772.43,
2026-08-07T23:08:43+00:00,101255.64,44772.43,
2026-08-07T23:09:43+00:00,101251.59,44772.43,
2026-08-07T23:10:43+00:00,101250.47,44772.43,
2026-08-07T23:11:43+00:00,101250.47,44772.43,
2026-08-07T23:12:44+00:00,101251.51,44772.43,
2026-08-07T23:13:44+00:00,101251.51,44772.43,
2026-08-07T23:14:44+00:00,101251.51,44772.43,
2026-08-07T23:15:44+00:00,101251.51,44772.43,
2026-08-07T23:16:44+00:00,101251.51,44772.43,
2026-08-07T23:17:45+00:00,101253.67,44772.43,
2026-08-07T23:18:45+00:00,101255.2,44772.43,
2026-08-07T23:19:45+00:00,101255.2,44772.43,
2026-08-07T23:20:45+00:00,101255.62,44772.43,
2026-08-07T23:21:45+00:00,101264.37,44772.43,
2026-08-07T23:22:46+00:00,101265.56,44772.43,
2026-08-07T23:23:46+00:00,101264.98,44772.43,
2026-08-07T23:24:46+00:00,101264.98,44772.43,
2026-08-07T23:25:46+00:00,101258.88,44772.43,
2026-08-07T23:26:47+00:00,101258.88,44772.43,
2026-08-07T23:27:47+00:00,101258.83,44772.43,
2026-08-07T23:28:47+00:00,101258.33,44772.43,
2026-08-07T23:29:47+00:00,101266.59,44772.43,
2026-08-07T23:30:47+00:00,101267.22,44772.43,
2026-08-07T23:31:48+00:00,101258.77,44772.43,
2026-08-07T23:32:48+00:00,101263.88,44772.43,
2026-08-07T23:33:48+00:00,101263.22,44772.43,
2026-08-07T23:34:48+00:00,101261.6,44772.43,
2026-08-07T23:35:49+00:00,101265.87,44772.43,
2026-08-07T23:36:49+00:00,101264.48,44772.43,
2026-08-07T23:37:49+00:00,101264.48,44772.43,
2026-08-07T23:38:49+00:00,101267.2,44772.43,
2026-08-07T23:39:49+00:00,101266.88,44772.43,
2026-08-07T23:40:50+00:00,101266.85,44772.43,
2026-08-07T23:41:50+00:00,101264.05,44772.43,
2026-08-07T23:42:50+00:00,101266.95,44772.43,
2026-08-07T23:43:50+00:00,101266.95,44772.43,
2026-08-07T23:44:50+00:00,101268.85,44772.43,
2026-08-07T23:45:51+00:00,101266.4,44772.43,
2026-08-07T23:46:51+00:00,101266.4,44772.43,
2026-08-07T23:47:51+00:00,101274.99,44772.43,
2026-08-07T23:48:51+00:00,101274.6,44772.43,
2026-08-07T23:49:52+00:00,101272.26,44772.43,
2026-08-07T23:50:52+00:00,101274.0,44772.43,
2026-08-07T23:51:52+00:00,101280.47,44772.43,
2026-08-07T23:52:52+00:00,101281.03,44772.43,
2026-08-07T23:53:52+00:00,101280.54,44772.43,
2026-08-07T23:54:53+00:00,101280.4,44772.43,
2026-08-07T23:55:53+00:00,101280.4,44772.43,
2026-08-07T23:56:53+00:00,101286.93,44772.43,
2026-08-07T23:57:53+00:00,101286.1,44772.43,
2026-08-07T23:58:54+00:00,101288.76,44772.43,
2026-08-07T23:59:54+00:00,101290.65,44772.43,
2026-08-08T00:00:54+00:00,101291.7,44772.43,
2026-08-08T00:01:54+00:00,101291.7,44772.43,
2026-08-08T00:02:54+00:00,101291.7,44772.43,
2026-08-08T00:03:55+00:00,101291.7,44772.43,
2026-08-08T00:04:55+00:00,101291.7,44772.43,
2026-08-08T00:05:55+00:00,101291.7,44772.43,
2026-08-08T00:06:55+00:00,101291.7,44772.43,
2026-08-08T00:07:56+00:00,101291.7,44772.43,
2026-08-08T00:08:56+00:00,101291.7,44772.43,
2026-08-08T00:09:56+00:00,101291.7,44772.43,
2026-08-08T00:10:56+00:00,101291.7,44772.43,
2026-08-08T00:11:56+00:00,101291.7,44772.43,
2026-08-08T00:12:57+00:00,101291.7,44772.43,
2026-08-08T00:13:57+00:00,101291.7,44772.43,
2026-08-08T00:14:57+00:00,101291.7,44772.43,
2026-08-08T00:15:57+00:00,101291.7,44772.43,
2026-08-08T00:16:58+00:00,101291.7,44772.43,
2026-08-08T00:17:58+00:00,101291.7,44772.43,
2026-08-08T00:18:58+00:00,101291.7,44772.43,
2026-08-08T00:19:58+00:00,101291.7,44772.43,
2026-08-08T00:20:58+00:00,101291.7,44772.43,
2026-08-08T00:21:59+00:00,101291.7,44772.43,
2026-08-08T00:22:59+00:00,101291.7,44772.43,
2026-08-08T00:23:59+00:00,101291.7,44772.43,
2026-08-08T00:26:00+00:00,101291.7,44772.43,
2026-08-08T00:27:00+00:00,101291.7,44772.43,
2026-08-08T00:28:01+00:00,101291.7,44772.43,
2026-08-08T00:29:01+00:00,101291.7,44772.43,
2026-08-08T00:30:01+00:00,101291.7,44772.43,
2026-08-08T00:31:01+00:00,101291.7,44772.43,
2026-08-08T00:32:01+00:00,101291.7,44772.43,
2026-08-08T00:35:21+00:00,101291.7,44772.43,
2026-08-08T00:36:21+00:00,101291.7,44772.43,
2026-08-08T00:37:21+00:00,101291.7,44772.43,
2026-08-08T00:51:50+00:00,101291.7,44772.43,
2026-08-08T00:53:18+00:00,101291.7,44772.43,
2026-08-08T01:54:14+00:00,101291.7,44772.43,
2026-08-08T01:55:15+00:00,101291.7,44772.43,
2026-08-08T01:56:15+00:00,101291.7,44772.43,
2026-08-08T01:57:15+00:00,101291.7,44772.43,
2026-08-08T01:58:15+00:00,101291.7,44772.43,
2026-08-08T01:59:15+00:00,101291.7,44772.43,
2026-08-08T02:00:16+00:00,101291.7,44772.43,
2026-08-08T02:01:16+00:00,101262.7,44772.43,
2026-08-08T02:02:16+00:00,101262.7,44772.43,
2026-08-08T02:03:16+00:00,101262.7,44772.43,
2026-08-08T02:04:17+00:00,101244.97,44772.43,
2026-08-08T02:05:17+00:00,101244.97,44772.43,
2026-08-08T02:06:18+00:00,101244.97,44772.43,
2026-08-08T02:07:18+00:00,101244.97,44772.43,
2026-08-08T02:08:18+00:00,101244.97,44772.43,
2026-08-08T02:09:18+00:00,101244.97,44772.43,
2026-08-08T02:10:19+00:00,101244.97,44772.43,
2026-08-08T02:15:31+00:00,101244.97,44772.43,
2026-08-08T02:16:32+00:00,101244.97,44772.43,
2026-08-08T02:17:32+00:00,101244.97,44772.43,
2026-08-08T02:18:32+00:00,101244.97,44772.43,
2026-08-08T02:19:32+00:00,101244.97,44772.43,
2026-08-08T02:20:32+00:00,101244.97,44772.43,
2026-08-08T02:21:33+00:00,101244.97,44772.43,
2026-08-08T02:22:33+00:00,101244.97,44772.43,
2026-08-08T02:23:33+00:00,101244.97,44772.43,
2026-08-08T02:24:33+00:00,101244.97,44772.43,
2026-08-08T02:25:34+00:00,101244.97,44772.43,
2026-08-08T02:26:34+00:00,101244.97,44772.43,
2026-08-08T02:27:35+00:00,101244.97,44772.43,
2026-08-08T02:28:35+00:00,101244.97,44772.43,
2026-08-08T02:29:35+00:00,101244.97,44772.43,
2026-08-08T02:30:36+00:00,101244.97,44772.43,
2026-08-08T02:31:36+00:00,101244.97,44772.43,
2026-08-08T02:32:36+00:00,101244.97,44772.43,
2026-08-08T02:33:37+00:00,101244.97,44772.43,
2026-08-08T02:34:37+00:00,101244.97,44772.43,
2026-08-08T02:35:37+00:00,101244.97,44772.43,
2026-08-08T02:36:37+00:00,101244.97,44772.43,
2026-08-08T02:37:37+00:00,101244.97,44772.43,
2026-08-08T02:38:38+00:00,101244.97,44772.43,
2026-08-08T02:39:38+00:00,101244.97,44772.43,
2026-08-08T02:40:38+00:00,101244.97,44772.43,
2026-08-08T02:41:38+00:00,101244.97,44772.43,
2026-08-08T02:42:39+00:00,101244.97,44772.43,
2026-08-08T02:43:39+00:00,101244.97,44772.43,
2026-08-08T02:44:39+00:00,101244.97,44772.43,
2026-08-08T02:45:39+00:00,101244.97,44772.43,
2026-08-08T02:46:39+00:00,101244.97,44772.43,
2026-08-08T05:42:02+00:00,101244.97,44772.43,
2026-08-08T05:43:02+00:00,101244.97,44772.43,
2026-08-08T05:44:03+00:00,101244.97,44772.43,
2026-08-08T05:45:03+00:00,101244.97,44772.43,
2026-08-08T05:46:03+00:00,101244.97,44772.43,
2026-08-08T05:47:03+00:00,101244.97,44772.43,
2026-08-08T05:48:03+00:00,101244.97,44772.43,
2026-08-08T05:49:04+00:00,101244.97,44772.43,
2026-08-08T05:50:04+00:00,101244.97,44772.43,
2026-08-08T05:51:04+00:00,101244.97,44772.43,
2026-08-08T05:52:05+00:00,101244.97,44772.43,
2026-08-08T05:53:05+00:00,101244.97,44772.43,
2026-08-08T05:54:05+00:00,101244.97,44772.43,
2026-08-08T05:55:06+00:00,101244.97,44772.43,
2026-08-08T05:56:06+00:00,101244.97,44772.43,
2026-08-08T05:57:07+00:00,101244.97,44772.43,
2026-08-08T05:58:07+00:00,101244.97,44772.43,
2026-08-08T05:59:07+00:00,101244.97,44772.43,
2026-08-08T06:00:07+00:00,101244.97,44772.43,
2026-08-08T06:01:08+00:00,101244.97,44772.43,
2026-08-08T06:02:09+00:00,101244.97,44772.43,
2026-08-08T06:03:09+00:00,101244.97,44772.43,
2026-08-08T06:04:09+00:00,101244.97,44772.43,
2026-08-08T06:05:09+00:00,101244.97,44772.43,
2026-08-08T06:06:09+00:00,101244.97,44772.43,
2026-08-08T06:07:10+00:00,101244.97,44772.43,
2026-08-08T06:08:10+00:00,101244.97,44772.43,
2026-08-08T06:09:10+00:00,101244.97,44772.43,
2026-08-08T06:10:10+00:00,101244.97,44772.43,
2026-08-08T06:11:10+00:00,101244.97,44772.43,
2026-08-08T06:12:11+00:00,101244.97,44772.43,
2026-08-08T06:13:11+00:00,101244.97,44772.43,
2026-08-08T07:44:30+00:00,101244.97,44772.43,
2026-08-08T07:45:30+00:00,101244.97,44772.43,
2026-08-08T07:46:30+00:00,101244.97,44772.43,
2026-08-08T07:47:30+00:00,101244.97,44772.43,
2026-08-08T07:48:30+00:00,101244.97,44772.43,
2026-08-08T07:49:31+00:00,101244.97,44772.43,
2026-08-08T07:50:31+00:00,101244.97,44772.43,
2026-08-08T07:51:31+00:00,101244.97,44772.43,
2026-08-08T07:52:31+00:00,101244.97,44772.43,
2026-08-08T07:53:32+00:00,101244.97,44772.43,
2026-08-08T07:54:32+00:00,101244.97,44772.43,
2026-08-08T07:55:33+00:00,101244.97,44772.43,
2026-08-08T07:56:33+00:00,101244.97,44772.43,
2026-08-08T07:57:33+00:00,101244.97,44772.43,
2026-08-08T07:58:33+00:00,101244.97,44772.43,
2026-08-08T07:59:34+00:00,101244.97,44772.43,
2026-08-08T08:00:34+00:00,101244.97,44772.43,
2026-08-08T08:01:35+00:00,101244.97,44772.43,
2026-08-08T08:02:35+00:00,101244.97,44772.43,
2026-08-08T08:03:35+00:00,101244.97,44772.43,
2026-08-08T08:04:35+00:00,101244.97,44772.43,
2026-08-08T08:05:35+00:00,101244.97,44772.43,
2026-08-08T08:06:36+00:00,101244.97,44772.43,
2026-08-08T08:07:36+00:00,101244.97,44772.43,
2026-08-08T08:08:36+00:00,101244.97,44772.43,
2026-08-08T08:09:36+00:00,101244.97,44772.43,
2026-08-08T08:10:37+00:00,101244.97,44772.43,
2026-08-08T08:11:37+00:00,101244.97,44772.43,
2026-08-08T08:12:37+00:00,101244.97,44772.43,
2026-08-08T08:13:37+00:00,101244.97,44772.43,
2026-08-08T08:14:37+00:00,101244.97,44772.43,
2026-08-08T08:15:38+00:00,101244.97,44772.43,
2026-08-08T08:16:38+00:00,101244.97,44772.43,
2026-08-08T08:17:38+00:00,101244.97,44772.43,
2026-08-08T08:18:38+00:00,101244.97,44772.43,
2026-08-08T08:19:39+00:00,101244.97,44772.43,
2026-08-08T08:20:39+00:00,101244.97,44772.43,
2026-08-08T08:21:39+00:00,101244.97,44772.43,
2026-08-08T08:22:39+00:00,101244.97,44772.43,
2026-08-08T08:23:39+00:00,101244.97,44772.43,
2026-08-08T08:24:40+00:00,101244.97,44772.43,
2026-08-08T08:25:40+00:00,101244.97,44772.43,
2026-08-08T08:26:40+00:00,101244.97,44772.43,
2026-08-08T08:27:40+00:00,101244.97,44772.43,
2026-08-08T08:28:40+00:00,101244.97,44772.43,
2026-08-08T08:29:41+00:00,101244.97,44772.43,
2026-08-08T08:30:41+00:00,101244.97,44772.43,
2026-08-08T08:31:41+00:00,101244.97,44772.43,
2026-08-08T08:32:41+00:00,101244.97,44772.43,
2026-08-08T08:33:42+00:00,101244.97,44772.43,
2026-08-08T08:34:42+00:00,101244.97,44772.43,
2026-08-08T08:35:42+00:00,101244.97,44772.43,
2026-08-08T08:36:42+00:00,101244.97,44772.43,
2026-08-08T08:37:42+00:00,101244.97,44772.43,
2026-08-08T08:38:43+00:00,101244.97,44772.43,
2026-08-08T08:39:44+00:00,101244.97,44772.43,
2026-08-08T08:40:44+00:00,101244.97,44772.43,
2026-08-08T08:41:44+00:00,101244.97,44772.43,
2026-08-08T08:42:44+00:00,101244.97,44772.43,
2026-08-08T08:43:44+00:00,101244.97,44772.43,
2026-08-08T08:44:45+00:00,101244.97,44772.43,
2026-08-08T08:45:45+00:00,101244.97,44772.43,
2026-08-08T08:46:45+00:00,101244.97,44772.43,
2026-08-08T08:47:45+00:00,101244.97,44772.43,
2026-08-08T08:48:46+00:00,101244.97,44772.43,
2026-08-08T08:49:46+00:00,101244.97,44772.43,
2026-08-08T08:50:46+00:00,101244.97,44772.43,
2026-08-08T08:51:46+00:00,101244.97,44772.43,
2026-08-08T08:52:46+00:00,101244.97,44772.43,
2026-08-08T08:53:47+00:00,101244.97,44772.43,
2026-08-08T08:54:47+00:00,101244.97,44772.43,
2026-08-08T08:55:47+00:00,101244.97,44772.43,
2026-08-08T08:56:47+00:00,101244.97,44772.43,
2026-08-08T08:57:48+00:00,101244.97,44772.43,
2026-08-08T08:58:48+00:00,101244.97,44772.43,
2026-08-08T08:59:48+00:00,101244.97,44772.43,
2026-08-08T09:00:48+00:00,101244.97,44772.43,
2026-08-08T09:01:48+00:00,101244.97,44772.43,
2026-08-10T13:43:34+00:00,102096.88,44042.96,
2026-08-10T13:44:34+00:00,102159.83,44042.96,
2026-08-10T13:45:34+00:00,102123.41,44042.96,
2026-08-10T13:46:35+00:00,102150.96,44042.96,
2026-08-10T13:47:35+00:00,102161.42,44042.96,
2026-08-10T13:48:35+00:00,102123.96,44042.96,
2026-08-10T13:49:35+00:00,102139.0,44042.96,
2026-08-10T13:50:36+00:00,102156.85,44042.96,
2026-08-10T13:51:36+00:00,102033.49,44042.96,
2026-08-10T13:52:36+00:00,102025.99,44042.96,
2026-08-10T13:53:37+00:00,102043.86,44042.96,
2026-08-10T13:54:37+00:00,102084.5,44042.96,
2026-08-10T13:55:37+00:00,102028.23,44042.96,
2026-08-10T13:56:38+00:00,102031.97,44042.96,
2026-08-10T13:57:38+00:00,102084.86,44042.96,
2026-08-10T13:58:38+00:00,102065.47,44042.96,
2026-08-10T13:59:38+00:00,102042.5,44042.96,
2026-08-10T14:00:39+00:00,102079.19,44042.96,
2026-08-10T14:01:39+00:00,102116.58,44042.96,
2026-08-10T14:02:39+00:00,102122.15,44042.96,
2026-08-10T14:03:39+00:00,102145.22,44042.96,
2026-08-10T14:04:39+00:00,102143.2,44042.96,
2026-08-10T14:05:40+00:00,102125.83,44042.96,
2026-08-10T14:06:40+00:00,102111.02,44042.96,
2026-08-10T14:07:40+00:00,102098.33,44042.96,
2026-08-10T14:08:40+00:00,102088.39,44042.96,
2026-08-10T14:09:41+00:00,102119.49,44042.96,
2026-08-10T14:10:41+00:00,102166.29,44042.96,
2026-08-10T14:11:41+00:00,102145.31,44042.96,
2026-08-10T14:12:41+00:00,102151.91,44042.96,
2026-08-10T14:13:41+00:00,102153.15,44042.96,
2026-08-10T14:14:42+00:00,102092.95,44042.96,
2026-08-10T14:15:42+00:00,102142.54,44042.96,
2026-08-10T14:16:42+00:00,102148.98,44042.96,
2026-08-10T14:17:42+00:00,102154.35,44042.96,
2026-08-10T14:18:43+00:00,102133.67,44042.96,
2026-08-10T14:19:43+00:00,102146.68,44042.96,
2026-08-10T14:20:43+00:00,102142.38,44042.96,
2026-08-10T14:21:43+00:00,102149.08,44042.96,
2026-08-10T14:22:44+00:00,102121.69,44042.96,
2026-08-10T14:23:44+00:00,102089.43,44042.96,
2026-08-10T14:24:44+00:00,102098.21,44042.96,
2026-08-10T14:25:44+00:00,102105.96,44042.96,
2026-08-10T14:26:44+00:00,102108.81,44042.96,
2026-08-10T14:27:45+00:00,102125.88,44042.96,
2026-08-10T14:28:45+00:00,102100.31,44042.96,
2026-08-10T14:29:45+00:00,102098.21,44042.96,
2026-08-10T14:30:45+00:00,102050.76,44042.96,
2026-08-10T14:31:45+00:00,102078.94,44042.96,
2026-08-10T14:32:46+00:00,102068.43,44042.96,
2026-08-10T14:33:47+00:00,102054.52,44042.96,
2026-08-10T14:34:47+00:00,102053.4,44042.96,
2026-08-10T14:35:47+00:00,102068.22,44042.96,
2026-08-10T14:36:47+00:00,102085.61,44042.96,
2026-08-10T14:37:47+00:00,102110.49,44042.96,
2026-08-10T14:38:48+00:00,102091.41,44042.96,
2026-08-10T14:39:48+00:00,102043.03,44042.96,
2026-08-10T14:40:48+00:00,102095.42,44042.96,
2026-08-10T14:41:48+00:00,102119.92,44042.96,
2026-08-10T14:42:49+00:00,102124.62,44042.96,
2026-08-10T14:43:49+00:00,102096.12,44042.96,
2026-08-10T14:44:49+00:00,102088.88,44042.96,
2026-08-10T14:45:49+00:00,102120.31,44042.96,
2026-08-10T14:46:49+00:00,102136.06,44042.96,
2026-08-10T14:47:50+00:00,102163.08,44042.96,
2026-08-10T14:48:50+00:00,102139.25,44042.96,
2026-08-10T14:49:50+00:00,102153.06,44042.96,
2026-08-10T14:50:50+00:00,102134.95,44042.96,
2026-08-10T14:51:50+00:00,102111.8,44042.96,
2026-08-10T14:52:51+00:00,102062.43,44042.96,
2026-08-10T14:53:51+00:00,102051.29,44042.96,
2026-08-10T14:54:51+00:00,102061.78,44042.96,
2026-08-10T14:55:51+00:00,102055.62,44042.96,
2026-08-10T14:56:52+00:00,102089.95,44042.96,
2026-08-10T14:57:52+00:00,102068.35,44042.96,
2026-08-10T14:58:52+00:00,102044.12,44042.96,
2026-08-10T14:59:52+00:00,102047.39,44042.96,
2026-08-10T15:00:52+00:00,102017.72,44042.96,
2026-08-10T15:01:53+00:00,102054.51,44042.96,
2026-08-10T15:02:53+00:00,102049.79,44042.96,
2026-08-10T15:03:53+00:00,102067.27,44042.96,
2026-08-10T15:04:53+00:00,102095.32,44042.96,
2026-08-10T15:05:54+00:00,102108.69,44042.96,
2026-08-10T15:06:54+00:00,102105.11,44042.96,
2026-08-10T15:07:54+00:00,102103.11,44042.96,
2026-08-10T15:08:54+00:00,102137.23,44042.96,
2026-08-10T15:09:54+00:00,102103.23,44042.96,
2026-08-10T15:10:55+00:00,102090.41,44042.96,
2026-08-10T15:11:55+00:00,102105.21,44042.96,
2026-08-10T15:12:55+00:00,102111.81,44042.96,
2026-08-10T15:13:55+00:00,102124.53,44042.96,
2026-08-10T15:14:56+00:00,102117.55,44042.96,
2026-08-10T15:15:56+00:00,102152.67,44042.96,
2026-08-10T15:16:56+00:00,102131.08,44042.96,
2026-08-10T15:17:56+00:00,102131.9,44042.96,
2026-08-10T15:18:56+00:00,102169.87,44042.96,
2026-08-10T15:19:57+00:00,102180.5,44042.96,
2026-08-10T15:20:57+00:00,102191.23,44042.96,
2026-08-10T15:21:57+00:00,102166.44,44042.96,
2026-08-10T15:22:57+00:00,102157.65,44042.96,
2026-08-10T15:23:58+00:00,102178.41,44042.96,
2026-08-10T15:24:58+00:00,102170.63,44042.96,
2026-08-10T15:25:58+00:00,102134.94,44042.96,
2026-08-10T15:26:58+00:00,102119.86,44042.96,
2026-08-10T15:27:58+00:00,102137.29,44042.96,
2026-08-10T15:28:59+00:00,102126.66,44042.96,
2026-08-10T15:29:59+00:00,102117.33,44042.96,
2026-08-10T15:30:59+00:00,102126.43,44042.96,
2026-08-10T15:31:59+00:00,102125.2,44042.96,
2026-08-10T15:33:00+00:00,102122.21,44042.96,
2026-08-10T15:34:00+00:00,102161.41,44042.96,
2026-08-10T15:35:00+00:00,102128.48,44042.96,
2026-08-10T15:36:00+00:00,102108.18,44042.96,
2026-08-10T15:37:01+00:00,102088.07,44042.96,
2026-08-10T15:38:01+00:00,102083.41,44042.96,
2026-08-10T15:39:01+00:00,102079.98,44042.96,
2026-08-10T15:40:01+00:00,102090.24,44042.96,
2026-08-10T15:41:01+00:00,102112.55,44042.96,
2026-08-10T15:42:02+00:00,102089.99,44042.96,
2026-08-10T15:43:02+00:00,102058.06,44042.96,
2026-08-10T15:44:02+00:00,102063.04,44042.96,
2026-08-10T15:45:02+00:00,102067.88,44042.96,
2026-08-10T15:46:03+00:00,102062.74,44042.96,
2026-08-10T15:47:03+00:00,102057.33,44042.96,
2026-08-10T15:48:03+00:00,102080.01,44042.96,
2026-08-10T15:49:03+00:00,102062.76,44042.96,
2026-08-10T15:50:03+00:00,102062.37,44042.96,
2026-08-10T15:51:04+00:00,102077.4,44042.96,
2026-08-10T15:52:04+00:00,102099.69,44042.96,
2026-08-10T15:53:04+00:00,102099.6,44042.96,
2026-08-10T15:54:04+00:00,102101.88,44042.96,
2026-08-10T15:55:05+00:00,102106.05,44042.96,
2026-08-10T15:56:05+00:00,102089.85,44042.96,
2026-08-10T15:57:05+00:00,102093.93,44042.96,
2026-08-10T15:58:05+00:00,102085.37,44042.96,
2026-08-10T15:59:05+00:00,102110.57,44042.96,
2026-08-10T16:00:06+00:00,102109.87,44042.96,
2026-08-10T16:01:06+00:00,102120.7,44042.96,
2026-08-10T16:02:07+00:00,102109.93,44042.96,
2026-08-10T16:03:07+00:00,102101.4,44042.96,
2026-08-10T16:04:07+00:00,102077.32,44042.96,
2026-08-10T16:05:07+00:00,102080.83,44042.96,
2026-08-10T16:06:08+00:00,102104.48,44042.96,
2026-08-10T16:07:08+00:00,102101.1,44042.96,
2026-08-10T16:08:08+00:00,102097.99,44042.96,
2026-08-10T16:09:08+00:00,102098.13,44042.96,
2026-08-10T16:10:09+00:00,102096.63,44042.96,
2026-08-10T16:11:09+00:00,102089.38,44042.96,
2026-08-10T16:12:09+00:00,102070.81,44042.96,
2026-08-10T16:13:09+00:00,102067.16,44042.96,
2026-08-10T16:14:10+00:00,102064.56,44042.96,
2026-08-10T16:15:10+00:00,102051.04,44042.96,
2026-08-10T16:16:11+00:00,102043.13,44042.96,
2026-08-10T16:17:11+00:00,102056.9,44042.96,
2026-08-10T16:18:11+00:00,102054.1,44042.96,
2026-08-10T16:19:11+00:00,102053.37,44042.96,
2026-08-10T16:20:11+00:00,102055.14,44042.96,
2026-08-10T16:21:12+00:00,102035.92,44042.96,
2026-08-10T16:22:12+00:00,102027.47,44042.96,
2026-08-10T16:23:12+00:00,102034.57,44042.96,
2026-08-10T16:24:12+00:00,102044.55,44042.96,
2026-08-10T16:25:13+00:00,102055.87,44042.96,
2026-08-10T16:26:13+00:00,102056.33,44042.96,
2026-08-10T16:27:13+00:00,102035.44,44042.96,
2026-08-10T16:28:13+00:00,102042.89,44042.96,
2026-08-10T16:29:13+00:00,102046.59,44042.96,
2026-08-10T16:30:14+00:00,102064.25,44042.96,
2026-08-10T16:31:14+00:00,102048.68,44042.96,
2026-08-10T16:32:14+00:00,102015.97,44042.96,
2026-08-10T16:33:14+00:00,102017.62,44042.96,
2026-08-10T16:34:14+00:00,102044.71,44042.96,
2026-08-10T16:35:15+00:00,102043.39,44042.96,
2026-08-10T16:36:15+00:00,102048.37,44042.96,
2026-08-10T16:37:15+00:00,102058.96,44042.96,
2026-08-10T16:38:15+00:00,102071.4,44042.96,
2026-08-10T16:39:16+00:00,102056.07,44042.96,
2026-08-10T16:40:16+00:00,102058.48,44042.96,
2026-08-10T16:41:16+00:00,102052.4,44042.96,
2026-08-10T16:42:16+00:00,102051.41,44042.96,
2026-08-10T16:43:16+00:00,102051.31,44042.96,
2026-08-10T16:44:17+00:00,102030.66,44042.96,
2026-08-10T16:45:17+00:00,102029.58,44042.96,
2026-08-10T16:46:17+00:00,102035.85,44042.96,
2026-08-10T16:47:17+00:00,102048.3,44042.96,
2026-08-10T16:48:18+00:00,102064.39,44042.96,
2026-08-10T16:49:18+00:00,102068.14,44042.96,
2026-08-10T16:50:18+00:00,102042.7,44042.96,
2026-08-10T16:51:18+00:00,102036.56,44042.96,
2026-08-10T16:52:18+00:00,102033.75,44042.96,
2026-08-10T16:53:19+00:00,102046.75,44042.96,
2026-08-10T16:54:19+00:00,102052.11,44042.96,
2026-08-10T16:55:19+00:00,102063.07,44042.96,
2026-08-10T16:56:19+00:00,102050.55,44042.96,
2026-08-10T16:57:19+00:00,102069.78,44042.96,
2026-08-10T16:58:20+00:00,102061.98,44042.96,
2026-08-10T16:59:20+00:00,102055.72,44042.96,
2026-08-10T17:00:20+00:00,102060.18,44042.96,
2026-08-10T17:01:20+00:00,102038.05,44042.96,
2026-08-10T17:02:21+00:00,102024.67,44042.96,
2026-08-10T17:03:21+00:00,102029.64,44042.96,
2026-08-10T17:04:21+00:00,102020.26,44042.96,
2026-08-10T17:05:21+00:00,102044.59,44042.96,
2026-08-10T17:06:21+00:00,102043.11,44042.96,
2026-08-10T17:07:22+00:00,102041.9,44042.96,
2026-08-10T17:08:22+00:00,102056.53,44042.96,
2026-08-10T17:09:22+00:00,102066.56,44042.96,
2026-08-10T17:10:22+00:00,102064.68,44042.96,
2026-08-10T17:11:23+00:00,102051.86,44042.96,
2026-08-10T17:12:23+00:00,102028.41,44042.96,
2026-08-10T17:13:23+00:00,102034.36,44042.96,
2026-08-10T17:14:23+00:00,102049.43,44042.96,
2026-08-10T17:15:23+00:00,102057.49,44042.96,
2026-08-10T17:16:24+00:00,102074.49,44042.96,
2026-08-10T17:17:24+00:00,102061.7,44042.96,
2026-08-10T17:18:24+00:00,102059.29,44042.96,
2026-08-10T17:19:24+00:00,102060.88,44042.96,
2026-08-10T17:20:24+00:00,102058.44,44042.96,
2026-08-10T17:21:25+00:00,102029.85,44042.96,
2026-08-10T17:22:25+00:00,102019.09,44042.96,
2026-08-10T17:23:25+00:00,102033.49,44042.96,
2026-08-10T17:24:25+00:00,102026.45,44042.96,
2026-08-10T17:25:26+00:00,102038.21,44042.96,
2026-08-10T17:26:26+00:00,102024.41,44042.96,
2026-08-10T17:27:26+00:00,102038.99,44042.96,
2026-08-10T17:28:26+00:00,102030.76,44042.96,
2026-08-10T17:29:26+00:00,102040.87,44042.96,
2026-08-10T17:30:27+00:00,102022.55,44042.96,
2026-08-10T17:31:27+00:00,102005.98,44042.96,
2026-08-10T17:32:27+00:00,102004.13,44042.96,
2026-08-10T17:33:27+00:00,102004.68,44042.96,
2026-08-10T17:34:27+00:00,102006.91,44042.96,
2026-08-10T17:35:28+00:00,102006.31,44042.96,
2026-08-10T17:36:28+00:00,101998.92,44042.96,
2026-08-10T17:37:28+00:00,101996.63,44042.96,
2026-08-10T17:38:28+00:00,101989.57,44042.96,
2026-08-10T17:39:29+00:00,101986.66,44042.96,
2026-08-10T17:40:29+00:00,101986.85,44042.96,
2026-08-10T17:41:29+00:00,101989.4,44042.96,
2026-08-10T17:42:29+00:00,101999.35,44042.96,
2026-08-10T17:43:29+00:00,101998.36,44042.96,
2026-08-10T17:44:30+00:00,102003.55,44042.96,
2026-08-10T17:45:30+00:00,101987.05,44042.96,
2026-08-10T17:46:30+00:00,101998.59,44042.96,
2026-08-10T17:47:31+00:00,102002.9,44042.96,
2026-08-10T17:48:31+00:00,102002.73,44042.96,
2026-08-10T17:49:32+00:00,102016.21,44042.96,
2026-08-10T17:50:32+00:00,102003.85,44042.96,
2026-08-10T17:51:32+00:00,101970.88,44042.96,
2026-08-10T17:52:32+00:00,101980.78,44042.96,
2026-08-10T17:53:32+00:00,101979.94,44042.96,
2026-08-10T17:54:33+00:00,101972.79,44042.96,
2026-08-10T17:55:33+00:00,101937.2,44042.96,
2026-08-10T17:56:33+00:00,101912.46,44042.96,
2026-08-10T17:57:33+00:00,101896.7,44042.96,
2026-08-10T17:58:33+00:00,101912.86,44042.96,
2026-08-10T17:59:34+00:00,101902.96,44042.96,
2026-08-10T18:00:34+00:00,101917.0,44042.96,
2026-08-10T18:01:34+00:00,101906.08,44042.96,
2026-08-10T18:02:34+00:00,101913.29,44042.96,
2026-08-10T18:03:35+00:00,101905.21,44042.96,
2026-08-10T18:04:36+00:00,101920.37,44042.96,
2026-08-10T18:05:36+00:00,101920.51,44042.96,
2026-08-10T18:06:36+00:00,101908.43,44042.96,
2026-08-10T18:07:36+00:00,101913.39,44042.96,
2026-08-10T18:08:37+00:00,101904.41,44042.96,
2026-08-10T18:09:37+00:00,101897.09,44042.96,
2026-08-10T18:10:37+00:00,101913.49,44042.96,
2026-08-10T18:11:37+00:00,101918.22,44042.96,
2026-08-10T18:12:37+00:00,101915.11,44042.96,
2026-08-10T18:13:38+00:00,101908.92,44042.96,
2026-08-10T18:14:38+00:00,101899.76,44042.96,
2026-08-10T18:15:38+00:00,101891.43,44042.96,
2026-08-10T18:16:38+00:00,101902.14,44042.96,
2026-08-10T18:17:38+00:00,101891.62,44042.96,
2026-08-10T18:18:39+00:00,101901.99,44042.96,
2026-08-10T18:19:39+00:00,101890.12,44042.96,
2026-08-10T18:20:39+00:00,101884.0,44042.96,
2026-08-10T18:21:39+00:00,101895.13,44042.96,
2026-08-10T18:22:40+00:00,101900.03,44042.96,
2026-08-10T18:23:40+00:00,101890.26,44042.96,
2026-08-10T18:24:40+00:00,101900.35,44042.96,
2026-08-10T18:25:40+00:00,101907.34,44042.96,
2026-08-10T18:26:40+00:00,101901.01,44042.96,
2026-08-10T18:27:41+00:00,101909.35,44042.96,
2026-08-10T18:28:41+00:00,101920.93,44042.96,
2026-08-10T18:29:41+00:00,101920.06,44042.96,
2026-08-10T18:30:41+00:00,101907.96,44042.96,
2026-08-10T18:31:42+00:00,101903.03,44042.96,
2026-08-10T18:32:42+00:00,101916.09,44042.96,
2026-08-10T18:33:42+00:00,101899.76,44042.96,
2026-08-10T18:34:42+00:00,101892.48,44042.96,
2026-08-10T18:35:43+00:00,101900.1,44042.96,
2026-08-10T18:36:43+00:00,101876.59,44042.96,
2026-08-10T18:37:43+00:00,101864.4,44042.96,
2026-08-10T18:38:43+00:00,101874.49,44042.96,
2026-08-10T18:39:43+00:00,101879.49,44042.96,
2026-08-10T18:40:44+00:00,101881.5,44042.96,
2026-08-10T18:41:44+00:00,101880.28,44042.96,
2026-08-10T18:42:44+00:00,101892.85,44042.96,
2026-08-10T18:43:44+00:00,101881.68,44042.96,
2026-08-10T18:44:44+00:00,101871.18,44042.96,
2026-08-10T18:45:45+00:00,101871.02,44042.96,
2026-08-10T18:46:45+00:00,101867.73,44042.96,
2026-08-10T18:47:45+00:00,101867.48,44042.96,
2026-08-10T18:48:45+00:00,101892.69,44042.96,
2026-08-10T18:49:46+00:00,101872.6,44042.96,
2026-08-10T18:50:46+00:00,101881.98,44042.96,
2026-08-10T18:51:46+00:00,101885.92,44042.96,
2026-08-10T18:52:46+00:00,101893.79,44042.96,
2026-08-10T18:53:46+00:00,101896.98,44042.96,
2026-08-10T18:54:47+00:00,101880.12,44042.96,
2026-08-10T18:55:48+00:00,101868.35,44042.96,
2026-08-10T18:56:48+00:00,101871.7,44042.96,
2026-08-10T18:57:48+00:00,101883.52,44042.96,
2026-08-10T18:58:48+00:00,101884.4,44042.96,
2026-08-10T18:59:48+00:00,101864.35,44042.96,
2026-08-10T19:00:49+00:00,101858.03,44042.96,
2026-08-10T19:01:49+00:00,101847.52,44042.96,
2026-08-10T19:02:49+00:00,101843.17,44042.96,
2026-08-10T19:03:49+00:00,101833.91,44042.96,
2026-08-10T19:04:50+00:00,101854.59,44042.96,
2026-08-10T19:05:50+00:00,101858.54,44042.96,
2026-08-10T19:06:50+00:00,101869.67,44042.96,
2026-08-10T19:07:50+00:00,101853.69,44042.96,
2026-08-10T19:08:50+00:00,101860.42,44042.96,
2026-08-10T19:09:51+00:00,101859.95,44042.96,
2026-08-10T19:10:51+00:00,101856.39,44042.96,
2026-08-10T19:11:51+00:00,101862.53,44042.96,
2026-08-10T19:12:51+00:00,101885.79,44042.96,
2026-08-10T19:13:51+00:00,101888.54,44042.96,
2026-08-10T19:14:52+00:00,101877.96,44042.96,
2026-08-10T19:15:52+00:00,101870.46,44042.96,
2026-08-10T19:16:52+00:00,101871.11,44042.96,
2026-08-10T19:17:52+00:00,101857.25,44042.96,
2026-08-10T19:18:53+00:00,101854.27,44042.96,
2026-08-10T19:19:53+00:00,101852.1,44042.96,
2026-08-10T19:20:53+00:00,101849.05,44042.96,
2026-08-10T19:21:53+00:00,101834.44,44042.96,
2026-08-10T19:22:53+00:00,101839.59,44042.96,
2026-08-10T19:23:54+00:00,101820.66,44042.96,
2026-08-10T19:24:54+00:00,101830.59,44042.96,
2026-08-10T19:25:54+00:00,101829.27,44042.96,
2026-08-10T19:26:54+00:00,101813.64,44042.96,
2026-08-10T19:27:55+00:00,101817.18,44042.96,
2026-08-10T19:28:55+00:00,101822.55,44042.96,
2026-08-10T19:29:55+00:00,101800.26,44042.96,
2026-08-10T19:30:55+00:00,101801.84,44042.96,
2026-08-10T19:31:55+00:00,101793.55,44042.96,
2026-08-10T19:32:56+00:00,101793.98,44042.96,
2026-08-10T19:33:56+00:00,101791.56,44042.96,
2026-08-10T19:34:56+00:00,101788.95,44042.96,
2026-08-10T19:35:56+00:00,101774.74,44042.96,
2026-08-10T19:36:57+00:00,101779.82,44042.96,
2026-08-10T19:37:57+00:00,101806.56,44042.96,
2026-08-10T19:38:57+00:00,101800.71,44042.96,
2026-08-10T19:39:57+00:00,101785.15,44042.96,
2026-08-10T19:40:57+00:00,101778.47,44042.96,
2026-08-10T19:41:58+00:00,101784.9,44042.96,
2026-08-10T19:42:58+00:00,101793.22,44042.96,
2026-08-10T19:43:58+00:00,101805.61,44042.96,
2026-08-10T19:44:58+00:00,101790.12,44042.96,
2026-08-10T19:45:59+00:00,101768.64,44042.96,
2026-08-10T19:46:59+00:00,101755.63,44042.96,
2026-08-10T19:48:00+00:00,101771.18,44042.96,
2026-08-10T19:49:00+00:00,101772.67,44042.96,
2026-08-10T19:50:00+00:00,101772.07,44042.96,
2026-08-10T19:51:00+00:00,101748.39,44042.96,
2026-08-10T19:52:01+00:00,101723.38,44042.96,
2026-08-10T19:53:01+00:00,101712.1,44042.96,
2026-08-10T19:54:02+00:00,101703.91,44042.96,
2026-08-10T19:55:02+00:00,101713.77,44042.96,
2026-08-10T19:56:02+00:00,101667.98,44042.96,
2026-08-10T19:57:02+00:00,101651.01,44042.96,
2026-08-10T19:58:03+00:00,101652.37,44042.96,
2026-08-10T19:59:03+00:00,101713.26,44042.96,
2026-08-10T20:00:03+00:00,101753.93,44042.96,
2026-08-10T20:01:03+00:00,101762.24,44042.96,
2026-08-10T20:02:03+00:00,101779.09,44042.96,
2026-08-10T20:03:04+00:00,101781.93,44042.96,
2026-08-10T20:04:04+00:00,101783.35,44042.96,
2026-08-10T20:05:04+00:00,101768.47,44042.96,
2026-08-10T20:06:04+00:00,101764.79,44042.96,
2026-08-10T20:07:05+00:00,101765.37,44042.96,
2026-08-10T20:08:05+00:00,101780.67,44042.96,
2026-08-10T20:09:05+00:00,101778.45,44042.96,
2026-08-10T20:10:05+00:00,101776.76,44042.96,
2026-08-10T20:11:05+00:00,101785.85,44042.96,
2026-08-10T20:12:06+00:00,101785.78,44042.96,
2026-08-10T20:13:06+00:00,101777.44,44042.96,
2026-08-10T20:14:06+00:00,101777.72,44042.96,
2026-08-10T20:15:06+00:00,101779.67,44042.96,
2026-08-10T20:16:07+00:00,101771.36,44042.96,
2026-08-10T20:17:07+00:00,101771.71,44042.96,
2026-08-10T20:18:08+00:00,101777.12,44042.96,
2026-08-10T20:19:08+00:00,101781.87,44042.96,
2026-08-10T20:20:08+00:00,101778.89,44042.96,
2026-08-10T20:21:08+00:00,101780.33,44042.96,
2026-08-10T20:22:08+00:00,101785.12,44042.96,
2026-08-10T20:23:09+00:00,101783.35,44042.96,
2026-08-10T20:24:09+00:00,101780.68,44042.96,
2026-08-10T20:25:09+00:00,101782.07,44042.96,
2026-08-10T20:26:09+00:00,101782.81,44042.96,
2026-08-10T20:27:10+00:00,101775.7,44042.96,
2026-08-10T20:28:10+00:00,101780.82,44042.96,
2026-08-10T20:29:10+00:00,101782.0,44042.96,
2026-08-10T20:30:10+00:00,101781.62,44042.96,
2026-08-10T20:31:10+00:00,101781.69,44042.96,
2026-08-10T20:32:11+00:00,101773.59,44042.96,
2026-08-10T20:33:11+00:00,101788.04,44042.96,
2026-08-10T20:34:11+00:00,101784.88,44042.96,
2026-08-10T20:35:11+00:00,101784.88,44042.96,
2026-08-10T20:36:12+00:00,101792.14,44042.96,
2026-08-10T20:37:12+00:00,101797.12,44042.96,
2026-08-10T20:38:12+00:00,101799.06,44042.96,
2026-08-10T20:39:12+00:00,101797.0,44042.96,
2026-08-10T20:40:12+00:00,101793.92,44042.96,
2026-08-10T20:41:13+00:00,101792.0,44042.96,
2026-08-10T20:42:13+00:00,101792.09,44042.96,
2026-08-10T20:43:13+00:00,101791.88,44042.96,
2026-08-10T20:44:13+00:00,101790.1,44042.96,
2026-08-10T20:45:14+00:00,101790.78,44042.96,
2026-08-10T20:46:14+00:00,101791.62,44042.96,
2026-08-10T20:47:14+00:00,101791.14,44042.96,
2026-08-10T20:48:14+00:00,101800.78,44042.96,
2026-08-10T20:49:14+00:00,101804.5,44042.96,
2026-08-10T20:50:15+00:00,101800.04,44042.96,
2026-08-10T20:51:15+00:00,101807.91,44042.96,
2026-08-10T20:52:15+00:00,101821.66,44042.96,
2026-08-10T20:53:15+00:00,101813.09,44042.96,
2026-08-10T20:54:15+00:00,101807.28,44042.96,
2026-08-10T20:55:16+00:00,101798.68,44042.96,
2026-08-10T20:56:16+00:00,101799.41,44042.96,
2026-08-10T20:57:16+00:00,101798.28,44042.96,
2026-08-10T20:58:16+00:00,101793.7,44042.96,
2026-08-10T20:59:17+00:00,101793.25,44042.96,
2026-08-10T21:00:17+00:00,101786.6,44042.96,
2026-08-10T21:01:18+00:00,101786.71,44042.96,
2026-08-10T21:02:18+00:00,101785.31,44042.96,
2026-08-10T21:03:18+00:00,101786.57,44042.96,
2026-08-10T21:04:18+00:00,101786.51,44042.96,
2026-08-10T21:05:18+00:00,101796.25,44042.96,
2026-08-10T21:06:19+00:00,101814.3,44042.96,
2026-08-10T21:07:19+00:00,101809.95,44042.96,
2026-08-10T21:08:19+00:00,101810.59,44042.96,
2026-08-10T21:09:19+00:00,101810.59,44042.96,
2026-08-10T21:10:20+00:00,101810.25,44042.96,
2026-08-10T21:11:20+00:00,101810.68,44042.96,
2026-08-10T21:12:20+00:00,101817.18,44042.96,
2026-08-10T21:13:20+00:00,101817.53,44042.96,
2026-08-10T21:14:20+00:00,101820.48,44042.96,
2026-08-10T21:15:21+00:00,101818.21,44042.96,
2026-08-10T21:16:21+00:00,101818.21,44042.96,
2026-08-10T21:17:22+00:00,101815.7,44042.96,
2026-08-10T21:18:22+00:00,101816.64,44042.96,
2026-08-10T21:19:22+00:00,101813.64,44042.96,
2026-08-10T21:20:22+00:00,101811.75,44042.96,
2026-08-10T21:21:23+00:00,101811.75,44042.96,
2026-08-10T21:22:23+00:00,101806.35,44042.96,
2026-08-10T21:23:23+00:00,101808.76,44042.96,
2026-08-10T21:24:23+00:00,101806.09,44042.96,
2026-08-10T21:25:24+00:00,101799.28,44042.96,
2026-08-10T21:26:24+00:00,101805.64,44042.96,
2026-08-10T21:27:24+00:00,101806.62,44042.96,
2026-08-10T21:28:24+00:00,101806.86,44042.96,
2026-08-10T21:29:24+00:00,101797.85,44042.96,
2026-08-10T21:30:25+00:00,101797.86,44042.96,
2026-08-10T21:31:25+00:00,101798.43,44042.96,
2026-08-10T21:32:25+00:00,101798.26,44042.96,
2026-08-10T21:33:25+00:00,101802.5,44042.96,
2026-08-10T21:34:25+00:00,101802.5,44042.96,
2026-08-10T21:35:26+00:00,101803.92,44042.96,
2026-08-10T21:36:26+00:00,101803.27,44042.96,
2026-08-10T21:37:26+00:00,101800.73,44042.96,
2026-08-10T21:38:26+00:00,101799.8,44042.96,
2026-08-10T21:39:27+00:00,101800.17,44042.96,
2026-08-10T21:40:27+00:00,101803.09,44042.96,
2026-08-10T21:41:27+00:00,101800.23,44042.96,
2026-08-10T21:42:27+00:00,101797.82,44042.96,
2026-08-10T21:43:27+00:00,101796.05,44042.96,
2026-08-10T21:44:28+00:00,101797.45,44042.96,
2026-08-10T21:45:28+00:00,101795.33,44042.96,
2026-08-10T21:46:28+00:00,101791.87,44042.96,
2026-08-10T21:47:28+00:00,101793.03,44042.96,
2026-08-10T21:48:29+00:00,101792.86,44042.96,
2026-08-10T21:49:29+00:00,101794.11,44042.96,
2026-08-10T21:50:29+00:00,101794.11,44042.96,
2026-08-10T21:51:30+00:00,101793.07,44042.96,
2026-08-10T21:52:30+00:00,101793.07,44042.96,
2026-08-10T21:53:30+00:00,101795.17,44042.96,
2026-08-10T21:54:31+00:00,101792.97,44042.96,
2026-08-10T21:55:31+00:00,101784.76,44042.96,
2026-08-10T21:56:31+00:00,101784.47,44042.96,
2026-08-10T21:57:31+00:00,101785.69,44042.96,
2026-08-10T21:58:31+00:00,101785.44,44042.96,
2026-08-10T21:59:32+00:00,101784.78,44042.96,
2026-08-10T22:00:32+00:00,101795.21,44042.96,
2026-08-10T22:01:32+00:00,101792.3,44042.96,
2026-08-10T22:02:32+00:00,101792.24,44042.96,
2026-08-10T22:03:32+00:00,101792.66,44042.96,
2026-08-10T22:04:33+00:00,101792.31,44042.96,
2026-08-10T22:05:33+00:00,101792.31,44042.96,
2026-08-10T22:06:33+00:00,101799.03,44042.96,
2026-08-10T22:07:33+00:00,101797.03,44042.96,
2026-08-10T22:08:34+00:00,101797.38,44042.96,
2026-08-10T22:09:34+00:00,101761.61,44042.96,
2026-08-10T22:10:34+00:00,101761.96,44042.96,
2026-08-10T22:11:34+00:00,101756.64,44042.96,
2026-08-10T22:12:34+00:00,101757.09,44042.96,
2026-08-10T22:13:35+00:00,101757.09,44042.96,
2026-08-10T22:14:35+00:00,101761.99,44042.96,
2026-08-10T22:15:35+00:00,101761.67,44042.96,
2026-08-10T22:16:35+00:00,101759.64,44042.96,
2026-08-10T22:17:36+00:00,101759.16,44042.96,
2026-08-10T22:18:36+00:00,101759.0,44042.96,
2026-08-10T22:19:36+00:00,101762.95,44042.96,
2026-08-10T22:20:36+00:00,101762.95,44042.96,
2026-08-10T22:21:36+00:00,101757.46,44042.96,
2026-08-10T22:22:37+00:00,101756.41,44042.96,
2026-08-10T22:23:37+00:00,101751.44,44042.96,
2026-08-10T22:24:37+00:00,101750.6,44042.96,
2026-08-10T22:25:37+00:00,101751.4,44042.96,
2026-08-10T22:26:38+00:00,101766.17,44042.96,
2026-08-10T22:27:38+00:00,101766.17,44042.96,
2026-08-10T22:28:38+00:00,101764.77,44042.96,
2026-08-10T22:29:38+00:00,101762.62,44042.96,
2026-08-10T22:30:38+00:00,101769.9,44042.96,
2026-08-10T22:31:39+00:00,101772.82,44042.96,
2026-08-10T22:32:39+00:00,101763.71,44042.96,
2026-08-10T22:33:39+00:00,101755.86,44042.96,
2026-08-10T22:34:39+00:00,101753.78,44042.96,
2026-08-10T22:35:39+00:00,101752.31,44042.96,
2026-08-10T22:36:40+00:00,101751.76,44042.96,
2026-08-10T22:37:40+00:00,101755.41,44042.96,
2026-08-10T22:38:40+00:00,101754.43,44042.96,
2026-08-10T22:39:40+00:00,101754.43,44042.96,
2026-08-10T22:40:41+00:00,101752.19,44042.96,
2026-08-10T22:41:41+00:00,101754.14,44042.96,
2026-08-10T22:42:41+00:00,101754.14,44042.96,
2026-08-10T22:43:41+00:00,101755.89,44042.96,
2026-08-10T22:44:41+00:00,101760.36,44042.96,
2026-08-10T22:45:42+00:00,101756.32,44042.96,
2026-08-10T22:46:42+00:00,101759.2,44042.96,
2026-08-10T22:47:42+00:00,101757.91,44042.96,
2026-08-10T22:48:42+00:00,101771.52,44042.96,
2026-08-10T22:49:43+00:00,101770.34,44042.96,
2026-08-10T22:50:43+00:00,101770.81,44042.96,
2026-08-10T22:51:43+00:00,101766.56,44042.96,
2026-08-10T22:52:43+00:00,101773.35,44042.96,
2026-08-10T22:53:43+00:00,101775.8,44042.96,
2026-08-10T22:54:44+00:00,101775.8,44042.96,
2026-08-10T22:55:44+00:00,101773.42,44042.96,
2026-08-10T22:56:44+00:00,101773.84,44042.96,
2026-08-10T22:57:44+00:00,101773.46,44042.96,
2026-08-10T22:58:44+00:00,101773.9,44042.96,
2026-08-10T22:59:45+00:00,101774.62,44042.96,
2026-08-10T23:00:45+00:00,101759.3,44042.96,
2026-08-10T23:01:45+00:00,101757.33,44042.96,
2026-08-10T23:02:45+00:00,101749.19,44042.96,
2026-08-10T23:03:46+00:00,101749.19,44042.96,
2026-08-10T23:04:46+00:00,101747.11,44042.96,
2026-08-10T23:05:46+00:00,101745.83,44042.96,
2026-08-10T23:06:46+00:00,101745.87,44042.96,
2026-08-10T23:07:46+00:00,101745.83,44042.96,
2026-08-11T11:53:34+00:00,101530.55,44042.95,
2026-08-11T11:54:34+00:00,101531.06,44042.95,
2026-08-11T11:55:35+00:00,101535.1,44042.95,
2026-08-11T11:56:35+00:00,101535.26,44042.95,
2026-08-11T11:57:35+00:00,101535.85,44042.95,
2026-08-11T11:58:35+00:00,101539.22,44042.95,
2026-08-11T11:59:36+00:00,101539.08,44042.95,
2026-08-11T12:00:36+00:00,101537.42,44042.95,
2026-08-11T12:01:36+00:00,101534.0,44042.95,
2026-08-11T12:02:36+00:00,101522.61,44042.95,
2026-08-11T12:03:37+00:00,101529.96,44042.95,
2026-08-11T12:04:37+00:00,101529.95,44042.95,
2026-08-11T12:05:37+00:00,101532.63,44042.95,
2026-08-11T12:06:38+00:00,101529.18,44042.95,
2026-08-11T12:07:38+00:00,101572.79,44042.95,
2026-08-11T12:08:38+00:00,101573.49,44042.95,
2026-08-11T12:09:38+00:00,101581.88,44042.95,
2026-08-11T12:10:39+00:00,101586.91,44042.95,
2026-08-11T12:11:39+00:00,101588.87,44042.95,
2026-08-11T12:12:39+00:00,101582.14,44042.95,
2026-08-11T12:13:39+00:00,101583.46,44042.95,
2026-08-11T12:14:39+00:00,101582.51,44042.95,
2026-08-11T12:15:40+00:00,101591.2,44042.95,
2026-08-11T12:16:40+00:00,101602.13,44042.95,
2026-08-11T12:17:40+00:00,101597.06,44042.95,
2026-08-11T12:18:41+00:00,101603.36,44042.95,
2026-08-11T12:19:41+00:00,101601.82,44042.95,
2026-08-11T12:20:41+00:00,101605.42,44042.95,
2026-08-11T12:21:42+00:00,101608.77,44042.95,
2026-08-11T12:22:42+00:00,101584.28,44042.95,
2026-08-11T12:23:42+00:00,101594.67,44042.95,
2026-08-11T12:24:42+00:00,101586.36,44042.95,
2026-08-11T12:25:42+00:00,101586.6,44042.95,
2026-08-11T12:26:43+00:00,101590.47,44042.95,
2026-08-11T12:27:43+00:00,101586.34,44042.95,
2026-08-11T12:28:43+00:00,101587.04,44042.95,
2026-08-11T12:29:43+00:00,101596.67,44042.95,
2026-08-11T12:30:44+00:00,101575.47,44042.95,
2026-08-11T12:31:44+00:00,101573.85,44042.95,
2026-08-11T12:32:44+00:00,101579.24,44042.95,
2026-08-11T12:33:44+00:00,101582.14,44042.95,
2026-08-11T12:34:44+00:00,101581.92,44042.95,
2026-08-11T12:35:45+00:00,101585.09,44042.95,
2026-08-11T12:36:45+00:00,101579.53,44042.95,
2026-08-11T12:37:45+00:00,101591.51,44042.95,
2026-08-11T12:38:45+00:00,101584.21,44042.95,
2026-08-11T12:39:46+00:00,101579.61,44042.95,
2026-08-11T12:40:46+00:00,101551.75,44042.95,
2026-08-11T12:41:46+00:00,101552.03,44042.95,
2026-08-11T12:42:46+00:00,101553.98,44042.95,
2026-08-11T12:43:46+00:00,101548.82,44042.95,
2026-08-11T12:44:47+00:00,101552.34,44042.95,
2026-08-11T12:45:47+00:00,101561.53,44042.95,
2026-08-11T12:46:47+00:00,101562.44,44042.95,
2026-08-11T12:47:47+00:00,101573.11,44042.95,
2026-08-11T12:48:48+00:00,101579.13,44042.95,
2026-08-11T12:49:48+00:00,101583.09,44042.95,
2026-08-11T12:50:48+00:00,101593.31,44042.95,
2026-08-11T12:51:48+00:00,101589.4,44042.95,
2026-08-11T12:52:48+00:00,101587.46,44042.95,
2026-08-11T12:53:49+00:00,101611.83,44042.95,
2026-08-11T12:54:49+00:00,101611.71,44042.95,
2026-08-11T12:55:49+00:00,101611.71,44042.95,
2026-08-11T12:56:49+00:00,101612.25,44042.95,
2026-08-11T12:57:50+00:00,101602.99,44042.95,
2026-08-11T12:58:50+00:00,101607.87,44042.95,
2026-08-11T12:59:50+00:00,101602.68,44042.95,
2026-08-11T13:00:50+00:00,101607.24,44042.95,
2026-08-11T13:01:50+00:00,101613.95,44042.95,
2026-08-11T13:02:51+00:00,101619.59,44042.95,
2026-08-11T13:03:51+00:00,101618.56,44042.95,
2026-08-11T13:04:51+00:00,101607.82,44042.95,
2026-08-11T13:05:51+00:00,101609.36,44042.95,
2026-08-11T13:06:51+00:00,101610.03,44042.95,
2026-08-11T13:07:52+00:00,101610.93,44042.95,
2026-08-11T13:08:52+00:00,101639.72,44042.95,
2026-08-11T13:09:52+00:00,101631.43,44042.95,
2026-08-11T13:10:52+00:00,101640.72,44042.95,
2026-08-11T13:11:53+00:00,101643.52,44042.95,
2026-08-11T13:12:53+00:00,101641.08,44042.95,
2026-08-11T13:13:53+00:00,101634.2,44042.95,
2026-08-11T13:14:53+00:00,101633.89,44042.95,
2026-08-11T13:15:53+00:00,101626.89,44042.95,
2026-08-11T13:16:54+00:00,101635.14,44042.95,
2026-08-11T13:17:54+00:00,101641.09,44042.95,
2026-08-11T13:18:54+00:00,101642.01,44042.95,
2026-08-11T13:19:54+00:00,101642.87,44042.95,
2026-08-11T13:20:55+00:00,101599.03,44042.95,
2026-08-11T13:21:55+00:00,101601.61,44042.95,
2026-08-11T13:22:55+00:00,101605.04,44042.95,
2026-08-11T13:23:55+00:00,101597.49,44042.95,
2026-08-11T13:24:55+00:00,101599.68,44042.95,
2026-08-11T13:25:56+00:00,101625.1,44042.95,
2026-08-11T13:26:56+00:00,101624.42,44042.95,
2026-08-11T13:27:56+00:00,101651.46,44042.95,
2026-08-11T13:28:56+00:00,101591.05,44042.95,
2026-08-11T13:29:57+00:00,101571.65,44042.95,
2026-08-11T13:30:57+00:00,101657.29,44042.95,
2026-08-11T13:31:57+00:00,101539.04,44089.29,
2026-08-11T13:32:57+00:00,101437.45,44227.77,
2026-08-11T13:33:57+00:00,101411.93,44410.93,
2026-08-11T13:34:58+00:00,101441.45,44410.93,
2026-08-11T13:35:58+00:00,101429.81,44410.93,
2026-08-11T13:36:58+00:00,101490.71,44410.93,
2026-08-11T13:37:58+00:00,101547.89,44410.93,
2026-08-11T13:38:59+00:00,101517.27,44410.93,
2026-08-11T13:39:59+00:00,101479.75,44410.93,
2026-08-11T13:41:00+00:00,101426.38,44410.93,
2026-08-11T13:42:00+00:00,101466.68,44410.93,
2026-08-11T13:43:00+00:00,101515.02,44410.93,
2026-08-11T13:44:00+00:00,101573.53,44410.93,
2026-08-11T13:45:01+00:00,101554.44,44410.93,
2026-08-11T13:46:01+00:00,101525.86,44410.93,
2026-08-11T13:47:01+00:00,101543.35,44410.93,
2026-08-11T13:48:01+00:00,101556.32,44410.93,
2026-08-11T13:49:02+00:00,101549.41,44410.93,
2026-08-11T13:50:02+00:00,101549.67,44410.93,
2026-08-11T13:51:02+00:00,101599.82,44410.93,
2026-08-11T13:52:02+00:00,101600.39,44410.93,
2026-08-11T13:53:02+00:00,101602.56,44410.93,
2026-08-11T13:54:03+00:00,101625.79,44410.93,
2026-08-11T13:55:03+00:00,101626.28,44410.93,
2026-08-11T13:56:03+00:00,101578.55,44410.93,
2026-08-11T13:57:03+00:00,101594.67,44410.93,
2026-08-11T13:58:04+00:00,101578.31,44410.93,
2026-08-11T13:59:04+00:00,101537.7,44410.93,
2026-08-11T14:00:04+00:00,101531.02,44410.93,
2026-08-11T14:01:04+00:00,101559.28,44410.93,
2026-08-11T14:02:05+00:00,101551.88,44410.93,
2026-08-11T14:03:05+00:00,101509.94,44410.93,
2026-08-11T14:04:06+00:00,101490.09,44410.93,
2026-08-11T14:05:06+00:00,101439.27,44410.93,
2026-08-11T14:06:06+00:00,101452.16,44410.93,
2026-08-11T14:07:06+00:00,101404.39,44410.93,
2026-08-11T14:08:07+00:00,101372.14,44410.93,
2026-08-11T14:09:07+00:00,101382.72,44410.93,
2026-08-11T14:10:07+00:00,101407.34,44410.93,
2026-08-11T14:11:07+00:00,101396.06,44410.93,
2026-08-11T14:12:07+00:00,101365.86,44410.93,
2026-08-11T14:13:08+00:00,101387.97,44410.93,
2026-08-11T14:14:08+00:00,101437.45,44410.93,
2026-08-11T14:15:08+00:00,101381.99,44410.93,
2026-08-11T14:16:08+00:00,101441.02,44410.93,
2026-08-11T14:17:09+00:00,101425.42,44410.93,
2026-08-11T14:18:09+00:00,101396.75,44410.93,
2026-08-11T14:19:09+00:00,101394.63,44410.93,
2026-08-11T14:20:09+00:00,101394.28,44410.93,
2026-08-11T14:21:09+00:00,101381.11,44410.93,
2026-08-11T14:22:10+00:00,101383.79,44410.93,
2026-08-11T14:23:10+00:00,101361.94,44410.93,
2026-08-11T14:24:11+00:00,101391.77,44410.93,
2026-08-11T14:25:11+00:00,101404.84,44410.93,
2026-08-11T14:26:11+00:00,101444.23,44410.93,
2026-08-11T14:27:11+00:00,101457.68,44410.93,
2026-08-11T14:28:12+00:00,101426.07,44410.93,
2026-08-11T14:29:12+00:00,101432.99,44410.93,
2026-08-11T14:30:12+00:00,101412.65,44410.93,
2026-08-11T14:31:12+00:00,101378.65,44410.93,
2026-08-11T14:32:12+00:00,101342.92,44410.93,
2026-08-11T14:33:13+00:00,101366.65,44410.93,
2026-08-11T14:34:13+00:00,101380.02,44410.93,
2026-08-11T14:35:13+00:00,101368.68,44410.93,
2026-08-11T14:36:13+00:00,101410.17,44410.93,
2026-08-11T14:37:14+00:00,101393.58,44410.93,
2026-08-11T14:38:14+00:00,101360.93,44410.93,
2026-08-11T14:39:14+00:00,101374.65,44410.93,
2026-08-11T14:40:14+00:00,101355.46,44410.93,
2026-08-11T14:41:15+00:00,101376.34,44410.93,
2026-08-11T14:42:15+00:00,101354.17,44410.93,
2026-08-11T14:43:15+00:00,101326.69,44410.93,
2026-08-11T14:44:15+00:00,101324.39,44410.93,
2026-08-11T14:45:15+00:00,101339.51,44410.93,
2026-08-11T14:46:16+00:00,101349.36,44410.93,
2026-08-11T14:47:16+00:00,101365.8,44410.93,
2026-08-11T14:48:16+00:00,101406.95,44410.93,
2026-08-11T14:49:16+00:00,101417.42,44410.93,
2026-08-11T14:50:17+00:00,101432.03,44410.93,
2026-08-11T14:51:17+00:00,101405.82,44410.93,
2026-08-11T14:52:17+00:00,101418.7,44410.93,
2026-08-11T14:53:17+00:00,101428.55,44410.93,
2026-08-11T14:54:17+00:00,101401.02,44410.93,
2026-08-11T14:55:18+00:00,101439.5,44410.93,
2026-08-11T14:56:18+00:00,101416.33,44410.93,
2026-08-11T14:57:18+00:00,101415.4,44410.93,
2026-08-11T14:58:18+00:00,101434.55,44410.93,
2026-08-11T14:59:19+00:00,101424.72,44410.93,
2026-08-11T15:00:19+00:00,101414.85,44410.93,
2026-08-11T15:01:19+00:00,101426.37,44410.93,
2026-08-11T15:02:19+00:00,101427.72,44410.93,
2026-08-11T15:03:19+00:00,101438.97,44410.93,
2026-08-11T15:04:20+00:00,101434.12,44410.93,
2026-08-11T15:05:20+00:00,101449.27,44410.93,
2026-08-11T15:06:20+00:00,101431.2,44410.93,
2026-08-11T15:07:20+00:00,101428.59,44410.93,
2026-08-11T15:08:21+00:00,101445.4,44410.93,
2026-08-11T15:09:21+00:00,101431.78,44410.93,
2026-08-11T15:10:21+00:00,101413.72,44410.93,
2026-08-11T15:11:21+00:00,101402.51,44410.93,
2026-08-11T15:12:21+00:00,101434.22,44410.93,
2026-08-11T15:13:22+00:00,101456.35,44410.93,
2026-08-11T15:14:23+00:00,101478.08,44410.93,
2026-08-11T15:15:23+00:00,101480.32,44410.93,
2026-08-11T15:16:23+00:00,101469.68,44410.93,
2026-08-11T15:17:23+00:00,101466.76,44410.93,
2026-08-11T15:18:23+00:00,101456.74,44410.93,
2026-08-11T15:19:24+00:00,101434.37,44410.93,
2026-08-11T15:20:24+00:00,101412.94,44410.93,
2026-08-11T15:21:24+00:00,101428.86,44410.93,
2026-08-11T15:22:24+00:00,101446.2,44410.93,
2026-08-11T15:23:25+00:00,101433.42,44410.93,
2026-08-11T15:24:25+00:00,101418.21,44410.93,
2026-08-11T15:25:25+00:00,101423.48,44410.93,
2026-08-11T15:26:25+00:00,101423.87,44410.93,
2026-08-11T15:27:26+00:00,101411.37,44410.93,
2026-08-11T15:28:26+00:00,101409.22,44410.93,
2026-08-11T15:29:26+00:00,101411.93,44410.93,
2026-08-11T15:30:26+00:00,101424.35,44410.93,
2026-08-11T15:31:26+00:00,101407.31,44410.93,
2026-08-11T15:32:27+00:00,101413.69,44410.93,
2026-08-11T15:33:27+00:00,101426.21,44410.93,
2026-08-11T15:34:27+00:00,101413.89,44410.93,
2026-08-11T15:35:27+00:00,101404.51,44410.93,
2026-08-11T15:36:28+00:00,101401.08,44410.93,
2026-08-11T15:37:28+00:00,101417.82,44410.93,
2026-08-11T15:38:28+00:00,101392.07,44410.93,
2026-08-11T15:39:28+00:00,101387.88,44410.93,
2026-08-11T15:40:28+00:00,101385.63,44410.93,
2026-08-11T15:41:29+00:00,101417.94,44410.93,
2026-08-11T15:42:29+00:00,101408.84,44410.93,
2026-08-11T15:43:29+00:00,101417.24,44410.93,
2026-08-11T15:44:29+00:00,101408.37,44410.93,
2026-08-11T15:45:30+00:00,101406.37,44410.93,
2026-08-11T15:46:30+00:00,101395.78,44410.93,
2026-08-11T15:47:30+00:00,101391.26,44410.93,
2026-08-11T15:48:30+00:00,101377.2,44410.93,
2026-08-11T15:49:30+00:00,101389.79,44410.93,
2026-08-11T15:50:31+00:00,101395.5,44410.93,
2026-08-11T15:51:31+00:00,101388.16,44410.93,
2026-08-11T15:52:31+00:00,101380.95,44410.93,
2026-08-11T15:53:31+00:00,101372.83,44410.93,
2026-08-11T15:54:32+00:00,101349.45,44410.93,
2026-08-11T15:55:32+00:00,101367.28,44410.93,
2026-08-11T15:56:32+00:00,101361.17,44410.93,
2026-08-11T15:57:32+00:00,101372.09,44410.93,
2026-08-11T15:58:32+00:00,101368.85,44410.93,
2026-08-11T15:59:33+00:00,101367.21,44410.93,
2026-08-11T16:00:33+00:00,101359.33,44410.93,
2026-08-11T16:01:33+00:00,101371.49,44410.93,
2026-08-11T16:02:33+00:00,101355.83,44410.93,
2026-08-11T16:03:34+00:00,101339.55,44410.93,
2026-08-11T16:04:34+00:00,101315.58,44410.93,
2026-08-11T16:05:34+00:00,101331.01,44410.93,
2026-08-11T16:06:34+00:00,101358.71,44410.93,
2026-08-11T16:07:35+00:00,101357.19,44410.93,
2026-08-11T16:08:35+00:00,101335.39,44410.93,
2026-08-11T16:09:35+00:00,101328.2,44410.93,
2026-08-11T16:10:35+00:00,101320.07,44410.93,
2026-08-11T16:11:35+00:00,101314.24,44410.93,
2026-08-11T16:12:36+00:00,101276.24,44410.93,
2026-08-11T16:13:36+00:00,101246.37,44410.93,
2026-08-11T16:14:36+00:00,101224.96,44410.93,
2026-08-11T16:15:36+00:00,101232.05,44410.93,
2026-08-11T16:16:37+00:00,101271.61,44410.93,
2026-08-11T16:17:37+00:00,101292.7,44410.93,
2026-08-11T16:18:37+00:00,101293.02,44410.93,
2026-08-11T16:19:37+00:00,101300.56,44410.93,
2026-08-11T16:20:37+00:00,101302.54,44410.93,
2026-08-11T16:21:38+00:00,101299.36,44410.93,
2026-08-11T16:22:38+00:00,101313.8,44410.93,
2026-08-11T16:23:38+00:00,101315.18,44410.93,
2026-08-11T16:24:38+00:00,101303.95,44410.93,
2026-08-11T16:25:39+00:00,101261.47,44410.93,
2026-08-11T16:26:39+00:00,101258.4,44410.93,
2026-08-11T16:27:39+00:00,101285.67,44410.93,
2026-08-11T16:28:39+00:00,101275.7,44410.93,
2026-08-11T16:29:39+00:00,101282.89,44410.93,
2026-08-11T16:30:40+00:00,101290.13,44410.93,
2026-08-11T16:31:40+00:00,101264.06,44410.93,
2026-08-11T16:32:40+00:00,101257.08,44410.93,
2026-08-11T16:33:40+00:00,101271.93,44410.93,
2026-08-11T16:34:41+00:00,101269.81,44410.93,
2026-08-11T16:35:41+00:00,101264.14,44410.93,
2026-08-11T16:36:41+00:00,101276.18,44410.93,
2026-08-11T16:37:41+00:00,101292.91,44410.93,
2026-08-11T16:38:41+00:00,101291.57,44410.93,
2026-08-11T16:39:42+00:00,101313.46,44410.93,
2026-08-11T16:40:42+00:00,101310.26,44410.93,
2026-08-11T16:41:42+00:00,101325.85,44410.93,
2026-08-11T16:42:42+00:00,101325.26,44410.93,
2026-08-11T16:43:43+00:00,101318.58,44410.93,
2026-08-11T16:44:43+00:00,101325.9,44410.93,
2026-08-11T16:45:43+00:00,101328.39,44410.93,
2026-08-11T16:46:43+00:00,101324.84,44410.93,
2026-08-11T16:47:43+00:00,101323.57,44410.93,
2026-08-11T16:48:44+00:00,101352.21,44410.93,
2026-08-11T16:49:45+00:00,101381.52,44410.93,
2026-08-11T16:50:45+00:00,101386.2,44410.93,
2026-08-11T16:51:45+00:00,101401.3,44410.93,
2026-08-11T16:52:45+00:00,101407.29,44410.93,
2026-08-11T16:53:46+00:00,101400.46,44410.93,
2026-08-11T16:54:46+00:00,101400.81,44410.93,
2026-08-11T16:55:46+00:00,101411.41,44410.93,
2026-08-11T16:56:46+00:00,101391.77,44410.93,
2026-08-11T16:57:46+00:00,101407.82,44410.93,
2026-08-11T16:58:47+00:00,101410.66,44410.93,
2026-08-11T16:59:47+00:00,101414.88,44410.93,
2026-08-11T17:00:47+00:00,101393.7,44410.93,
2026-08-11T17:01:47+00:00,101398.3,44410.93,
2026-08-11T17:02:47+00:00,101394.51,44410.93,
2026-08-11T17:03:48+00:00,101392.52,44410.93,
2026-08-11T17:04:48+00:00,101395.85,44410.93,
2026-08-11T17:05:48+00:00,101401.67,44410.93,
2026-08-11T17:06:48+00:00,101424.68,44410.93,
2026-08-11T17:07:49+00:00,101415.35,44410.93,
2026-08-11T17:08:49+00:00,101413.83,44410.93,
2026-08-11T17:09:49+00:00,101402.04,44410.93,
2026-08-11T17:10:49+00:00,101396.84,44410.93,
2026-08-11T17:11:49+00:00,101388.5,44410.93,
2026-08-11T17:12:50+00:00,101390.84,44410.93,
2026-08-11T17:13:50+00:00,101400.51,44410.93,
2026-08-11T17:14:50+00:00,101399.7,44410.93,
2026-08-11T17:15:50+00:00,101392.97,44410.93,
2026-08-11T17:16:51+00:00,101398.26,44410.93,
2026-08-11T17:17:51+00:00,101427.59,44410.93,
2026-08-11T17:18:51+00:00,101438.96,44410.93,
2026-08-11T17:19:52+00:00,101453.97,44410.93,
2026-08-11T17:20:52+00:00,101443.83,44410.93,
2026-08-11T17:21:52+00:00,101465.13,44410.93,
2026-08-11T17:22:52+00:00,101443.51,44410.93,
2026-08-11T17:23:53+00:00,101454.24,44410.93,
2026-08-11T17:24:53+00:00,101450.09,44410.93,
2026-08-11T17:25:53+00:00,101451.3,44410.93,
2026-08-11T17:26:53+00:00,101436.11,44410.93,
2026-08-11T17:27:54+00:00,101435.55,44410.93,
2026-08-11T17:28:54+00:00,101443.39,44410.93,
2026-08-11T17:29:54+00:00,101450.36,44410.93,
2026-08-11T17:30:54+00:00,101432.54,44410.93,
2026-08-11T17:31:54+00:00,101436.63,44410.93,
2026-08-11T17:32:55+00:00,101438.38,44410.93,
2026-08-11T17:33:55+00:00,101450.03,44410.93,
2026-08-11T17:34:56+00:00,101435.98,44410.93,
2026-08-11T17:35:56+00:00,101439.84,44410.93,
2026-08-11T17:36:56+00:00,101440.99,44410.93,
2026-08-11T17:37:56+00:00,101447.13,44410.93,
2026-08-11T17:38:57+00:00,101438.32,44410.93,
2026-08-11T17:39:57+00:00,101444.08,44410.93,
2026-08-11T17:40:57+00:00,101457.16,44410.93,
2026-08-11T17:41:57+00:00,101474.25,44410.93,
2026-08-11T17:42:58+00:00,101483.83,44410.93,
2026-08-11T17:43:58+00:00,101470.81,44410.93,
2026-08-11T17:44:58+00:00,101459.29,44410.93,
2026-08-11T17:45:58+00:00,101448.25,44410.93,
2026-08-11T17:46:58+00:00,101450.86,44410.93,
2026-08-11T17:47:59+00:00,101452.76,44410.93,
2026-08-11T17:48:59+00:00,101464.71,44410.93,
2026-08-11T17:49:59+00:00,101451.61,44410.93,
2026-08-11T17:50:59+00:00,101466.83,44410.93,
2026-08-11T17:51:59+00:00,101454.83,44410.93,
2026-08-11T17:53:00+00:00,101441.49,44410.93,
2026-08-11T17:54:00+00:00,101442.47,44410.93,
2026-08-11T17:55:00+00:00,101447.16,44410.93,
2026-08-11T17:56:00+00:00,101458.43,44410.93,
2026-08-11T17:57:01+00:00,101447.89,44410.93,
2026-08-11T17:58:01+00:00,101442.97,44410.93,
2026-08-11T17:59:01+00:00,101463.81,44410.93,
2026-08-11T18:00:02+00:00,101459.17,44410.93,
2026-08-11T18:01:02+00:00,101441.14,44410.93,
2026-08-11T18:02:02+00:00,101420.68,44410.93,
2026-08-11T18:03:03+00:00,101406.04,44410.93,
2026-08-11T18:04:03+00:00,101421.31,44410.93,
2026-08-11T18:05:03+00:00,101429.92,44410.93,
2026-08-11T18:06:03+00:00,101434.93,44410.93,
2026-08-11T18:07:04+00:00,101427.14,44410.93,
2026-08-11T18:08:04+00:00,101449.21,44410.93,
2026-08-11T18:09:04+00:00,101428.34,44410.93,
2026-08-11T18:10:04+00:00,101428.91,44410.93,
2026-08-11T18:11:04+00:00,101442.49,44410.93,
2026-08-11T18:12:05+00:00,101450.71,44410.93,
2026-08-11T18:13:05+00:00,101432.56,44410.93,
2026-08-11T18:14:05+00:00,101429.28,44410.93,
2026-08-11T18:15:05+00:00,101442.01,44410.93,
2026-08-11T18:16:06+00:00,101457.68,44410.93,
2026-08-11T18:17:06+00:00,101444.78,44410.93,
2026-08-11T18:18:06+00:00,101439.88,44410.93,
2026-08-11T18:19:06+00:00,101440.66,44410.93,
2026-08-11T18:20:06+00:00,101423.27,44410.93,
2026-08-11T18:21:07+00:00,101386.35,44410.93,
2026-08-11T18:22:07+00:00,101380.12,44410.93,
2026-08-11T18:23:07+00:00,101393.33,44410.93,
2026-08-11T18:24:07+00:00,101399.33,44410.93,
2026-08-11T18:25:08+00:00,101410.85,44410.93,
2026-08-11T18:26:08+00:00,101417.36,44410.93,
2026-08-11T18:27:08+00:00,101415.94,44410.93,
2026-08-11T18:28:08+00:00,101394.68,44410.93,
2026-08-11T18:29:09+00:00,101393.5,44410.93,
2026-08-11T18:30:09+00:00,101379.51,44410.93,
2026-08-11T18:31:09+00:00,101395.02,44410.93,
2026-08-11T18:32:09+00:00,101410.84,44410.93,
2026-08-11T18:33:09+00:00,101418.89,44410.93,
2026-08-11T18:34:10+00:00,101418.29,44410.93,
2026-08-11T18:35:10+00:00,101431.85,44410.93,
2026-08-11T18:36:10+00:00,101442.33,44410.93,
2026-08-11T18:37:10+00:00,101439.1,44410.93,
2026-08-11T18:38:11+00:00,101428.82,44410.93,
2026-08-11T18:39:11+00:00,101434.8,44410.93,
2026-08-11T18:40:12+00:00,101435.98,44410.93,
2026-08-11T18:41:12+00:00,101415.5,44410.93,
2026-08-11T18:42:12+00:00,101384.56,44410.93,
2026-08-11T18:43:12+00:00,101392.85,44410.93,
2026-08-11T18:44:13+00:00,101403.91,44410.93,
2026-08-11T18:45:13+00:00,101406.53,44410.93,
2026-08-11T18:46:13+00:00,101395.2,44410.93,
2026-08-11T18:47:13+00:00,101395.78,44410.93,
2026-08-11T18:48:13+00:00,101400.44,44410.93,
2026-08-11T18:49:14+00:00,101395.24,44410.93,
2026-08-11T18:50:14+00:00,101392.45,44410.93,
2026-08-11T18:51:14+00:00,101379.59,44410.93,
2026-08-11T18:52:14+00:00,101372.57,44410.93,
2026-08-11T18:53:15+00:00,101382.44,44410.93,
2026-08-11T18:54:15+00:00,101387.88,44410.93,
2026-08-11T18:55:15+00:00,101384.99,44410.93,
2026-08-11T18:56:15+00:00,101385.29,44410.93,
2026-08-11T18:57:15+00:00,101371.36,44410.93,
2026-08-11T18:58:16+00:00,101382.97,44410.93,
2026-08-11T18:59:16+00:00,101383.82,44410.93,
2026-08-11T19:00:16+00:00,101370.42,44410.93,
2026-08-11T19:01:16+00:00,101376.54,44410.93,
2026-08-11T19:02:17+00:00,101378.08,44410.93,
2026-08-11T19:03:17+00:00,101381.03,44410.93,
2026-08-11T19:04:17+00:00,101370.63,44410.93,
2026-08-11T19:05:17+00:00,101350.84,44410.93,
2026-08-11T19:06:17+00:00,101337.48,44410.93,
2026-08-11T19:07:18+00:00,101326.84,44410.93,
2026-08-11T19:08:18+00:00,101326.06,44410.93,
2026-08-11T19:09:18+00:00,101317.26,44410.93,
2026-08-11T19:10:18+00:00,101319.14,44410.93,
2026-08-11T19:11:19+00:00,101325.56,44410.93,
2026-08-11T19:12:19+00:00,101318.09,44410.93,
2026-08-11T19:13:19+00:00,101326.12,44410.93,
2026-08-11T19:14:19+00:00,101309.1,44410.93,
2026-08-11T19:15:19+00:00,101306.47,44410.93,
2026-08-11T19:16:20+00:00,101291.97,44410.93,
2026-08-11T19:17:20+00:00,101321.93,44410.93,
2026-08-11T19:18:20+00:00,101324.3,44410.93,
2026-08-11T19:19:20+00:00,101321.54,44410.93,
2026-08-11T19:20:21+00:00,101321.28,44410.93,
2026-08-11T19:21:21+00:00,101319.19,44410.93,
2026-08-11T19:22:21+00:00,101340.7,44410.93,
2026-08-11T19:23:21+00:00,101339.27,44410.93,
2026-08-11T19:24:21+00:00,101342.73,44410.93,
2026-08-11T19:25:22+00:00,101346.75,44410.93,
2026-08-11T19:26:22+00:00,101353.2,44410.93,
2026-08-11T19:27:22+00:00,101362.91,44410.93,
2026-08-11T19:28:22+00:00,101369.74,44410.93,
2026-08-11T19:29:23+00:00,101384.56,44410.93,
2026-08-11T19:30:23+00:00,101407.21,44410.93,
2026-08-11T19:31:23+00:00,101432.35,44410.93,
2026-08-11T19:32:23+00:00,101424.12,44410.93,
2026-08-11T19:33:23+00:00,101414.55,44410.93,
2026-08-11T19:34:24+00:00,101428.41,44410.93,
2026-08-11T19:35:24+00:00,101430.02,44410.93,
2026-08-11T19:36:24+00:00,101428.21,44410.93,
2026-08-11T19:37:24+00:00,101459.09,44410.93,
2026-08-11T19:38:25+00:00,101450.07,44410.93,
2026-08-11T19:39:25+00:00,101456.27,44410.93,
2026-08-11T19:40:25+00:00,101457.53,44410.93,
2026-08-11T19:41:25+00:00,101455.47,44410.93,
2026-08-11T19:42:25+00:00,101455.83,44410.93,
2026-08-11T19:43:26+00:00,101448.68,44410.93,
2026-08-11T19:44:26+00:00,101439.57,44410.93,
2026-08-11T19:45:27+00:00,101404.93,44410.93,
2026-08-11T19:46:27+00:00,101405.51,44410.93,
2026-08-11T19:47:27+00:00,101419.41,44410.93,
2026-08-11T19:48:27+00:00,101421.17,44410.93,
2026-08-11T19:49:28+00:00,101420.63,44410.93,
2026-08-11T19:50:28+00:00,101410.24,44410.93,
2026-08-11T19:51:28+00:00,101404.44,44410.93,
2026-08-11T19:52:28+00:00,101394.5,44410.93,
2026-08-11T19:53:28+00:00,101381.13,44410.93,
2026-08-11T19:54:29+00:00,101386.88,44410.93,
2026-08-11T19:55:29+00:00,101328.87,44410.93,
2026-08-11T19:56:29+00:00,101318.94,44410.93,
2026-08-11T19:57:29+00:00,101320.52,44410.93,
2026-08-11T19:58:30+00:00,101309.65,44410.93,
2026-08-11T19:59:30+00:00,101334.74,44410.93,
2026-08-11T20:00:30+00:00,101358.58,44410.93,
2026-08-11T20:01:30+00:00,101371.18,44410.93,
2026-08-11T20:02:30+00:00,101366.0,44410.93,
2026-08-11T20:03:31+00:00,101358.28,44410.93,
2026-08-11T20:04:31+00:00,101347.58,44410.93,
2026-08-11T20:05:31+00:00,101358.16,44410.93,
2026-08-11T20:06:31+00:00,101384.02,44410.93,
2026-08-11T20:07:32+00:00,101386.74,44410.93,
2026-08-11T20:08:32+00:00,101368.46,44410.93,
2026-08-11T20:09:32+00:00,101364.05,44410.93,
2026-08-11T20:10:33+00:00,101379.5,44410.93,
2026-08-11T20:11:33+00:00,101371.19,44410.93,
2026-08-11T20:12:33+00:00,101379.99,44410.93,
2026-08-11T20:13:34+00:00,101374.7,44410.93,
2026-08-11T20:14:34+00:00,101374.7,44410.93,
2026-08-11T20:15:34+00:00,101376.1,44410.93,
2026-08-11T20:16:34+00:00,101366.04,44410.93,
2026-08-11T20:17:35+00:00,101368.03,44410.93,
2026-08-11T20:18:35+00:00,101367.89,44410.93,
2026-08-11T20:19:35+00:00,101367.26,44410.93,
2026-08-11T20:20:35+00:00,101373.23,44410.93,
2026-08-11T20:21:36+00:00,101378.37,44410.93,
2026-08-11T20:22:36+00:00,101378.88,44410.93,
2026-08-11T20:23:36+00:00,101394.21,44410.93,
2026-08-11T20:24:36+00:00,101390.26,44410.93,
2026-08-11T20:25:36+00:00,101384.31,44410.93,
2026-08-11T20:26:37+00:00,101385.57,44410.93,
2026-08-11T20:27:37+00:00,101406.49,44410.93,
2026-08-11T20:28:37+00:00,101427.02,44410.93,
2026-08-11T20:29:37+00:00,101414.81,44410.93,
2026-08-11T20:30:38+00:00,101423.91,44410.93,
2026-08-11T20:31:38+00:00,101427.15,44410.93,
2026-08-11T20:32:38+00:00,101417.93,44410.93,
2026-08-11T20:33:38+00:00,101411.73,44410.93,
2026-08-11T20:34:38+00:00,101414.95,44410.93,
2026-08-11T20:35:39+00:00,101418.5,44410.93,
2026-08-11T20:36:39+00:00,101413.84,44410.93,
2026-08-11T20:37:40+00:00,101402.77,44410.93,
2026-08-11T20:38:40+00:00,101402.42,44410.93,
2026-08-11T20:39:40+00:00,101402.22,44410.93,
2026-08-11T20:40:40+00:00,101403.28,44410.93,
2026-08-11T20:41:41+00:00,101406.21,44410.93,
2026-08-11T20:42:41+00:00,101411.26,44410.93,
2026-08-11T20:43:41+00:00,101418.91,44410.93,
2026-08-11T20:44:41+00:00,101412.44,44410.93,
2026-08-11T20:45:41+00:00,101412.44,44410.93,
2026-08-11T20:46:42+00:00,101420.8,44410.93,
2026-08-11T20:47:42+00:00,101421.08,44410.93,
2026-08-11T20:48:42+00:00,101405.96,44410.93,
2026-08-11T20:49:42+00:00,101408.02,44410.93,
2026-08-11T20:50:43+00:00,101415.69,44410.93,
2026-08-11T20:51:43+00:00,101399.58,44410.93,
2026-08-11T20:52:43+00:00,101397.94,44410.93,
2026-08-11T20:53:43+00:00,101401.41,44410.93,
2026-08-11T20:54:43+00:00,101398.47,44410.93,
2026-08-11T20:55:44+00:00,101392.56,44410.93,
2026-08-11T20:56:44+00:00,101392.53,44410.93,
2026-08-11T20:57:44+00:00,101392.53,44410.93,
2026-08-11T20:58:44+00:00,101394.39,44410.93,
2026-08-11T20:59:45+00:00,101388.48,44410.93,
2026-08-11T21:00:45+00:00,101392.55,44410.93,
2026-08-11T21:01:45+00:00,101402.49,44410.93,
2026-08-11T21:02:45+00:00,101415.25,44410.93,
2026-08-11T21:03:45+00:00,101406.89,44410.93,
2026-08-11T21:04:46+00:00,101401.17,44410.93,
2026-08-11T21:05:46+00:00,101394.7,44410.93,
2026-08-11T21:06:46+00:00,101402.44,44410.93,
2026-08-11T21:07:46+00:00,101393.85,44410.93,
2026-08-11T21:08:47+00:00,101393.11,44410.93,
2026-08-11T21:09:47+00:00,101393.11,44410.93,
2026-08-11T21:10:47+00:00,101385.55,44410.93,
2026-08-11T21:11:47+00:00,101391.26,44410.93,
2026-08-11T21:12:47+00:00,101398.18,44410.93,
2026-08-11T21:13:48+00:00,101400.02,44410.93,
2026-08-11T21:14:48+00:00,101410.58,44410.93,
2026-08-11T21:15:48+00:00,101406.93,44410.93,
2026-08-11T21:16:48+00:00,101406.57,44410.93,
2026-08-11T21:17:49+00:00,101343.05,44410.93,
2026-08-11T21:18:49+00:00,101343.05,44410.93,
2026-08-11T21:19:49+00:00,101341.62,44410.93,
2026-08-11T21:20:49+00:00,101336.78,44410.93,
2026-08-11T21:21:49+00:00,101336.78,44410.93,
2026-08-11T21:22:50+00:00,101345.14,44410.93,
2026-08-11T21:23:50+00:00,101345.94,44410.93,
2026-08-11T21:24:50+00:00,101346.03,44410.93,
2026-08-11T21:25:50+00:00,101345.6,44410.93,
2026-08-11T21:26:50+00:00,101350.0,44410.93,
2026-08-11T21:27:51+00:00,101345.95,44410.93,
2026-08-11T21:28:51+00:00,101361.5,44410.93,
2026-08-11T21:29:51+00:00,101363.0,44410.93,
2026-08-11T21:30:51+00:00,101363.0,44410.93,
2026-08-11T21:31:52+00:00,101366.04,44410.93,
2026-08-11T21:32:52+00:00,101343.98,44410.93,
2026-08-11T21:33:52+00:00,101350.0,44410.93,
2026-08-11T21:34:52+00:00,101367.13,44410.93,
2026-08-11T21:35:52+00:00,101373.6,44410.93,
2026-08-11T21:36:53+00:00,101373.6,44410.93,
2026-08-11T21:37:53+00:00,101372.27,44410.93,
2026-08-11T21:38:53+00:00,101371.38,44410.93,
2026-08-11T21:39:53+00:00,101371.38,44410.93,
2026-08-11T21:40:54+00:00,101357.26,44410.93,
2026-08-11T21:41:54+00:00,101357.26,44410.93,
2026-08-11T21:42:54+00:00,101357.26,44410.93,
2026-08-11T21:43:54+00:00,101357.79,44410.93,
2026-08-11T21:44:54+00:00,101355.62,44410.93,
2026-08-11T21:45:55+00:00,101351.71,44410.93,
2026-08-11T21:46:55+00:00,101351.71,44410.93,
2026-08-11T21:47:55+00:00,101351.57,44410.93,
2026-08-11T21:48:55+00:00,101351.57,44410.93,
2026-08-11T21:49:56+00:00,101351.57,44410.93,
2026-08-11T21:50:56+00:00,101356.08,44410.93,
2026-08-11T21:51:56+00:00,101356.08,44410.93,
2026-08-11T21:52:56+00:00,101356.08,44410.93,
2026-08-11T21:53:56+00:00,101366.93,44410.93,
2026-08-11T21:54:57+00:00,101366.25,44410.93,
2026-08-11T21:55:57+00:00,101367.72,44410.93,
2026-08-11T21:56:57+00:00,101364.29,44410.93,
2026-08-11T21:57:57+00:00,101360.61,44410.93,
2026-08-11T21:58:58+00:00,101361.87,44410.93,
2026-08-11T21:59:58+00:00,101367.15,44410.93,
2026-08-11T22:00:58+00:00,101369.51,44410.93,
2026-08-11T22:01:58+00:00,101365.98,44410.93,
2026-08-11T22:02:58+00:00,101365.98,44410.93,
2026-08-11T22:03:59+00:00,101382.73,44410.93,
2026-08-11T22:04:59+00:00,101382.75,44410.93,
2026-08-11T22:05:59+00:00,101378.76,44410.93,
2026-08-11T22:06:59+00:00,101378.76,44410.93,
2026-08-11T22:08:00+00:00,101378.48,44410.93,
2026-08-11T22:09:00+00:00,101385.83,44410.93,
2026-08-11T22:10:00+00:00,101384.63,44410.93,
2026-08-11T22:11:00+00:00,101383.4,44410.93,
2026-08-11T23:21:19+00:00,101368.56,44410.93,
2026-08-11T23:22:19+00:00,101371.0,44410.93,
2026-08-11T23:23:19+00:00,101370.34,44410.93,
2026-08-11T23:24:20+00:00,101366.41,44410.93,
2026-08-11T23:25:20+00:00,101364.89,44410.93,
2026-08-11T23:26:20+00:00,101367.15,44410.93,
2026-08-11T23:27:20+00:00,101370.48,44410.93,
2026-08-11T23:28:20+00:00,101356.75,44410.93,
2026-08-11T23:29:21+00:00,101359.9,44410.93,
2026-08-11T23:30:21+00:00,101380.39,44410.93,
2026-08-11T23:31:22+00:00,101384.1,44410.93,
2026-08-11T23:32:22+00:00,101377.07,44410.93,
2026-08-11T23:33:22+00:00,101375.92,44410.93,
2026-08-11T23:34:22+00:00,101376.76,44410.93,
2026-08-11T23:35:23+00:00,101375.1,44410.93,
2026-08-12T03:45:57+00:00,101401.3,44410.93,
2026-08-12T03:46:58+00:00,101401.3,44410.93,
2026-08-12T03:47:58+00:00,101401.3,44410.93,
2026-08-12T03:48:58+00:00,101401.3,44410.93,
2026-08-12T03:49:58+00:00,101401.3,44410.93,
2026-08-12T03:50:59+00:00,101401.3,44410.93,
2026-08-12T03:51:59+00:00,101401.3,44410.93,
2026-08-12T03:52:59+00:00,101402.0,44410.93,
2026-08-12T03:53:59+00:00,101400.25,44410.93,
2026-08-12T03:55:00+00:00,101400.25,44410.93,
2026-08-12T03:56:00+00:00,101400.25,44410.93,
2026-08-12T03:57:01+00:00,101400.25,44410.93,
2026-08-12T03:58:01+00:00,101400.25,44410.93,
2026-08-12T03:59:01+00:00,101400.25,44410.93,
2026-08-12T04:00:01+00:00,101398.43,44410.93,
2026-08-12T04:01:02+00:00,101403.27,44410.93,
2026-08-12T05:28:43+00:00,101390.55,44410.93,
2026-08-12T05:29:43+00:00,101390.55,44410.93,
2026-08-12T05:30:43+00:00,101390.55,44410.93,
2026-08-12T05:31:43+00:00,101390.55,44410.93,
2026-08-12T05:32:44+00:00,101390.55,44410.93,
2026-08-12T05:33:45+00:00,101386.15,44410.93,
2026-08-12T05:34:45+00:00,101386.15,44410.93,
2026-08-12T05:35:45+00:00,101386.15,44410.93,
2026-08-12T05:36:45+00:00,101397.28,44410.93,
2026-08-12T05:37:45+00:00,101397.28,44410.93,
2026-08-12T05:38:46+00:00,101397.28,44410.93,
2026-08-12T05:39:46+00:00,101399.04,44410.93,
2026-08-12T05:40:46+00:00,101399.04,44410.93,
2026-08-12T05:41:46+00:00,101399.04,44410.93,
2026-08-12T05:43:50+00:00,101402.47,44410.93,
2026-08-12T05:44:51+00:00,101402.47,44410.93,
2026-08-12T12:24:51+00:00,101598.04,44410.9,
2026-08-12T12:25:51+00:00,101594.43,44410.9,
2026-08-12T12:26:51+00:00,101618.48,44410.9,
2026-08-12T12:27:52+00:00,101620.3,44410.9,
2026-08-12T12:28:52+00:00,101622.82,44410.9,
2026-08-12T12:29:52+00:00,101645.8,44410.9,
2026-08-12T12:30:52+00:00,101594.43,44410.9,
2026-08-12T12:31:52+00:00,101631.72,44410.9,
2026-08-12T12:32:53+00:00,101664.55,44410.9,
2026-08-12T12:33:53+00:00,101677.98,44410.9,
2026-08-12T12:34:53+00:00,101685.57,44410.9,
2026-08-12T12:35:53+00:00,101694.59,44410.9,
2026-08-12T12:36:54+00:00,101668.51,44410.9,
2026-08-12T12:37:54+00:00,101681.12,44410.9,
2026-08-12T12:38:54+00:00,101668.42,44410.9,
2026-08-12T12:39:55+00:00,101686.8,44410.9,
2026-08-12T12:40:55+00:00,101692.99,44410.9,
2026-08-12T12:41:55+00:00,101690.62,44410.9,
2026-08-12T12:42:56+00:00,101707.61,44410.9,
2026-08-12T12:43:56+00:00,101719.29,44410.9,
2026-08-12T12:44:56+00:00,101708.39,44410.9,
2026-08-12T12:45:56+00:00,101687.84,44410.9,
2026-08-12T12:46:56+00:00,101683.54,44410.9,
2026-08-12T12:47:57+00:00,101679.38,44410.9,
2026-08-12T12:48:57+00:00,101699.81,44410.9,
2026-08-12T12:49:57+00:00,101687.55,44410.9,
2026-08-12T12:50:57+00:00,101680.9,44410.9,
2026-08-12T12:51:58+00:00,101676.64,44410.9,
2026-08-12T12:52:58+00:00,101714.99,44410.9,
2026-08-12T12:53:58+00:00,101749.52,44410.9,
2026-08-12T12:54:58+00:00,101758.53,44410.9,
2026-08-12T12:55:58+00:00,101761.3,44410.9,
2026-08-12T12:56:59+00:00,101751.36,44410.9,
2026-08-12T12:57:59+00:00,101746.84,44410.9,
2026-08-12T12:58:59+00:00,101746.58,44410.9,
2026-08-12T12:59:59+00:00,101765.5,44410.9,
2026-08-12T13:01:00+00:00,101749.66,44410.9,
2026-08-12T13:02:00+00:00,101746.59,44410.9,
2026-08-12T13:03:00+00:00,101749.34,44410.9,
2026-08-12T13:04:00+00:00,101726.4,44410.9,
2026-08-12T13:05:00+00:00,101725.48,44410.9,
2026-08-12T13:06:01+00:00,101726.03,44410.9,
2026-08-12T13:07:01+00:00,101729.37,44410.9,
2026-08-12T13:08:01+00:00,101726.54,44410.9,
2026-08-12T13:09:01+00:00,101723.57,44410.9,
2026-08-12T13:10:02+00:00,101726.05,44410.9,
2026-08-12T13:11:02+00:00,101731.52,44410.9,
2026-08-12T13:12:03+00:00,101740.09,44410.9,
2026-08-12T13:13:03+00:00,101735.4,44410.9,
2026-08-12T13:14:03+00:00,101735.58,44410.9,
2026-08-12T13:15:03+00:00,101734.94,44410.9,
2026-08-12T13:16:04+00:00,101763.68,44410.9,
2026-08-12T13:17:04+00:00,101757.97,44410.9,
2026-08-12T13:18:04+00:00,101810.12,44410.9,
2026-08-12T13:19:04+00:00,101815.08,44410.9,
2026-08-12T13:20:05+00:00,101791.8,44410.9,
2026-08-12T13:21:05+00:00,101792.22,44410.9,
2026-08-12T13:22:05+00:00,101822.94,44410.9,
2026-08-12T13:23:05+00:00,101826.66,44410.9,
2026-08-12T13:24:05+00:00,101855.87,44410.9,
2026-08-12T13:25:06+00:00,101833.71,44410.9,
2026-08-12T13:26:06+00:00,101815.89,44410.9,
2026-08-12T13:27:06+00:00,101818.34,44410.9,
2026-08-12T13:28:06+00:00,101817.56,44410.9,
2026-08-12T13:29:07+00:00,101799.76,44410.9,
2026-08-12T13:30:07+00:00,101829.51,44410.9,
2026-08-12T13:31:07+00:00,101744.9,44410.9,
2026-08-12T13:32:07+00:00,101730.94,44410.9,
2026-08-12T13:33:07+00:00,101745.83,44410.9,
2026-08-12T13:34:08+00:00,101768.83,44410.9,
2026-08-12T13:35:08+00:00,101758.11,44410.9,
2026-08-12T13:36:08+00:00,101838.75,44410.9,
2026-08-12T13:37:08+00:00,101842.64,44410.9,
2026-08-12T13:38:09+00:00,101827.69,44410.9,
2026-08-12T13:39:09+00:00,101867.21,44410.9,
2026-08-12T13:40:10+00:00,101850.16,44410.9,
2026-08-12T13:41:10+00:00,101876.62,44410.9,
2026-08-12T13:42:10+00:00,101907.35,44410.9,
2026-08-12T13:43:11+00:00,101946.08,44410.9,
2026-08-12T13:44:11+00:00,101913.57,44410.9,
2026-08-12T13:45:11+00:00,101959.57,44410.9,
2026-08-12T13:46:11+00:00,101941.64,44410.9,
2026-08-12T13:47:11+00:00,101898.31,44410.9,
2026-08-12T13:48:12+00:00,101917.19,44410.9,
2026-08-12T13:49:12+00:00,101980.49,44410.9,
2026-08-12T13:50:12+00:00,102013.24,44410.9,
2026-08-12T13:51:12+00:00,101969.74,44410.9,
2026-08-12T13:52:13+00:00,101890.01,44410.9,
2026-08-12T13:53:13+00:00,101877.18,44410.9,
2026-08-12T13:54:13+00:00,101912.25,44410.9,
2026-08-12T13:55:13+00:00,101898.04,44410.9,
2026-08-12T13:56:13+00:00,101903.81,44410.9,
2026-08-12T13:57:14+00:00,101903.03,44410.9,
2026-08-12T13:58:14+00:00,101935.5,44410.9,
2026-08-12T13:59:14+00:00,101964.47,44410.9,
2026-08-12T14:00:14+00:00,102003.97,44410.9,
2026-08-12T14:01:15+00:00,102074.28,44410.9,
2026-08-12T14:02:15+00:00,102145.23,44410.9,
2026-08-12T14:03:15+00:00,102122.13,44410.9,
2026-08-12T14:04:15+00:00,102093.1,44410.9,
2026-08-12T14:05:16+00:00,102124.8,44410.9,
2026-08-12T14:06:17+00:00,102135.32,44410.9,
2026-08-12T14:07:17+00:00,102089.85,44410.9,
2026-08-12T14:08:17+00:00,102049.46,44410.9,
2026-08-12T14:09:17+00:00,102041.81,44410.9,
2026-08-12T14:10:17+00:00,102027.91,44410.9,
2026-08-12T14:11:18+00:00,102012.43,44410.9,
2026-08-12T14:12:18+00:00,101977.83,44410.9,
2026-08-12T14:13:18+00:00,101990.12,44410.9,
2026-08-12T14:14:18+00:00,102025.53,44410.9,
2026-08-12T14:15:19+00:00,102032.59,44410.9,
2026-08-12T14:16:19+00:00,102031.09,44410.9,
2026-08-12T14:17:19+00:00,102038.34,44410.9,
2026-08-12T14:18:19+00:00,102070.92,44410.9,
2026-08-12T14:19:19+00:00,102105.46,44410.9,
2026-08-12T14:20:20+00:00,102062.57,44410.9,
2026-08-12T14:21:20+00:00,102059.73,44410.9,
2026-08-12T14:22:20+00:00,102072.83,44410.9,
2026-08-12T14:23:20+00:00,102071.72,44410.9,
2026-08-12T14:24:21+00:00,102109.08,44410.9,
2026-08-12T14:25:21+00:00,102110.01,44410.9,
2026-08-12T14:26:21+00:00,102101.14,44410.9,
2026-08-12T14:27:21+00:00,102134.0,44410.9,
2026-08-12T14:28:22+00:00,102163.47,44410.9,
2026-08-12T14:29:22+00:00,102177.29,44410.9,
2026-08-12T14:30:22+00:00,102158.81,44410.9,
2026-08-12T14:31:22+00:00,102106.75,44410.9,
2026-08-12T14:32:23+00:00,102108.59,44410.9,
2026-08-12T14:33:23+00:00,102093.27,44410.9,
2026-08-12T14:34:23+00:00,102120.42,44410.9,
2026-08-12T14:35:23+00:00,102088.28,44410.9,
2026-08-12T14:36:24+00:00,102102.11,44410.9,
2026-08-12T14:37:24+00:00,102117.35,44410.9,
2026-08-12T14:38:24+00:00,102144.57,44410.9,
2026-08-12T14:39:24+00:00,102123.14,44410.9,
2026-08-12T14:40:25+00:00,102142.39,44410.9,
2026-08-12T14:41:25+00:00,102152.2,44410.9,
2026-08-12T14:42:25+00:00,102157.27,44410.9,
2026-08-12T14:43:25+00:00,102169.4,44410.9,
2026-08-12T14:44:26+00:00,102172.63,44410.9,
2026-08-12T14:45:26+00:00,102184.71,44410.9,
2026-08-12T14:46:26+00:00,102201.08,44410.9,
2026-08-12T14:47:26+00:00,102193.05,44410.9,
2026-08-12T14:48:26+00:00,102141.23,44410.9,
2026-08-12T14:49:27+00:00,102140.78,44410.9,
2026-08-12T14:50:27+00:00,102159.14,44410.9,
2026-08-12T14:51:27+00:00,102111.83,44410.9,
2026-08-12T14:52:28+00:00,102118.78,44410.9,
2026-08-12T14:53:28+00:00,102092.72,44410.9,
2026-08-12T14:54:28+00:00,102064.26,44410.9,
2026-08-12T14:55:29+00:00,102042.64,44410.9,
2026-08-12T14:56:29+00:00,102046.99,44410.9,
2026-08-12T14:57:29+00:00,102059.39,44410.9,
2026-08-12T14:58:29+00:00,102069.45,44410.9,
2026-08-12T14:59:30+00:00,102068.27,44410.9,
2026-08-12T15:00:30+00:00,102021.21,44410.9,
2026-08-12T15:01:30+00:00,102008.85,44410.9,
2026-08-12T15:02:30+00:00,102011.44,44410.9,
2026-08-12T15:03:30+00:00,102028.81,44410.9,
2026-08-12T15:04:31+00:00,102020.76,44410.9,
2026-08-12T15:05:31+00:00,102012.24,44410.9,
2026-08-12T15:06:31+00:00,102029.25,44410.9,
2026-08-12T15:07:31+00:00,102084.08,44410.9,
2026-08-12T15:08:32+00:00,102036.66,44410.9,
2026-08-12T15:09:32+00:00,102056.54,44410.9,
2026-08-12T15:10:32+00:00,102051.38,44410.9,
2026-08-12T15:11:32+00:00,102028.96,44410.9,
2026-08-12T15:12:32+00:00,102032.92,44410.9,
2026-08-12T15:13:33+00:00,102050.29,44410.9,
2026-08-12T15:14:33+00:00,102043.95,44410.9,
2026-08-12T15:15:33+00:00,102002.35,44410.9,
2026-08-12T15:16:33+00:00,102008.52,44410.9,
2026-08-12T15:17:34+00:00,101991.27,44410.9,
2026-08-12T15:18:35+00:00,101994.69,44410.9,
2026-08-12T15:19:35+00:00,101969.44,44410.9,
2026-08-12T15:20:35+00:00,101974.69,44410.9,
2026-08-12T15:21:35+00:00,101957.53,44410.9,
2026-08-12T15:22:36+00:00,101949.78,44410.9,
2026-08-12T15:23:36+00:00,101947.92,44410.9,
2026-08-12T15:24:36+00:00,101949.69,44410.9,
2026-08-12T15:25:36+00:00,101971.7,44410.9,
2026-08-12T15:26:36+00:00,101993.3,44410.9,
2026-08-12T15:27:37+00:00,101987.68,44410.9,
2026-08-12T15:28:37+00:00,101995.55,44410.9,
2026-08-12T15:29:37+00:00,102010.7,44410.9,
2026-08-12T15:30:37+00:00,102024.33,44410.9,
2026-08-12T15:31:38+00:00,102038.79,44410.9,
2026-08-12T15:32:38+00:00,102045.51,44410.9,
2026-08-12T15:33:38+00:00,102051.21,44410.9,
2026-08-12T15:34:38+00:00,102032.22,44410.9,
2026-08-12T15:35:39+00:00,102058.83,44410.9,
2026-08-12T15:36:39+00:00,102057.54,44410.9,
2026-08-12T15:37:39+00:00,102038.29,44410.9,
2026-08-12T15:38:39+00:00,102036.32,44410.9,
2026-08-12T15:39:39+00:00,102017.43,44410.9,
2026-08-12T15:40:40+00:00,102011.12,44410.9,
2026-08-12T15:41:40+00:00,102006.7,44410.9,
2026-08-12T15:42:40+00:00,102030.57,44410.9,
2026-08-12T15:43:40+00:00,102035.3,44410.9,
2026-08-12T15:44:41+00:00,102037.23,44410.9,
2026-08-12T15:45:41+00:00,102046.97,44410.9,
2026-08-12T15:46:41+00:00,102048.79,44410.9,
2026-08-12T15:47:41+00:00,102048.73,44410.9,
2026-08-12T15:48:41+00:00,102047.8,44410.9,
2026-08-12T15:49:42+00:00,102055.78,44410.9,
2026-08-12T15:50:42+00:00,102020.02,44410.9,
2026-08-12T15:51:42+00:00,102014.46,44410.9,
2026-08-12T15:52:42+00:00,102029.69,44410.9,
2026-08-12T15:53:43+00:00,102021.85,44410.9,
2026-08-12T15:54:43+00:00,102013.67,44410.9,
2026-08-12T15:55:43+00:00,102014.19,44410.9,
2026-08-12T15:56:43+00:00,102021.41,44410.9,
2026-08-12T15:57:43+00:00,102019.0,44410.9,
2026-08-12T15:58:44+00:00,102000.13,44410.9,
2026-08-12T15:59:44+00:00,102003.32,44410.9,
2026-08-12T16:00:44+00:00,102005.76,44410.9,
2026-08-12T16:01:44+00:00,102021.48,44410.9,
2026-08-12T16:02:45+00:00,102028.06,44410.9,
2026-08-12T16:03:45+00:00,102024.15,44410.9,
2026-08-12T16:04:45+00:00,102019.11,44410.9,
2026-08-12T16:05:45+00:00,102012.63,44410.9,
2026-08-12T16:06:45+00:00,102007.57,44410.9,
2026-08-12T16:07:46+00:00,102002.35,44410.9,
2026-08-12T16:08:46+00:00,101988.21,44410.9,
2026-08-12T16:09:46+00:00,101980.49,44410.9,
2026-08-12T16:10:46+00:00,101964.84,44410.9,
2026-08-12T16:11:47+00:00,101979.82,44410.9,
2026-08-12T16:12:47+00:00,102001.73,44410.9,
2026-08-12T16:13:47+00:00,101999.89,44410.9,
2026-08-12T16:14:47+00:00,102001.31,44410.9,
2026-08-12T16:15:48+00:00,101995.38,44410.9,
2026-08-12T16:16:48+00:00,102011.68,44410.9,
2026-08-12T16:17:48+00:00,102018.86,44410.9,
2026-08-12T16:18:48+00:00,102006.26,44410.9,
2026-08-12T16:19:48+00:00,101984.1,44410.9,
2026-08-12T16:20:49+00:00,101989.47,44410.9,
2026-08-12T16:21:49+00:00,102009.02,44410.9,
2026-08-12T16:22:49+00:00,102009.18,44410.9,
2026-08-12T16:23:49+00:00,102030.87,44410.9,
2026-08-12T16:24:49+00:00,102025.26,44410.9,
2026-08-12T16:25:50+00:00,102019.3,44410.9,
2026-08-12T16:26:50+00:00,102025.78,44410.9,
2026-08-12T16:27:50+00:00,101998.64,44410.9,
2026-08-12T16:28:50+00:00,102001.09,44410.9,
2026-08-12T16:29:51+00:00,101987.96,44410.9,
2026-08-12T16:30:51+00:00,101983.49,44410.9,
2026-08-12T16:31:51+00:00,101964.1,44410.9,
2026-08-12T16:32:51+00:00,101967.26,44410.9,
2026-08-12T16:33:52+00:00,101953.82,44410.9,
2026-08-12T16:34:52+00:00,101952.38,44410.9,
2026-08-12T16:35:52+00:00,101942.44,44410.9,
2026-08-12T16:36:52+00:00,101955.27,44410.9,
2026-08-12T16:37:52+00:00,101946.78,44410.9,
2026-08-12T16:38:53+00:00,101911.62,44410.9,
2026-08-12T16:39:53+00:00,101930.04,44410.9,
2026-08-12T16:40:53+00:00,101929.67,44410.9,
2026-08-12T16:41:53+00:00,101945.53,44410.9,
2026-08-12T16:42:54+00:00,101935.31,44410.9,
2026-08-12T16:43:54+00:00,101928.25,44410.9,
2026-08-12T16:44:54+00:00,101921.77,44410.9,
2026-08-12T16:45:54+00:00,101905.9,44410.9,
2026-08-12T16:46:54+00:00,101909.73,44410.9,
2026-08-12T16:47:55+00:00,101928.29,44410.9,
2026-08-12T16:48:55+00:00,101917.33,44410.9,
2026-08-12T16:49:55+00:00,101915.61,44410.9,
2026-08-12T16:50:55+00:00,101931.38,44410.9,
2026-08-12T16:51:56+00:00,101920.43,44410.9,
2026-08-12T16:52:56+00:00,101913.15,44410.9,
2026-08-12T16:53:56+00:00,101907.27,44410.9,
2026-08-12T16:54:56+00:00,101885.31,44410.9,
2026-08-12T16:55:57+00:00,101884.42,44410.9,
2026-08-12T16:56:57+00:00,101881.68,44410.9,
2026-08-12T16:57:57+00:00,101868.38,44410.9,
2026-08-12T16:58:57+00:00,101868.76,44410.9,
2026-08-12T16:59:58+00:00,101876.23,44410.9,
2026-08-12T17:00:58+00:00,101865.03,44410.9,
2026-08-12T17:01:58+00:00,101873.15,44410.9,
2026-08-12T17:02:58+00:00,101887.89,44410.9,
2026-08-12T17:03:59+00:00,101894.72,44410.9,
2026-08-12T17:04:59+00:00,101901.08,44410.9,
2026-08-12T17:05:59+00:00,101891.65,44410.9,
2026-08-12T17:06:59+00:00,101894.93,44410.9,
2026-08-12T17:07:59+00:00,101898.4,44410.9,
2026-08-12T17:09:00+00:00,101890.21,44410.9,
2026-08-12T17:10:00+00:00,101869.89,44410.9,
2026-08-12T17:11:00+00:00,101875.08,44410.9,
2026-08-12T17:12:01+00:00,101888.64,44410.9,
2026-08-12T17:13:01+00:00,101868.4,44410.9,
2026-08-12T17:14:01+00:00,101865.43,44410.9,
2026-08-12T17:15:02+00:00,101859.96,44410.9,
2026-08-12T17:16:02+00:00,101810.66,44410.9,
2026-08-12T17:17:02+00:00,101818.31,44410.9,
2026-08-12T17:18:03+00:00,101822.3,44410.9,
2026-08-12T17:19:03+00:00,101815.32,44410.9,
2026-08-12T17:20:03+00:00,101829.52,44410.9,
2026-08-12T17:21:03+00:00,101813.79,44410.9,
2026-08-12T17:22:04+00:00,101816.89,44410.9,
2026-08-12T17:23:04+00:00,101804.5,44410.9,
2026-08-12T17:24:04+00:00,101794.19,44410.9,
2026-08-12T17:25:04+00:00,101801.61,44410.9,
2026-08-12T17:26:05+00:00,101826.45,44410.9,
2026-08-12T17:27:05+00:00,101836.83,44410.9,
2026-08-12T17:28:05+00:00,101836.22,44410.9,
2026-08-12T17:29:05+00:00,101835.05,44410.9,
2026-08-12T17:30:05+00:00,101841.98,44410.9,
2026-08-12T17:31:06+00:00,101841.41,44410.9,
2026-08-12T17:32:06+00:00,101844.08,44410.9,
2026-08-12T17:33:06+00:00,101854.35,44410.9,
2026-08-12T17:34:06+00:00,101833.58,44410.9,
2026-08-12T17:35:07+00:00,101827.64,44410.9,
2026-08-12T17:36:07+00:00,101815.08,44410.9,
2026-08-12T17:37:07+00:00,101825.09,44410.9,
2026-08-12T17:38:07+00:00,101823.6,44410.9,
2026-08-12T17:39:07+00:00,101825.43,44410.9,
2026-08-12T17:40:08+00:00,101840.52,44410.9,
2026-08-12T17:41:08+00:00,101855.26,44410.9,
2026-08-12T17:42:08+00:00,101855.32,44410.9,
2026-08-12T17:43:08+00:00,101853.7,44410.9,
2026-08-12T17:44:09+00:00,101860.59,44410.9,
2026-08-12T17:45:09+00:00,101872.13,44410.9,
2026-08-12T17:46:09+00:00,101879.1,44410.9,
2026-08-12T17:47:09+00:00,101891.33,44410.9,
2026-08-12T17:48:10+00:00,101882.54,44410.9,
2026-08-12T17:49:10+00:00,101889.45,44410.9,
2026-08-12T17:50:10+00:00,101870.4,44410.9,
2026-08-12T17:51:10+00:00,101880.73,44410.9,
2026-08-12T17:52:10+00:00,101902.57,44410.9,
2026-08-12T17:53:11+00:00,101921.51,44410.9,
2026-08-12T17:54:11+00:00,101908.28,44410.9,
2026-08-12T17:55:11+00:00,101891.86,44410.9,
2026-08-12T17:56:11+00:00,101883.65,44410.9,
2026-08-12T17:57:12+00:00,101902.45,44410.9,
2026-08-12T17:58:12+00:00,101907.68,44410.9,
2026-08-12T17:59:12+00:00,101904.87,44410.9,
2026-08-12T18:00:12+00:00,101909.24,44410.9,
2026-08-12T18:01:12+00:00,101898.63,44410.9,
2026-08-12T18:02:13+00:00,101894.97,44410.9,
2026-08-12T18:03:13+00:00,101894.45,44410.9,
2026-08-12T18:04:13+00:00,101899.03,44410.9,
2026-08-12T18:05:13+00:00,101891.11,44410.9,
2026-08-12T18:06:14+00:00,101910.81,44410.9,
2026-08-12T18:07:14+00:00,101908.24,44410.9,
2026-08-12T18:08:14+00:00,101910.38,44410.9,
2026-08-12T18:09:14+00:00,101891.71,44410.9,
2026-08-12T18:10:14+00:00,101880.66,44410.9,
2026-08-12T18:11:15+00:00,101871.45,44410.9,
2026-08-12T18:12:15+00:00,101880.66,44410.9,
2026-08-12T18:13:15+00:00,101876.9,44410.9,
2026-08-12T18:14:15+00:00,101864.77,44410.9,
2026-08-12T18:15:16+00:00,101860.29,44410.9,
2026-08-12T18:16:16+00:00,101839.19,44410.9,
2026-08-12T18:17:16+00:00,101826.39,44410.9,
2026-08-12T18:18:16+00:00,101835.48,44410.9,
2026-08-12T18:19:16+00:00,101857.11,44410.9,
2026-08-12T18:20:17+00:00,101868.58,44410.9,
2026-08-12T18:21:17+00:00,101878.96,44410.9,
2026-08-12T18:22:17+00:00,101874.41,44410.9,
2026-08-12T18:23:17+00:00,101863.95,44410.9,
2026-08-12T18:24:18+00:00,101860.16,44410.9,
2026-08-12T18:25:18+00:00,101871.46,44410.9,
2026-08-12T18:26:18+00:00,101864.98,44410.9,
2026-08-12T18:27:18+00:00,101887.46,44410.9,
2026-08-12T18:28:19+00:00,101895.48,44410.9,
2026-08-12T18:29:19+00:00,101882.19,44410.9,
2026-08-12T18:30:19+00:00,101890.11,44410.9,
2026-08-12T18:31:19+00:00,101871.31,44410.9,
2026-08-12T18:32:20+00:00,101890.34,44410.9,
2026-08-12T18:33:20+00:00,101898.99,44410.9,
2026-08-12T18:34:20+00:00,101896.83,44410.9,
2026-08-12T18:35:20+00:00,101897.67,44410.9,
2026-08-12T18:36:20+00:00,101901.67,44410.9,
2026-08-12T18:37:21+00:00,101919.44,44410.9,
2026-08-12T18:38:21+00:00,101908.3,44410.9,
2026-08-12T18:39:21+00:00,101915.2,44410.9,
2026-08-12T18:40:21+00:00,101925.93,44410.9,
2026-08-12T18:41:22+00:00,101935.37,44410.9,
2026-08-12T18:42:22+00:00,101937.98,44410.9,
2026-08-12T18:43:22+00:00,101970.13,44410.9,
2026-08-12T18:44:22+00:00,101967.82,44410.9,
2026-08-12T18:45:22+00:00,101976.05,44410.9,
2026-08-12T18:46:23+00:00,101986.99,44410.9,
2026-08-12T18:47:23+00:00,101972.64,44410.9,
2026-08-12T18:48:23+00:00,101972.4,44410.9,
2026-08-12T18:49:23+00:00,101983.91,44410.9,
2026-08-12T18:50:24+00:00,101984.06,44410.9,
2026-08-12T18:51:24+00:00,101986.14,44410.9,
2026-08-12T18:52:24+00:00,101992.41,44410.9,
2026-08-12T18:53:24+00:00,101988.13,44410.9,
2026-08-12T18:54:24+00:00,101994.55,44410.9,
2026-08-12T18:55:25+00:00,101988.01,44410.9,
2026-08-12T18:56:25+00:00,101982.16,44410.9,
2026-08-12T18:57:25+00:00,101965.83,44410.9,
2026-08-12T18:58:25+00:00,101974.5,44410.9,
2026-08-12T18:59:26+00:00,101980.89,44410.9,
2026-08-12T19:00:26+00:00,101979.23,44410.9,
2026-08-12T19:01:26+00:00,101969.78,44410.9,
2026-08-12T19:02:26+00:00,101983.33,44410.9,
2026-08-12T19:03:26+00:00,101981.2,44410.9,
2026-08-12T19:04:27+00:00,101975.73,44410.9,
2026-08-12T19:05:27+00:00,101990.4,44410.9,
2026-08-12T19:06:27+00:00,101999.94,44410.9,
2026-08-12T19:07:27+00:00,101993.93,44410.9,
2026-08-12T19:08:28+00:00,101970.13,44410.9,
2026-08-12T19:09:28+00:00,101980.03,44410.9,
2026-08-12T19:10:28+00:00,101968.37,44410.9,
2026-08-12T19:11:28+00:00,101970.05,44410.9,
2026-08-12T19:12:28+00:00,101949.97,44410.9,
2026-08-12T19:13:29+00:00,101965.62,44410.9,
2026-08-12T19:14:29+00:00,101958.59,44410.9,
2026-08-12T19:15:29+00:00,101948.42,44410.9,
2026-08-12T19:16:29+00:00,101958.37,44410.9,
2026-08-12T19:17:30+00:00,101955.27,44410.9,
2026-08-12T19:18:30+00:00,101954.23,44410.9,
2026-08-12T19:19:30+00:00,101943.94,44410.9,
2026-08-12T19:20:30+00:00,101925.27,44410.9,
2026-08-12T19:21:30+00:00,101905.54,44410.9,
2026-08-12T19:22:31+00:00,101912.45,44410.9,
2026-08-12T19:23:31+00:00,101895.4,44410.9,
2026-08-12T19:24:31+00:00,101909.92,44410.9,
2026-08-12T19:25:31+00:00,101896.85,44410.9,
2026-08-12T19:26:32+00:00,101897.72,44410.9,
2026-08-12T19:27:32+00:00,101905.67,44410.9,
2026-08-12T19:28:32+00:00,101901.23,44410.9,
2026-08-12T19:29:32+00:00,101927.47,44410.9,
2026-08-12T19:30:33+00:00,101915.98,44410.9,
2026-08-12T19:31:33+00:00,101901.27,44410.9,
2026-08-12T19:32:33+00:00,101916.54,44410.9,
2026-08-12T19:33:33+00:00,101926.78,44410.9,
2026-08-12T19:34:33+00:00,101942.44,44410.9,
2026-08-12T19:35:34+00:00,101950.77,44410.9,
2026-08-12T19:36:34+00:00,101945.04,44410.9,
2026-08-12T19:37:34+00:00,101937.21,44410.9,
2026-08-12T19:38:34+00:00,101948.07,44410.9,
2026-08-12T19:39:35+00:00,101949.62,44410.9,
2026-08-12T19:40:35+00:00,101938.05,44410.9,
2026-08-12T19:41:35+00:00,101938.33,44410.9,
2026-08-12T19:42:35+00:00,101923.27,44410.9,
2026-08-12T19:43:35+00:00,101908.18,44410.9,
2026-08-12T19:44:36+00:00,101917.86,44410.9,
2026-08-12T19:45:36+00:00,101924.98,44410.9,
2026-08-12T19:46:36+00:00,101923.54,44410.9,
2026-08-12T19:47:36+00:00,101907.32,44410.9,
2026-08-12T19:48:37+00:00,101926.38,44410.9,
2026-08-12T19:49:37+00:00,101919.55,44410.9,
2026-08-12T19:50:37+00:00,101887.47,44410.9,
2026-08-12T19:51:37+00:00,101879.48,44410.9,
2026-08-12T19:52:38+00:00,101860.11,44410.9,
2026-08-12T19:53:38+00:00,101858.2,44410.9,
2026-08-12T19:54:38+00:00,101858.85,44410.9,
2026-08-12T19:55:38+00:00,101835.62,44410.9,
2026-08-12T19:56:38+00:00,101869.47,44410.9,
2026-08-12T19:57:39+00:00,101881.27,44410.9,
2026-08-12T19:58:39+00:00,101879.46,44410.9,
2026-08-12T19:59:39+00:00,101900.61,44410.9,
2026-08-12T20:00:39+00:00,101933.3,44410.9,
2026-08-12T20:01:40+00:00,101971.97,44410.9,
2026-08-12T20:02:40+00:00,101950.36,44410.9,
2026-08-12T20:03:40+00:00,101959.52,44410.9,
2026-08-12T20:04:40+00:00,101953.19,44410.9,
2026-08-12T20:05:40+00:00,102280.92,44410.9,
2026-08-12T20:06:41+00:00,102297.61,44410.9,
2026-08-12T20:07:41+00:00,102008.96,44410.9,
2026-08-12T20:08:42+00:00,102031.32,44410.9,
2026-08-12T20:09:42+00:00,102074.52,44410.9,
2026-08-12T20:10:42+00:00,102083.52,44410.9,
2026-08-12T20:11:42+00:00,102050.21,44410.9,
2026-08-12T20:12:43+00:00,101897.22,44410.9,
2026-08-12T20:13:43+00:00,101983.15,44410.9,
2026-08-12T20:14:43+00:00,101972.54,44410.9,
2026-08-12T20:15:43+00:00,101956.9,44410.9,
2026-08-12T20:16:44+00:00,101960.8,44410.9,
2026-08-12T20:17:44+00:00,101827.69,44410.9,
2026-08-12T20:18:44+00:00,101857.25,44410.9,
2026-08-12T20:19:44+00:00,101850.18,44410.9,
2026-08-12T20:20:45+00:00,101856.53,44410.9,
2026-08-12T20:21:45+00:00,101843.01,44410.9,
2026-08-12T20:22:46+00:00,101746.28,44410.9,
2026-08-12T20:23:46+00:00,101745.69,44410.9,
2026-08-12T20:24:46+00:00,101740.61,44410.9,
2026-08-12T20:25:46+00:00,101704.34,44410.9,
2026-08-12T20:26:47+00:00,101749.9,44410.9,
2026-08-12T20:27:47+00:00,101722.2,44410.9,
2026-08-12T20:28:48+00:00,101747.79,44410.9,
2026-08-12T20:29:48+00:00,101699.01,44410.9,
2026-08-12T20:30:48+00:00,101621.16,44410.9,
2026-08-12T20:31:48+00:00,101622.02,44410.9,
2026-08-12T20:32:49+00:00,101582.22,44410.9,
2026-08-12T20:33:49+00:00,101573.47,44410.9,
2026-08-12T20:34:49+00:00,101579.99,44410.9,
2026-08-12T20:35:49+00:00,101583.5,44410.9,
2026-08-12T20:36:50+00:00,101617.72,44410.9,
2026-08-12T20:37:50+00:00,101622.84,44410.9,
2026-08-12T20:38:50+00:00,101637.53,44410.9,
2026-08-12T20:39:50+00:00,101657.81,44410.9,
2026-08-12T20:40:50+00:00,101683.34,44410.9,
2026-08-12T20:41:51+00:00,101646.98,44410.9,
2026-08-12T20:42:51+00:00,101692.06,44410.9,
2026-08-12T20:43:51+00:00,101703.12,44410.9,
2026-08-12T20:44:51+00:00,101717.97,44410.9,
2026-08-12T20:45:52+00:00,101726.4,44410.9,
2026-08-12T20:46:52+00:00,101713.12,44410.9,
2026-08-12T20:47:52+00:00,101682.76,44410.9,
2026-08-13T09:58:32+00:00,101735.21,44410.9,
2026-08-13T09:59:33+00:00,101743.32,44410.9,
2026-08-13T10:00:33+00:00,101731.3,44410.9,
2026-08-13T10:01:33+00:00,101749.78,44410.9,
2026-08-13T10:02:33+00:00,101745.58,44410.9,
2026-08-13T10:03:34+00:00,101738.13,44410.9,
2026-08-13T10:04:34+00:00,101741.18,44410.9,
2026-08-13T10:05:34+00:00,101743.12,44410.9,
2026-08-13T10:06:34+00:00,101736.19,44410.9,
2026-08-13T10:07:34+00:00,101731.35,44410.9,
2026-08-13T10:08:35+00:00,101724.31,44410.9,
2026-08-13T10:09:36+00:00,101735.26,44410.9,
2026-08-13T10:10:36+00:00,101741.13,44410.9,
2026-08-13T10:11:36+00:00,101745.47,44410.9,
2026-08-13T10:12:36+00:00,101736.09,44410.9,
2026-08-13T10:13:36+00:00,101750.41,44410.9,
2026-08-13T10:14:37+00:00,101750.73,44410.9,
2026-08-13T10:15:37+00:00,101740.76,44410.9,
2026-08-13T10:16:37+00:00,101735.49,44410.9,
2026-08-13T10:17:37+00:00,101742.25,44410.9,
2026-08-13T10:18:37+00:00,101733.45,44410.9,
2026-08-13T10:19:38+00:00,101729.25,44410.9,
2026-08-13T10:20:38+00:00,101729.25,44410.9,
2026-08-13T11:04:38+00:00,101792.69,44410.9,
2026-08-13T11:05:38+00:00,101813.47,44410.9,
2026-08-13T11:06:39+00:00,101792.31,44410.9,
2026-08-13T11:07:39+00:00,101783.75,44410.9,
2026-08-13T11:08:39+00:00,101790.22,44410.9,
2026-08-13T11:09:40+00:00,101773.02,44410.9,
2026-08-13T11:10:40+00:00,101778.97,44410.9,
2026-08-13T11:11:40+00:00,101784.17,44410.9,
2026-08-13T11:12:41+00:00,101782.5,44410.9,
2026-08-13T11:13:41+00:00,101780.34,44410.9,
2026-08-13T11:14:41+00:00,101778.41,44410.9,
2026-08-13T11:15:41+00:00,101789.21,44410.9,
2026-08-13T11:16:42+00:00,101777.25,44410.9,
2026-08-13T11:17:42+00:00,101747.5,44410.9,
2026-08-13T11:18:42+00:00,101739.37,44410.9,
2026-08-13T11:19:42+00:00,101749.99,44410.9,
2026-08-13T11:20:42+00:00,101744.32,44410.9,
2026-08-13T11:21:43+00:00,101742.4,44410.9,
2026-08-13T11:22:43+00:00,101751.36,44410.9,
2026-08-13T11:23:43+00:00,101763.99,44410.9,
2026-08-13T11:24:43+00:00,101760.9,44410.9,
2026-08-13T11:25:44+00:00,101765.83,44410.9,
2026-08-13T11:26:44+00:00,101767.69,44410.9,
2026-08-13T11:27:44+00:00,101784.61,44410.9,
2026-08-13T11:28:44+00:00,101782.37,44410.9,
2026-08-13T11:29:44+00:00,101778.96,44410.9,
2026-08-13T11:30:45+00:00,101775.73,44410.9,
2026-08-13T11:31:45+00:00,101776.34,44410.9,
2026-08-13T11:32:45+00:00,101781.5,44410.9,
2026-08-13T11:33:45+00:00,101783.02,44410.9,
2026-08-13T11:34:46+00:00,101778.15,44410.9,
2026-08-13T11:35:46+00:00,101783.7,44410.9,
2026-08-13T11:36:46+00:00,101786.47,44410.9,
2026-08-13T11:37:46+00:00,101782.33,44410.9,
2026-08-13T11:38:47+00:00,101793.84,44410.9,
2026-08-13T11:39:47+00:00,101743.74,44410.9,
2026-08-13T11:40:47+00:00,101737.5,44410.9,
2026-08-13T11:41:47+00:00,101738.79,44410.9,
2026-08-13T11:42:47+00:00,101735.72,44410.9,
2026-08-13T11:43:48+00:00,101734.92,44410.9,
2026-08-13T11:44:48+00:00,101789.41,44410.9,
2026-08-13T11:45:48+00:00,101808.86,44410.9,
2026-08-13T11:46:48+00:00,101812.98,44410.9,
2026-08-13T11:47:48+00:00,101809.79,44410.9,
2026-08-13T11:48:49+00:00,101811.52,44410.9,
2026-08-13T11:49:50+00:00,101828.19,44410.9,
2026-08-13T11:50:50+00:00,101809.76,44410.9,
2026-08-13T11:51:50+00:00,101807.0,44410.9,
2026-08-13T11:52:50+00:00,101814.07,44410.9,
2026-08-13T11:53:50+00:00,101793.73,44410.9,
2026-08-13T11:54:51+00:00,101801.28,44410.9,
2026-08-13T11:55:51+00:00,101804.36,44410.9,
2026-08-13T11:56:51+00:00,101796.21,44410.9,
2026-08-13T11:57:51+00:00,101794.21,44410.9,
2026-08-13T11:58:51+00:00,101801.82,44410.9,
2026-08-13T11:59:52+00:00,101803.53,44410.9,
2026-08-13T12:00:52+00:00,101803.93,44410.9,
2026-08-13T12:01:52+00:00,101794.34,44410.9,
2026-08-13T12:02:52+00:00,101792.77,44410.9,
2026-08-13T12:03:53+00:00,101787.23,44410.9,
2026-08-13T12:04:53+00:00,101763.38,44410.9,
2026-08-13T12:05:53+00:00,101742.22,44410.9,
2026-08-13T12:06:53+00:00,101777.02,44410.9,
2026-08-13T12:07:53+00:00,101766.06,44410.9,
2026-08-13T12:08:54+00:00,101740.19,44410.9,
2026-08-13T12:09:55+00:00,101758.98,44410.9,
2026-08-13T12:10:55+00:00,101746.61,44410.9,
2026-08-13T12:11:55+00:00,101761.4,44410.9,
2026-08-13T12:12:55+00:00,101737.36,44410.9,
2026-08-13T12:13:55+00:00,101741.31,44410.9,
2026-08-13T12:14:56+00:00,101750.81,44410.9,
2026-08-13T12:15:56+00:00,101738.0,44410.9,
2026-08-13T12:16:56+00:00,101731.34,44410.9,
2026-08-13T12:17:56+00:00,101729.06,44410.9,
2026-08-13T12:18:57+00:00,101730.48,44410.9,
2026-08-13T12:19:57+00:00,101734.74,44410.9,
2026-08-13T12:20:58+00:00,101709.2,44410.9,
2026-08-13T12:21:58+00:00,101710.77,44410.9,
2026-08-13T12:22:58+00:00,101692.17,44410.9,
2026-08-13T12:23:58+00:00,101694.8,44410.9,
2026-08-13T12:24:58+00:00,101691.9,44410.9,
2026-08-13T12:25:59+00:00,101692.25,44410.9,
2026-08-13T12:26:59+00:00,101695.32,44410.9,
2026-08-13T12:27:59+00:00,101687.18,44410.9,
2026-08-13T12:28:59+00:00,101703.41,44410.9,
2026-08-13T12:30:00+00:00,101729.68,44410.9,
2026-08-13T12:31:00+00:00,101751.44,44410.9,
2026-08-13T12:32:00+00:00,101707.6,44410.9,
2026-08-13T12:33:00+00:00,101696.32,44410.9,
2026-08-13T12:34:01+00:00,101725.57,44410.9,
2026-08-13T12:35:01+00:00,101725.13,44410.9,
2026-08-13T12:36:01+00:00,101743.68,44410.9,
2026-08-13T12:37:01+00:00,101738.32,44410.9,
2026-08-13T12:38:01+00:00,101731.48,44410.9,
2026-08-13T12:39:02+00:00,101724.94,44410.9,
2026-08-13T12:40:02+00:00,101743.37,44410.9,
2026-08-13T12:41:02+00:00,101739.57,44410.9,
2026-08-13T12:42:02+00:00,101757.29,44410.9,
2026-08-13T12:43:03+00:00,101775.73,44410.9,
2026-08-13T12:44:03+00:00,101754.18,44410.9,
2026-08-13T12:45:03+00:00,101764.78,44410.9,
2026-08-13T12:46:03+00:00,101760.43,44410.9,
2026-08-13T12:47:03+00:00,101761.55,44410.9,
2026-08-13T12:48:04+00:00,101751.64,44410.9,
2026-08-13T12:49:04+00:00,101725.19,44410.9,
2026-08-13T12:50:04+00:00,101739.95,44410.9,
2026-08-13T12:51:04+00:00,101723.98,44410.9,
2026-08-13T12:52:05+00:00,101752.92,44410.9,
2026-08-13T12:53:05+00:00,101757.26,44410.9,
2026-08-13T12:54:05+00:00,101749.26,44410.9,
2026-08-13T12:55:05+00:00,101764.02,44410.9,
2026-08-13T12:56:05+00:00,101767.03,44410.9,
2026-08-13T12:57:06+00:00,101777.49,44410.9,
2026-08-13T12:58:06+00:00,101787.55,44410.9,
2026-08-13T12:59:06+00:00,101789.02,44410.9,
2026-08-13T13:00:07+00:00,101783.86,44410.9,
2026-08-13T13:01:07+00:00,101799.7,44410.9,
2026-08-13T13:02:07+00:00,101798.21,44410.9,
2026-08-13T13:03:08+00:00,101798.32,44410.9,
2026-08-13T13:04:08+00:00,101803.12,44410.9,
2026-08-13T13:05:08+00:00,101805.99,44410.9,
2026-08-13T13:06:08+00:00,101797.24,44410.9,
2026-08-13T13:07:08+00:00,101806.35,44410.9,
2026-08-13T13:08:09+00:00,101811.63,44410.9,
2026-08-13T13:09:09+00:00,101814.68,44410.9,
2026-08-13T13:10:09+00:00,101821.43,44410.9,
2026-08-13T13:11:09+00:00,101873.0,44410.9,
2026-08-13T13:12:10+00:00,101842.86,44410.9,
2026-08-13T13:13:10+00:00,101842.57,44410.9,
2026-08-13T13:14:10+00:00,101838.19,44410.9,
2026-08-13T13:15:10+00:00,101831.82,44410.9,
2026-08-13T13:16:11+00:00,101840.14,44410.9,
2026-08-13T13:17:11+00:00,101827.32,44410.9,
2026-08-13T13:18:11+00:00,101822.08,44410.9,
2026-08-13T13:19:11+00:00,101817.42,44410.9,
2026-08-13T13:20:11+00:00,101815.99,44410.9,
2026-08-13T13:21:12+00:00,101817.89,44410.9,
2026-08-13T13:22:12+00:00,101814.37,44410.9,
2026-08-13T13:23:12+00:00,101815.66,44410.9,
2026-08-13T13:24:12+00:00,101810.4,44410.9,
2026-08-13T13:25:13+00:00,101793.47,44410.9,
2026-08-13T13:26:13+00:00,101770.67,44410.9,
2026-08-13T13:27:13+00:00,101752.55,44410.9,
2026-08-13T13:28:13+00:00,101745.88,44410.9,
2026-08-13T13:29:13+00:00,101734.48,44410.9,
2026-08-13T13:30:14+00:00,101653.17,44410.9,
2026-08-13T13:31:14+00:00,101717.27,44410.9,
2026-08-13T13:32:14+00:00,101579.51,44410.9,
2026-08-13T13:33:14+00:00,101504.2,44410.9,
2026-08-13T13:34:15+00:00,101545.34,44410.9,
2026-08-13T13:35:15+00:00,101548.32,44410.9,
2026-08-13T13:36:15+00:00,101640.79,44410.9,
2026-08-13T13:37:15+00:00,101658.55,44410.9,
2026-08-13T13:38:16+00:00,101710.83,44410.9,
2026-08-13T13:39:16+00:00,101723.43,44410.9,
2026-08-13T13:40:16+00:00,101755.93,44410.9,
2026-08-13T13:41:16+00:00,101764.69,44410.9,
2026-08-13T13:42:17+00:00,101786.4,44410.9,
2026-08-13T13:43:17+00:00,101787.82,44410.9,
2026-08-13T13:44:17+00:00,101786.44,44410.9,
2026-08-13T13:45:17+00:00,101876.56,44410.9,
2026-08-13T13:46:17+00:00,101933.23,44410.9,
2026-08-13T13:47:18+00:00,101976.33,44410.9,
2026-08-13T13:48:18+00:00,101994.77,44410.9,
2026-08-13T13:49:18+00:00,101933.61,44410.9,
2026-08-13T13:50:18+00:00,101838.61,44410.9,
2026-08-13T13:51:19+00:00,101804.99,44410.9,
2026-08-13T13:52:19+00:00,101770.05,44410.9,
2026-08-13T13:53:19+00:00,101703.82,44410.9,
2026-08-13T13:54:19+00:00,101746.2,44410.9,
2026-08-13T13:55:20+00:00,101715.05,44410.9,
2026-08-13T13:56:20+00:00,101735.64,44410.9,
2026-08-13T13:57:20+00:00,101794.76,44410.9,
2026-08-13T13:58:21+00:00,101818.69,44410.9,
2026-08-13T13:59:21+00:00,101839.48,44410.9,
2026-08-13T14:00:21+00:00,101828.4,44410.9,
2026-08-13T14:01:21+00:00,101846.63,44410.9,
2026-08-13T14:02:22+00:00,101873.54,44410.9,
2026-08-13T14:03:22+00:00,101879.99,44410.9,
2026-08-13T14:04:22+00:00,101883.2,44410.9,
2026-08-13T14:05:22+00:00,101905.96,44410.9,
2026-08-13T14:06:23+00:00,101894.95,44410.9,
2026-08-13T14:07:23+00:00,101869.16,44410.9,
2026-08-13T14:08:24+00:00,101842.88,44410.9,
2026-08-13T14:09:24+00:00,101868.31,44410.9,
2026-08-13T14:10:24+00:00,101841.46,44410.9,
2026-08-13T14:11:24+00:00,101833.11,44410.9,
2026-08-13T14:12:24+00:00,101839.55,44410.9,
2026-08-13T14:13:25+00:00,101887.24,44410.9,
2026-08-13T14:14:25+00:00,101911.41,44410.9,
2026-08-13T14:15:25+00:00,101931.91,44410.9,
2026-08-13T14:16:25+00:00,101928.0,44410.9,
2026-08-13T14:17:26+00:00,101947.57,44410.9,
2026-08-13T14:18:26+00:00,102012.27,44410.9,
2026-08-13T14:19:26+00:00,102012.28,44410.9,
2026-08-13T14:20:26+00:00,101950.99,44410.9,
2026-08-13T14:21:27+00:00,101994.35,44410.9,
2026-08-13T14:22:27+00:00,102040.42,44410.9,
2026-08-13T14:23:27+00:00,102080.32,44410.9,
2026-08-13T14:24:27+00:00,102047.83,44410.9,
2026-08-13T14:25:28+00:00,102032.75,44410.9,
2026-08-13T14:26:28+00:00,102075.24,44410.9,
2026-08-13T14:27:28+00:00,102073.29,44410.9,
2026-08-13T14:28:28+00:00,102108.35,44410.9,
2026-08-13T14:29:29+00:00,102100.09,44410.9,
2026-08-13T14:30:29+00:00,102079.9,44410.9,
2026-08-13T14:31:29+00:00,102079.76,44410.9,
2026-08-13T14:32:29+00:00,102083.77,44410.9,
2026-08-13T14:33:29+00:00,102070.94,44410.9,
2026-08-13T14:34:30+00:00,102043.21,44410.9,
2026-08-13T14:35:30+00:00,102052.21,44410.9,
2026-08-13T14:36:30+00:00,102071.2,44410.9,
2026-08-13T14:37:30+00:00,102070.79,44410.9,
2026-08-13T14:38:31+00:00,102025.91,44410.9,
2026-08-13T14:39:31+00:00,101999.54,44410.9,
2026-08-13T14:40:31+00:00,101994.13,44410.9,
2026-08-13T14:41:31+00:00,102001.6,44410.9,
2026-08-13T14:42:32+00:00,102000.22,44410.9,
2026-08-13T14:43:32+00:00,101983.59,44410.9,
2026-08-13T14:44:32+00:00,101997.96,44410.9,
2026-08-13T14:45:32+00:00,101958.27,44410.9,
2026-08-13T14:46:33+00:00,101972.68,44410.9,
2026-08-13T14:47:33+00:00,101965.0,44410.9,
2026-08-13T14:48:33+00:00,101943.86,44410.9,
2026-08-13T14:49:33+00:00,101905.28,44410.9,
2026-08-13T14:50:33+00:00,101945.62,44410.9,
2026-08-13T14:51:34+00:00,101954.96,44410.9,
2026-08-13T14:52:34+00:00,101937.54,44410.9,
2026-08-13T14:53:34+00:00,101918.84,44410.9,
2026-08-13T14:54:34+00:00,101927.66,44410.9,
2026-08-13T14:55:35+00:00,101908.58,44410.9,
2026-08-13T14:56:35+00:00,101883.81,44410.9,
2026-08-13T14:57:35+00:00,101857.72,44410.9,
2026-08-13T14:58:35+00:00,101849.26,44410.9,
2026-08-13T14:59:36+00:00,101875.38,44410.9,
2026-08-13T15:00:36+00:00,101889.59,44410.9,
2026-08-13T15:01:36+00:00,101904.87,44410.9,
2026-08-13T15:02:36+00:00,101902.31,44410.9,
2026-08-13T15:03:36+00:00,101859.59,44410.9,
2026-08-13T15:04:37+00:00,101841.51,44410.9,
2026-08-13T15:05:37+00:00,101845.39,44410.9,
2026-08-13T15:06:37+00:00,101855.49,44410.9,
2026-08-13T15:07:37+00:00,101879.29,44410.9,
2026-08-13T15:08:38+00:00,101875.9,44410.9,
2026-08-13T15:09:38+00:00,101861.55,44410.9,
2026-08-13T15:10:38+00:00,101841.67,44410.9,
2026-08-13T15:11:38+00:00,101822.56,44410.9,
2026-08-13T15:12:39+00:00,101820.27,44410.9,
2026-08-13T15:13:39+00:00,101794.29,44410.9,
2026-08-13T15:14:39+00:00,101793.23,44410.9,
2026-08-13T15:15:39+00:00,101756.64,44410.9,
2026-08-13T15:16:40+00:00,101736.26,44410.9,
2026-08-13T15:17:40+00:00,101746.59,44410.9,
2026-08-13T15:18:40+00:00,101721.62,44410.9,
2026-08-13T15:19:40+00:00,101708.82,44410.9,
2026-08-13T15:20:41+00:00,101731.74,44410.9,
2026-08-13T15:21:41+00:00,101739.68,44410.9,
2026-08-13T15:22:41+00:00,101724.42,44410.9,
2026-08-13T15:23:41+00:00,101726.35,44410.9,
2026-08-13T15:24:41+00:00,101745.9,44410.9,
2026-08-13T15:25:42+00:00,101742.7,44410.9,
2026-08-13T15:26:42+00:00,101748.39,44410.9,
2026-08-13T15:27:42+00:00,101731.59,44410.9,
2026-08-13T15:28:42+00:00,101707.0,44410.9,
2026-08-13T15:29:43+00:00,101709.01,44410.9,
2026-08-13T15:30:43+00:00,101714.27,44410.9,
2026-08-13T15:31:43+00:00,101744.7,44410.9,
2026-08-13T15:32:43+00:00,101719.11,44410.9,
2026-08-13T15:33:44+00:00,101712.47,44410.9,
2026-08-13T15:34:44+00:00,101679.63,44410.9,
2026-08-13T15:35:44+00:00,101719.29,44410.9,
2026-08-13T15:36:44+00:00,101707.51,44410.9,
2026-08-13T15:37:44+00:00,101699.74,44410.9,
2026-08-13T15:38:45+00:00,101687.48,44410.9,
2026-08-13T15:39:45+00:00,101688.98,44410.9,
2026-08-13T15:40:45+00:00,101671.36,44410.9,
2026-08-13T15:41:45+00:00,101710.3,44410.9,
2026-08-13T15:42:46+00:00,101742.72,44410.9,
2026-08-13T15:43:46+00:00,101716.31,44410.9,
2026-08-13T15:44:46+00:00,101715.3,44410.9,
2026-08-13T15:45:46+00:00,101683.76,44410.9,
2026-08-13T15:46:46+00:00,101689.1,44410.9,
2026-08-13T15:47:47+00:00,101704.96,44410.9,
2026-08-13T15:48:47+00:00,101700.8,44410.9,
2026-08-13T15:49:47+00:00,101687.06,44410.9,
2026-08-13T15:50:47+00:00,101698.37,44410.9,
2026-08-13T15:51:48+00:00,101697.96,44410.9,
2026-08-13T15:52:48+00:00,101690.79,44410.9,
2026-08-13T15:53:48+00:00,101690.05,44410.9,
2026-08-13T15:54:48+00:00,101690.47,44410.9,
2026-08-13T15:55:49+00:00,101685.92,44410.9,
2026-08-13T15:56:49+00:00,101708.66,44410.9,
2026-08-13T15:57:49+00:00,101699.62,44410.9,
2026-08-13T15:58:49+00:00,101667.75,44410.9,
2026-08-13T15:59:49+00:00,101643.87,44410.9,
2026-08-13T16:00:50+00:00,101671.83,44410.9,
2026-08-13T16:01:50+00:00,101684.87,44410.9,
2026-08-13T16:02:50+00:00,101684.03,44410.9,
2026-08-13T16:03:50+00:00,101696.54,44410.9,
2026-08-13T16:04:51+00:00,101693.4,44410.9,
2026-08-13T16:05:51+00:00,101725.53,44410.9,
2026-08-13T16:06:51+00:00,101722.96,44410.9,
2026-08-13T16:07:51+00:00,101724.83,44410.9,
2026-08-13T16:08:51+00:00,101718.73,44410.9,
2026-08-13T16:09:52+00:00,101694.52,44410.9,
2026-08-13T16:10:52+00:00,101691.08,44410.9,
2026-08-13T16:11:52+00:00,101703.62,44410.9,
2026-08-13T16:12:52+00:00,101678.54,44410.9,
2026-08-13T16:13:53+00:00,101675.08,44410.9,
2026-08-13T16:14:53+00:00,101654.97,44410.9,
2026-08-13T16:15:53+00:00,101665.54,44410.9,
2026-08-13T16:16:53+00:00,101647.01,44410.9,
2026-08-13T16:17:53+00:00,101638.38,44410.9,
2026-08-13T16:18:54+00:00,101632.06,44410.9,
2026-08-13T16:19:54+00:00,101636.75,44410.9,
2026-08-13T16:20:54+00:00,101658.95,44410.9,
2026-08-13T16:21:54+00:00,101656.04,44410.9,
2026-08-13T16:22:55+00:00,101650.86,44410.9,
2026-08-13T16:23:55+00:00,101639.87,44410.9,
2026-08-13T16:24:55+00:00,101652.85,44410.9,
2026-08-13T16:25:55+00:00,101682.0,44410.9,
2026-08-13T16:26:55+00:00,101674.97,44410.9,
2026-08-13T16:27:56+00:00,101673.55,44410.9,
2026-08-13T16:28:56+00:00,101688.86,44410.9,
2026-08-13T16:29:56+00:00,101680.76,44410.9,
2026-08-13T16:30:56+00:00,101682.94,44410.9,
2026-08-13T16:31:57+00:00,101685.55,44410.9,
2026-08-13T16:32:57+00:00,101676.82,44410.9,
2026-08-13T16:33:57+00:00,101701.24,44410.9,
2026-08-13T16:34:57+00:00,101700.68,44410.9,
2026-08-13T16:35:57+00:00,101705.04,44410.9,
2026-08-13T16:36:58+00:00,101704.01,44410.9,
2026-08-13T16:37:58+00:00,101710.81,44410.9,
2026-08-13T16:38:58+00:00,101711.52,44410.9,
2026-08-13T16:39:58+00:00,101689.65,44410.9,
2026-08-13T16:40:59+00:00,101675.4,44410.9,
2026-08-13T16:41:59+00:00,101695.26,44410.9,
2026-08-13T16:42:59+00:00,101716.2,44410.9,
2026-08-13T16:43:59+00:00,101725.75,44410.9,
2026-08-13T16:45:00+00:00,101725.51,44410.9,
2026-08-13T16:46:00+00:00,101721.77,44410.9,
2026-08-13T16:47:00+00:00,101703.11,44410.9,
2026-08-13T16:48:00+00:00,101699.47,44410.9,
2026-08-13T16:49:01+00:00,101688.12,44410.9,
2026-08-13T16:50:01+00:00,101687.03,44410.9,
2026-08-13T16:51:01+00:00,101700.68,44410.9,
2026-08-13T16:52:01+00:00,101697.05,44410.9,
2026-08-13T16:53:01+00:00,101700.21,44410.9,
2026-08-13T16:54:02+00:00,101705.12,44410.9,
2026-08-13T16:55:02+00:00,101695.03,44410.9,
2026-08-13T16:56:02+00:00,101705.84,44410.9,
2026-08-13T16:57:02+00:00,101713.33,44410.9,
2026-08-13T16:58:03+00:00,101721.59,44410.9,
2026-08-13T16:59:03+00:00,101730.75,44410.9,
2026-08-13T17:00:03+00:00,101736.76,44410.9,
2026-08-13T17:01:03+00:00,101756.32,44410.9,
2026-08-13T17:02:04+00:00,101758.33,44410.9,
2026-08-13T17:03:04+00:00,101742.4,44410.9,
2026-08-13T17:04:04+00:00,101741.83,44410.9,
2026-08-13T17:05:04+00:00,101747.9,44410.9,
2026-08-13T17:06:05+00:00,101766.07,44410.9,
2026-08-13T17:07:05+00:00,101765.65,44410.9,
2026-08-13T17:08:05+00:00,101757.72,44410.9,
2026-08-13T17:09:05+00:00,101748.23,44410.9,
2026-08-13T17:10:05+00:00,101740.08,44410.9,
2026-08-13T17:11:06+00:00,101746.04,44410.9,
2026-08-13T17:12:06+00:00,101738.84,44410.9,
2026-08-13T17:13:06+00:00,101739.61,44410.9,
2026-08-13T17:14:06+00:00,101741.54,44410.9,
2026-08-13T17:15:07+00:00,101752.5,44410.9,
2026-08-13T17:16:07+00:00,101765.87,44410.9,
2026-08-13T17:17:07+00:00,101776.0,44410.9,
2026-08-13T17:18:07+00:00,101765.46,44410.9,
2026-08-13T17:19:08+00:00,101771.37,44410.9,
2026-08-13T17:20:08+00:00,101790.15,44410.9,
2026-08-13T17:21:08+00:00,101775.64,44410.9,
2026-08-13T17:22:08+00:00,101799.31,44410.9,
2026-08-13T17:23:08+00:00,101788.34,44410.9,
2026-08-13T17:24:09+00:00,101786.76,44410.9,
2026-08-13T17:25:09+00:00,101777.12,44410.9,
2026-08-13T17:26:10+00:00,101746.77,44410.9,
2026-08-13T17:27:10+00:00,101725.81,44410.9,
2026-08-13T17:28:10+00:00,101698.38,44410.9,
2026-08-13T17:29:10+00:00,101693.07,44410.9,
2026-08-13T17:30:11+00:00,101683.36,44410.9,
2026-08-13T17:31:11+00:00,101675.58,44410.9,
2026-08-13T17:32:11+00:00,101662.42,44410.9,
2026-08-13T17:33:11+00:00,101677.36,44410.9,
2026-08-13T17:34:12+00:00,101671.62,44410.9,
2026-08-13T17:35:12+00:00,101660.19,44410.9,
2026-08-13T17:36:12+00:00,101664.1,44410.9,
2026-08-13T17:37:12+00:00,101662.94,44410.9,
2026-08-13T17:38:12+00:00,101644.76,44410.9,
2026-08-13T17:39:13+00:00,101662.4,44410.9,
2026-08-13T17:40:13+00:00,101677.69,44410.9,
2026-08-13T17:41:13+00:00,101686.08,44410.9,
2026-08-13T17:42:13+00:00,101679.79,44410.9,
2026-08-13T17:43:14+00:00,101667.45,44410.9,
2026-08-13T17:44:14+00:00,101662.19,44410.9,
2026-08-13T17:45:14+00:00,101670.92,44410.9,
2026-08-13T17:46:14+00:00,101669.2,44410.9,
2026-08-13T17:47:15+00:00,101669.01,44410.9,
2026-08-13T17:48:15+00:00,101662.11,44410.9,
2026-08-13T17:49:15+00:00,101662.59,44410.9,
2026-08-13T17:50:15+00:00,101658.92,44410.9,
2026-08-13T17:51:15+00:00,101661.77,44410.9,
2026-08-13T17:52:16+00:00,101659.3,44410.9,
2026-08-13T17:53:16+00:00,101659.3,44410.9,
2026-08-13T17:54:16+00:00,101662.18,44410.9,
2026-08-13T17:55:16+00:00,101665.17,44410.9,
2026-08-13T17:56:17+00:00,101657.46,44410.9,
2026-08-13T17:57:17+00:00,101671.88,44410.9,
2026-08-13T17:58:17+00:00,101677.27,44410.9,
2026-08-13T17:59:17+00:00,101676.61,44410.9,
2026-08-13T18:00:18+00:00,101671.67,44410.9,
2026-08-13T18:01:18+00:00,101672.75,44410.9,
2026-08-13T18:02:18+00:00,101684.62,44410.9,
2026-08-13T18:03:18+00:00,101697.88,44410.9,
2026-08-13T18:04:18+00:00,101704.21,44410.9,
2026-08-13T18:05:19+00:00,101716.44,44410.9,
2026-08-13T18:06:19+00:00,101704.52,44410.9,
2026-08-13T18:07:19+00:00,101704.46,44410.9,
2026-08-13T18:08:19+00:00,101693.38,44410.9,
2026-08-13T18:09:20+00:00,101692.63,44410.9,
2026-08-13T18:10:20+00:00,101669.82,44410.9,
2026-08-13T18:11:20+00:00,101676.04,44410.9,
2026-08-13T18:12:20+00:00,101683.78,44410.9,
2026-08-13T18:13:21+00:00,101711.83,44410.9,
2026-08-13T18:14:21+00:00,101699.17,44410.9,
2026-08-13T18:15:21+00:00,101708.78,44410.9,
2026-08-13T18:16:22+00:00,101694.04,44410.9,
2026-08-13T18:17:22+00:00,101687.13,44410.9,
2026-08-13T18:18:22+00:00,101661.67,44410.9,
2026-08-13T18:19:22+00:00,101653.67,44410.9,
2026-08-13T18:20:23+00:00,101658.98,44410.9,
2026-08-13T18:21:23+00:00,101646.04,44410.9,
2026-08-13T18:22:23+00:00,101633.85,44410.9,
2026-08-13T18:23:24+00:00,101627.5,44410.9,
2026-08-13T18:24:24+00:00,101621.03,44410.9,
2026-08-13T18:25:24+00:00,101625.04,44410.9,
2026-08-13T18:26:24+00:00,101607.55,44410.9,
2026-08-13T18:27:25+00:00,101612.16,44410.9,
2026-08-13T18:28:25+00:00,101611.77,44410.9,
2026-08-13T18:29:25+00:00,101619.1,44410.9,
2026-08-13T18:30:25+00:00,101618.05,44410.9,
2026-08-13T18:31:25+00:00,101626.65,44410.9,
2026-08-13T18:32:26+00:00,101630.23,44410.9,
2026-08-13T18:33:27+00:00,101624.91,44410.9,
2026-08-13T18:34:27+00:00,101627.63,44410.9,
2026-08-13T18:35:27+00:00,101629.51,44410.9,
2026-08-13T18:36:27+00:00,101615.15,44410.9,
2026-08-13T18:37:28+00:00,101594.07,44410.9,
2026-08-13T18:38:28+00:00,101592.43,44410.9,
2026-08-13T18:39:28+00:00,101582.58,44410.9,
2026-08-13T18:40:28+00:00,101565.96,44410.9,
2026-08-13T18:41:29+00:00,101547.86,44410.9,
2026-08-13T18:42:29+00:00,101537.58,44410.9,
2026-08-13T18:43:29+00:00,101542.04,44410.9,
2026-08-13T18:44:29+00:00,101532.06,44410.9,
2026-08-13T18:45:29+00:00,101541.16,44410.9,
2026-08-13T18:46:30+00:00,101546.69,44410.9,
2026-08-13T18:47:30+00:00,101560.44,44410.9,
2026-08-13T18:48:30+00:00,101567.3,44410.9,
2026-08-13T18:49:30+00:00,101552.83,44410.9,
2026-08-13T18:50:31+00:00,101569.86,44410.9,
2026-08-13T18:51:31+00:00,101564.42,44410.9,
2026-08-13T18:52:31+00:00,101537.19,44410.9,
2026-08-13T18:53:31+00:00,101533.81,44410.9,
2026-08-13T18:54:31+00:00,101542.22,44410.9,
2026-08-13T18:55:32+00:00,101517.53,44410.9,
2026-08-13T18:56:32+00:00,101520.76,44410.9,
2026-08-13T18:57:32+00:00,101506.84,44410.9,
2026-08-13T18:58:32+00:00,101498.59,44410.9,
2026-08-13T18:59:33+00:00,101497.66,44410.9,
2026-08-13T19:00:33+00:00,101520.63,44410.9,
2026-08-13T19:01:33+00:00,101537.38,44410.9,
2026-08-13T19:02:33+00:00,101542.36,44410.9,
2026-08-13T19:03:34+00:00,101550.91,44410.9,
2026-08-13T19:04:34+00:00,101532.94,44410.9,
2026-08-13T19:05:34+00:00,101553.31,44410.9,
2026-08-13T19:06:34+00:00,101561.92,44410.9,
2026-08-13T19:07:35+00:00,101566.03,44410.9,
2026-08-13T19:08:35+00:00,101584.79,44410.9,
2026-08-13T19:09:35+00:00,101560.42,44410.9,
2026-08-13T19:10:35+00:00,101565.81,44410.9,
2026-08-13T19:11:35+00:00,101554.99,44410.9,
2026-08-13T19:12:36+00:00,101530.53,44410.9,
2026-08-13T19:13:36+00:00,101547.96,44410.9,
2026-08-13T19:14:36+00:00,101532.5,44410.9,
2026-08-13T19:15:36+00:00,101532.52,44410.9,
2026-08-13T19:16:37+00:00,101534.78,44410.9,
2026-08-13T19:17:37+00:00,101526.71,44410.9,
2026-08-13T19:18:37+00:00,101535.58,44410.9,
2026-08-13T19:19:37+00:00,101545.91,44410.9,
2026-08-13T19:20:38+00:00,101562.19,44410.9,
2026-08-13T19:21:38+00:00,101560.37,44410.9,
2026-08-13T19:22:38+00:00,101538.37,44410.9,
2026-08-13T19:23:38+00:00,101532.06,44410.9,
2026-08-13T19:24:38+00:00,101528.2,44410.9,
2026-08-13T19:25:39+00:00,101511.47,44410.9,
2026-08-13T19:26:39+00:00,101483.89,44410.9,
2026-08-13T19:27:39+00:00,101472.12,44410.9,
2026-08-13T19:28:39+00:00,101477.44,44410.9,
2026-08-13T19:29:40+00:00,101476.36,44410.9,
2026-08-13T19:30:40+00:00,101468.76,44410.9,
2026-08-13T19:31:40+00:00,101484.55,44410.9,
2026-08-13T19:32:40+00:00,101466.77,44410.9,
2026-08-13T19:33:41+00:00,101461.05,44410.9,
2026-08-13T19:34:41+00:00,101452.01,44410.9,
2026-08-13T19:35:41+00:00,101462.81,44410.9,
2026-08-13T19:36:41+00:00,101426.44,44410.9,
2026-08-13T19:37:42+00:00,101408.87,44410.9,
2026-08-13T19:38:42+00:00,101424.39,44410.9,
2026-08-13T19:39:42+00:00,101414.62,44410.9,
2026-08-13T19:40:42+00:00,101387.24,44410.9,
2026-08-13T19:41:43+00:00,101355.07,44410.9,
2026-08-13T19:42:43+00:00,101361.02,44410.9,
2026-08-13T19:43:43+00:00,101339.62,44410.9,
2026-08-13T19:44:43+00:00,101329.72,44410.9,
2026-08-13T19:45:43+00:00,101328.88,44410.9,
2026-08-13T19:46:44+00:00,101336.47,44410.9,
2026-08-13T19:47:44+00:00,101322.8,44410.9,
2026-08-13T19:48:44+00:00,101341.16,44410.9,
2026-08-13T19:49:44+00:00,101347.42,44410.9,
2026-08-13T19:50:45+00:00,101312.13,44410.9,
2026-08-13T19:51:45+00:00,101326.13,44410.9,
2026-08-13T19:52:45+00:00,101328.26,44410.9,
2026-08-13T19:53:45+00:00,101331.14,44410.9,
2026-08-13T19:54:46+00:00,101316.13,44410.9,
2026-08-13T19:55:46+00:00,101341.55,44410.9,
2026-08-13T19:56:46+00:00,101332.53,44410.9,
2026-08-13T19:57:46+00:00,101387.1,44410.9,
2026-08-13T19:58:46+00:00,101346.93,44410.9,
2026-08-13T19:59:47+00:00,101336.75,44410.9,
2026-08-13T20:00:47+00:00,101377.57,44410.9,
2026-08-13T20:01:47+00:00,101218.94,44410.9,
2026-08-13T20:02:47+00:00,101258.69,44410.9,
2026-08-13T20:03:48+00:00,101251.16,44410.9,
2026-08-13T20:04:48+00:00,101257.48,44410.9,
2026-08-13T20:05:48+00:00,101313.12,44410.9,
2026-08-13T20:06:48+00:00,101279.59,44410.9,
2026-08-13T20:07:49+00:00,101297.2,44410.9,
2026-08-13T20:08:49+00:00,101297.59,44410.9,
2026-08-13T20:09:49+00:00,101236.22,44410.9,
2026-08-13T20:10:49+00:00,101224.8,44410.9,
2026-08-13T20:11:50+00:00,101237.71,44410.9,
2026-08-13T20:12:50+00:00,101236.05,44410.9,
2026-08-13T20:13:50+00:00,101218.52,44410.9,
2026-08-13T20:14:50+00:00,101235.92,44410.9,
2026-08-13T20:15:51+00:00,101241.49,44410.9,
2026-08-13T20:16:51+00:00,101235.99,44410.9,
2026-08-13T20:17:51+00:00,101241.28,44410.9,
2026-08-13T20:18:51+00:00,101257.77,44410.9,
2026-08-13T20:19:51+00:00,101284.77,44410.9,
2026-08-13T20:20:52+00:00,101265.75,44410.9,
2026-08-13T20:21:52+00:00,101219.48,44410.9,
2026-08-13T20:22:52+00:00,101180.47,44410.9,
2026-08-13T20:23:52+00:00,101196.85,44410.9,
2026-08-13T20:24:53+00:00,101199.05,44410.9,
2026-08-13T20:25:53+00:00,101207.47,44410.9,
2026-08-13T20:26:53+00:00,101213.47,44410.9,
2026-08-13T20:27:53+00:00,101208.23,44410.9,
2026-08-13T20:28:53+00:00,101226.76,44410.9,
2026-08-13T20:29:54+00:00,101245.31,44410.9,
2026-08-13T20:30:54+00:00,101255.51,44410.9,
2026-08-13T20:31:54+00:00,101234.77,44410.9,
2026-08-13T20:32:54+00:00,101223.83,44410.9,
2026-08-13T20:33:55+00:00,101246.97,44410.9,
2026-08-13T20:34:55+00:00,101240.23,44410.9,
2026-08-13T20:35:55+00:00,101242.63,44410.9,
2026-08-13T20:36:55+00:00,101252.83,44410.9,
2026-08-13T20:37:55+00:00,101256.45,44410.9,
2026-08-13T20:38:56+00:00,101258.82,44410.9,
2026-08-13T20:39:56+00:00,101261.05,44410.9,
2026-08-13T20:40:56+00:00,101250.97,44410.9,
2026-08-13T20:41:56+00:00,101261.9,44410.9,
2026-08-13T20:42:56+00:00,101248.91,44410.9,
2026-08-13T20:43:57+00:00,101250.83,44410.9,
2026-08-13T20:44:57+00:00,101406.98,44410.9,
2026-08-13T20:45:57+00:00,101405.16,44410.9,
2026-08-13T20:46:57+00:00,101404.55,44410.9,
2026-08-13T20:47:58+00:00,101411.02,44410.9,
2026-08-13T20:48:58+00:00,101406.72,44410.9,
2026-08-13T20:49:58+00:00,101397.98,44410.9,
2026-08-13T20:50:58+00:00,101397.83,44410.9,
2026-08-13T20:51:58+00:00,101395.0,44410.9,
2026-08-13T20:52:59+00:00,101386.45,44410.9,
2026-08-13T20:53:59+00:00,101393.2,44410.9,
2026-08-13T20:54:59+00:00,101393.01,44410.9,
2026-08-13T20:55:59+00:00,101408.14,44410.9,
2026-08-13T20:57:00+00:00,101406.7,44410.9,
2026-08-13T20:58:00+00:00,101403.12,44410.9,
2026-08-13T20:59:00+00:00,101404.16,44410.9,
2026-08-13T21:00:01+00:00,101397.82,44410.9,
2026-08-13T21:01:01+00:00,101397.09,44410.9,
2026-08-13T21:02:01+00:00,101385.55,44410.9,
2026-08-13T21:03:02+00:00,101389.55,44410.9,
2026-08-13T21:04:02+00:00,101394.44,44410.9,
2026-08-13T21:05:02+00:00,101369.83,44410.9,
2026-08-13T21:06:02+00:00,101364.78,44410.9,
2026-08-13T21:07:02+00:00,101350.34,44410.9,
2026-08-13T21:08:03+00:00,101354.35,44410.9,
2026-08-13T21:09:03+00:00,101350.52,44410.9,
2026-08-13T21:10:03+00:00,101350.19,44410.9,
2026-08-13T21:11:03+00:00,101335.23,44410.9,
2026-08-13T21:12:04+00:00,101333.89,44410.9,
2026-08-13T21:13:04+00:00,101329.6,44410.9,
2026-08-13T21:14:04+00:00,101330.61,44410.9,
2026-08-13T21:15:04+00:00,101341.44,44410.9,
2026-08-13T21:16:04+00:00,101339.68,44410.9,
2026-08-13T21:17:05+00:00,101337.66,44410.9,
2026-08-13T21:18:05+00:00,101337.45,44410.9,
2026-08-13T21:19:05+00:00,101351.44,44410.9,
2026-08-13T21:20:05+00:00,101337.23,44410.9,
2026-08-13T21:21:06+00:00,101333.85,44410.9,
2026-08-13T21:22:06+00:00,101340.62,44410.9,
2026-08-13T21:23:06+00:00,101329.0,44410.9,
2026-08-13T21:24:06+00:00,101330.76,44410.9,
2026-08-13T21:25:06+00:00,101320.2,44410.9,
2026-08-13T21:26:07+00:00,101304.43,44410.9,
2026-08-13T21:27:07+00:00,101312.66,44410.9,
2026-08-13T21:28:07+00:00,101300.56,44410.9,
2026-08-13T21:29:07+00:00,101302.21,44410.9,
2026-08-13T21:30:08+00:00,101299.82,44410.9,
2026-08-13T21:31:08+00:00,101314.31,44410.9,
2026-08-13T21:32:08+00:00,101315.54,44410.9,
2026-08-13T21:33:08+00:00,101325.05,44410.9,
2026-08-13T21:34:08+00:00,101324.28,44410.9,
2026-08-13T21:35:09+00:00,101322.48,44410.9,
2026-08-13T21:36:09+00:00,101325.43,44410.9,
2026-08-13T21:37:09+00:00,101336.55,44410.9,
2026-08-13T21:38:09+00:00,101328.33,44410.9,
2026-08-13T21:39:10+00:00,101328.66,44410.9,
2026-08-13T21:40:10+00:00,101326.02,44410.9,
2026-08-13T21:41:10+00:00,101334.52,44410.9,
2026-08-13T21:42:10+00:00,101330.33,44410.9,
2026-08-13T21:43:11+00:00,101328.99,44410.9,
2026-08-13T21:44:11+00:00,101325.84,44410.9,
2026-08-13T21:45:11+00:00,101323.62,44410.9,
2026-08-13T21:46:11+00:00,101317.02,44410.9,
2026-08-13T21:47:11+00:00,101326.56,44410.9,
2026-08-13T21:48:12+00:00,101329.79,44410.9,
2026-08-13T21:49:12+00:00,101328.22,44410.9,
2026-08-13T21:50:12+00:00,101327.05,44410.9,
2026-08-13T21:51:12+00:00,101329.55,44410.9,
2026-08-13T21:52:13+00:00,101332.56,44410.9,
2026-08-13T21:53:13+00:00,101332.79,44410.9,
2026-08-13T21:54:14+00:00,101329.88,44410.9,
2026-08-13T21:55:14+00:00,101333.74,44410.9,
2026-08-13T21:56:14+00:00,101334.17,44410.9,
2026-08-13T21:57:14+00:00,101332.52,44410.9,
2026-08-13T21:58:15+00:00,101333.15,44410.9,
2026-08-13T21:59:15+00:00,101333.33,44410.9,
2026-08-13T22:00:15+00:00,101325.34,44410.9,
2026-08-13T22:01:15+00:00,101323.04,44410.9,
2026-08-13T22:02:15+00:00,101329.75,44410.9,
2026-08-13T22:03:16+00:00,101339.28,44410.9,
2026-08-13T22:04:16+00:00,101337.81,44410.9,
2026-08-13T22:05:16+00:00,101340.27,44410.9,
2026-08-13T22:06:16+00:00,101338.59,44410.9,
2026-08-13T22:07:16+00:00,101338.91,44410.9,
2026-08-13T22:08:17+00:00,101339.33,44410.9,
2026-08-14T04:08:50+00:00,101352.41,44410.9,
2026-08-14T04:09:50+00:00,101352.41,44410.9,
2026-08-14T04:10:50+00:00,101358.43,44410.9,
2026-08-14T04:11:51+00:00,101358.43,44410.9,
2026-08-14T04:12:51+00:00,101358.43,44410.9,
2026-08-14T04:13:51+00:00,101361.58,44410.9,
2026-08-14T04:14:51+00:00,101359.48,44410.9,
2026-08-14T04:15:51+00:00,101355.15,44410.9,
2026-08-14T04:16:52+00:00,101355.15,44410.9,
2026-08-14T04:17:52+00:00,101358.23,44410.9,
2026-08-14T04:18:53+00:00,101358.23,44410.9,
2026-08-14T04:19:53+00:00,101358.58,44410.9,
2026-08-14T04:20:53+00:00,101358.58,44410.9,
2026-08-14T04:21:53+00:00,101358.72,44410.9,
2026-08-14T04:22:53+00:00,101358.3,44410.9,
2026-08-14T04:23:54+00:00,101358.3,44410.9,
2026-08-14T04:33:24+00:00,101363.36,44410.9,
2026-08-14T04:34:24+00:00,101367.76,44410.9,
2026-08-14T04:35:45+00:00,101363.56,44410.9,
2026-08-14T04:36:46+00:00,101363.56,44410.9,
2026-08-14T04:37:46+00:00,101362.16,44410.9,
2026-08-14T04:38:46+00:00,101362.16,44410.9,
2026-08-14T04:39:46+00:00,101364.33,44410.9,
2026-08-14T04:40:46+00:00,101364.33,44410.9,
2026-08-14T04:41:47+00:00,101365.73,44410.9,
2026-08-14T04:42:47+00:00,101365.66,44410.9,
2026-08-14T04:43:47+00:00,101365.66,44410.9,
2026-08-14T04:44:47+00:00,101361.7,44410.9,
2026-08-14T04:45:48+00:00,101361.7,44410.9,
2026-08-14T04:46:48+00:00,101359.39,44410.9,
2026-08-14T04:47:48+00:00,101358.2,44410.9,
2026-08-14T04:48:48+00:00,101359.46,44410.9,
2026-08-14T04:49:48+00:00,101359.46,44410.9,
2026-08-14T04:50:49+00:00,101359.46,44410.9,
2026-08-14T04:51:50+00:00,101359.46,44410.9,
2026-08-14T04:52:50+00:00,101359.46,44410.9,
2026-08-14T04:53:50+00:00,101359.46,44410.9,
2026-08-14T04:54:50+00:00,101355.61,44410.9,
2026-08-14T04:55:50+00:00,101355.82,44410.9,
2026-08-14T04:56:51+00:00,101355.82,44410.9,
2026-08-14T04:57:51+00:00,101355.82,44410.9,
2026-08-14T04:58:51+00:00,101353.02,44410.9,
2026-08-14T04:59:51+00:00,101353.02,44410.9,
2026-08-14T05:00:52+00:00,101351.55,44410.9,
2026-08-14T05:01:52+00:00,101355.05,44410.9,
2026-08-14T05:02:52+00:00,101349.35,44410.9,
2026-08-14T05:03:52+00:00,101349.35,44410.9,
2026-08-14T05:04:53+00:00,101349.35,44410.9,
2026-08-14T05:05:53+00:00,101348.09,44410.9,
2026-08-14T05:06:53+00:00,101348.09,44410.9,
2026-08-14T05:07:53+00:00,101348.12,44410.9,
2026-08-14T05:08:53+00:00,101345.25,44410.9,
2026-08-14T05:09:54+00:00,101343.92,44410.9,
2026-08-14T05:10:54+00:00,101342.8,44410.9,
2026-08-14T05:11:54+00:00,101342.29,44410.9,
2026-08-14T05:12:54+00:00,101342.29,44410.9,
2026-08-14T05:13:54+00:00,101342.29,44410.9,
2026-08-14T05:14:55+00:00,101347.12,44410.9,
2026-08-14T05:15:55+00:00,101347.19,44410.9,
2026-08-14T05:16:55+00:00,101349.29,44410.9,
2026-08-14T05:17:55+00:00,101349.29,44410.9,
2026-08-14T05:18:56+00:00,101351.95,44410.9,
2026-08-14T05:19:56+00:00,101351.88,44410.9,
2026-08-14T05:20:56+00:00,101351.88,44410.9,
2026-08-14T05:21:56+00:00,101351.88,44410.9,
2026-08-14T05:22:56+00:00,101351.88,44410.9,
2026-08-14T05:23:57+00:00,101351.88,44410.9,
2026-08-14T05:24:57+00:00,101351.39,44410.9,
2026-08-14T05:25:57+00:00,101351.39,44410.9,
2026-08-14T05:26:57+00:00,101351.39,44410.9,
2026-08-14T13:17:15+00:00,101100.36,44410.9,
2026-08-14T13:18:16+00:00,101097.78,44410.9,
2026-08-14T13:19:16+00:00,101094.25,44410.9,
2026-08-14T13:20:16+00:00,101118.85,44410.9,
2026-08-14T13:21:16+00:00,101136.9,44410.9,
2026-08-14T13:22:16+00:00,101135.11,44410.9,
2026-08-14T13:23:17+00:00,101131.16,44410.9,
2026-08-14T13:24:17+00:00,101120.79,44410.9,
2026-08-14T13:25:17+00:00,101131.97,44410.9,
2026-08-14T13:26:17+00:00,101111.08,44410.9,
2026-08-14T13:27:18+00:00,101107.01,44410.9,
2026-08-14T13:28:18+00:00,101025.2,44410.9,
2026-08-14T13:29:19+00:00,100987.91,44410.9,
2026-08-14T13:30:19+00:00,101009.35,44410.9,
2026-08-14T13:31:19+00:00,100988.59,44410.9,
2026-08-14T13:32:19+00:00,100984.76,44410.9,
2026-08-14T13:33:20+00:00,101018.09,44410.9,
2026-08-14T13:34:20+00:00,100943.46,44410.9,
2026-08-14T13:35:20+00:00,100951.56,44410.9,
2026-08-14T13:36:20+00:00,100964.19,44410.9,
2026-08-14T13:37:21+00:00,100955.02,44410.9,
2026-08-14T13:38:21+00:00,101008.09,44410.9,
2026-08-14T13:39:22+00:00,100997.9,44410.9,
2026-08-14T13:40:22+00:00,100947.18,44410.9,
2026-08-14T13:41:22+00:00,100967.97,44410.9,
2026-08-14T13:42:22+00:00,100953.74,44410.9,
2026-08-14T13:43:23+00:00,101011.28,44410.9,
2026-08-14T13:44:23+00:00,101029.01,44410.9,
2026-08-14T13:45:23+00:00,101031.24,44410.9,
2026-08-14T13:46:23+00:00,101010.55,44410.9,
2026-08-14T13:47:23+00:00,100984.15,44410.9,
2026-08-14T13:48:24+00:00,100950.01,44410.9,
2026-08-14T13:49:24+00:00,100975.32,44410.9,
2026-08-14T13:50:24+00:00,100931.13,44410.9,
2026-08-14T13:51:24+00:00,100968.16,44410.9,
2026-08-14T13:52:25+00:00,100982.95,44410.9,
2026-08-14T13:53:25+00:00,100964.86,44410.9,
2026-08-14T13:54:25+00:00,101006.63,44410.9,
2026-08-14T13:55:25+00:00,100954.92,44410.9,
2026-08-14T13:56:26+00:00,100953.86,44410.9,
2026-08-14T13:57:26+00:00,100933.89,44410.9,
2026-08-14T13:58:26+00:00,100890.91,44410.9,
2026-08-14T13:59:26+00:00,100892.34,44410.9,
2026-08-14T14:00:26+00:00,100912.66,44410.9,
2026-08-14T14:01:27+00:00,100876.62,44410.9,
2026-08-14T14:02:27+00:00,100884.03,44410.9,
2026-08-14T14:03:27+00:00,100903.1,44410.9,
2026-08-14T14:04:27+00:00,100911.28,44410.9,
2026-08-14T14:05:28+00:00,100898.53,44410.9,
2026-08-14T14:06:28+00:00,100915.17,44410.9,
2026-08-14T14:07:28+00:00,100943.97,44410.9,
2026-08-14T14:08:28+00:00,100964.77,44410.9,
2026-08-14T14:09:29+00:00,100971.0,44410.9,
2026-08-14T14:10:29+00:00,100963.64,44410.9,
2026-08-14T14:11:29+00:00,100967.59,44410.9,
2026-08-14T14:12:29+00:00,100985.86,44410.9,
2026-08-14T14:13:29+00:00,100937.13,44410.9,
2026-08-14T14:14:30+00:00,100963.72,44410.9,
2026-08-14T14:15:30+00:00,100918.05,44410.9,
2026-08-14T14:16:30+00:00,100891.53,44410.9,
2026-08-14T14:17:30+00:00,100892.11,44410.9,
2026-08-14T14:18:31+00:00,100923.8,44410.9,
2026-08-14T14:19:31+00:00,100948.78,44410.9,
2026-08-14T14:20:31+00:00,100945.73,44410.9,
2026-08-14T14:21:31+00:00,100980.81,44410.9,
2026-08-14T14:22:32+00:00,100966.61,44410.9,
2026-08-14T14:23:32+00:00,100963.14,44410.9,
2026-08-14T14:24:32+00:00,100971.62,44410.9,
2026-08-14T14:25:32+00:00,100953.45,44410.9,
2026-08-14T14:26:33+00:00,100970.81,44410.9,
2026-08-14T14:27:33+00:00,100956.68,44410.9,
2026-08-14T14:28:33+00:00,100929.61,44410.9,
2026-08-14T14:29:33+00:00,100978.95,44410.9,
2026-08-14T14:30:33+00:00,100931.25,44410.9,
2026-08-14T14:31:34+00:00,100900.12,44410.9,
2026-08-14T14:32:34+00:00,100925.19,44410.9,
2026-08-14T14:33:34+00:00,100930.23,44410.9,
2026-08-14T14:34:34+00:00,100939.19,44410.9,
2026-08-14T14:35:35+00:00,100919.81,44410.9,
2026-08-14T14:36:35+00:00,100924.71,44410.9,
2026-08-14T14:37:35+00:00,100913.39,44410.9,
2026-08-14T14:38:35+00:00,100876.1,44410.9,
2026-08-14T14:39:36+00:00,100908.59,44410.9,
2026-08-14T14:40:36+00:00,100878.15,44410.9,
2026-08-14T14:41:36+00:00,100887.13,44410.9,
2026-08-14T14:42:36+00:00,100875.89,44410.9,
2026-08-14T14:43:36+00:00,100872.04,44410.9,
2026-08-14T14:44:37+00:00,100855.47,44410.9,
2026-08-14T14:45:37+00:00,100844.23,44410.9,
2026-08-14T14:46:37+00:00,100839.01,44410.9,
2026-08-14T14:47:37+00:00,100870.19,44410.9,
2026-08-14T14:48:38+00:00,100846.87,44410.9,
2026-08-14T14:49:38+00:00,100873.32,44410.9,
2026-08-14T14:50:38+00:00,100886.9,44410.9,
2026-08-14T14:51:38+00:00,100879.84,44410.9,
2026-08-14T14:52:39+00:00,100873.56,44410.9,
2026-08-14T14:53:39+00:00,100871.57,44410.9,
2026-08-14T14:54:39+00:00,100845.71,44410.9,
2026-08-14T14:55:39+00:00,100849.05,44410.9,
2026-08-14T14:56:39+00:00,100849.23,44410.9,
2026-08-14T14:57:40+00:00,100869.9,44410.9,
2026-08-14T14:58:40+00:00,100880.72,44410.9,
2026-08-14T14:59:40+00:00,100874.56,44410.9,
2026-08-14T15:00:40+00:00,100875.89,44410.9,
2026-08-14T15:01:41+00:00,100896.08,44410.9,
2026-08-14T15:02:41+00:00,100866.25,44410.9,
2026-08-14T15:03:41+00:00,100895.95,44410.9,
2026-08-14T15:04:41+00:00,100880.97,44410.9,
2026-08-14T15:05:41+00:00,100888.77,44410.9,
2026-08-14T15:06:42+00:00,100868.78,44410.9,
2026-08-14T15:07:42+00:00,100852.44,44410.9,
2026-08-14T15:08:42+00:00,100811.69,44410.9,
2026-08-14T15:09:42+00:00,100827.92,44410.9,
2026-08-14T15:10:43+00:00,100834.76,44410.9,
2026-08-14T15:11:43+00:00,100833.57,44410.9,
2026-08-14T15:12:43+00:00,100831.16,44410.9,
2026-08-14T15:13:43+00:00,100842.55,44410.9,
2026-08-14T15:14:43+00:00,100823.55,44410.9,
2026-08-14T15:15:44+00:00,100822.63,44410.9,
2026-08-14T15:16:44+00:00,100818.53,44410.9,
2026-08-14T15:17:44+00:00,100819.54,44410.9,
2026-08-14T15:18:44+00:00,100819.76,44410.9,
2026-08-14T15:19:45+00:00,100815.57,44410.9,
2026-08-14T15:20:45+00:00,100825.25,44410.9,
2026-08-14T15:21:45+00:00,100809.67,44410.9,
2026-08-14T15:22:45+00:00,100802.33,44410.9,
2026-08-14T15:23:45+00:00,100797.19,44410.9,
2026-08-14T15:24:46+00:00,100794.04,44410.9,
2026-08-14T15:25:46+00:00,100780.93,44410.9,
2026-08-14T15:26:46+00:00,100765.03,44410.9,
2026-08-14T15:27:46+00:00,100802.05,44410.9,
2026-08-14T15:28:47+00:00,100780.04,44410.9,
2026-08-14T15:29:47+00:00,100798.78,44410.9,
2026-08-14T15:30:47+00:00,100812.86,44410.9,
2026-08-14T15:31:47+00:00,100791.25,44410.9,
2026-08-14T15:32:48+00:00,100803.73,44410.9,
2026-08-14T15:33:48+00:00,100783.75,44410.9,
2026-08-14T15:34:48+00:00,100774.58,44410.9,
2026-08-14T15:35:48+00:00,100751.61,44410.9,
2026-08-14T15:36:49+00:00,100752.61,44410.9,
2026-08-14T15:37:49+00:00,100727.14,44410.9,
2026-08-14T15:38:49+00:00,100745.55,44410.9,
2026-08-14T15:39:50+00:00,100723.45,44410.9,
2026-08-14T15:40:50+00:00,100701.57,44410.9,
2026-08-14T15:41:50+00:00,100703.73,44410.9,
2026-08-14T15:42:51+00:00,100681.73,44410.9,
2026-08-14T15:43:51+00:00,100660.71,44410.9,
2026-08-14T15:44:51+00:00,100685.41,44410.9,
2026-08-14T15:45:51+00:00,100698.87,44410.9,
2026-08-14T15:46:51+00:00,100703.45,44410.9,
2026-08-14T15:47:52+00:00,100663.89,44410.9,
2026-08-14T15:48:52+00:00,100661.21,44410.9,
2026-08-14T15:49:52+00:00,100670.62,44410.9,
2026-08-14T15:50:52+00:00,100678.05,44410.9,
2026-08-14T15:51:53+00:00,100661.73,44410.9,
2026-08-14T15:52:53+00:00,100707.63,44410.9,
2026-08-14T15:53:53+00:00,100697.04,44410.9,
2026-08-14T15:54:53+00:00,100689.36,44410.9,
2026-08-14T15:55:54+00:00,100704.98,44410.9,
2026-08-14T15:56:54+00:00,100706.64,44410.9,
2026-08-14T15:57:54+00:00,100710.0,44410.9,
2026-08-14T15:58:54+00:00,100718.16,44410.9,
2026-08-14T15:59:54+00:00,100711.29,44410.9,
2026-08-14T16:00:55+00:00,100743.23,44410.9,
2026-08-14T16:01:55+00:00,100754.18,44410.9,
2026-08-14T16:02:55+00:00,100757.84,44410.9,
2026-08-14T16:03:55+00:00,100759.51,44410.9,
2026-08-14T16:04:56+00:00,100768.84,44410.9,
2026-08-14T16:05:56+00:00,100758.67,44410.9,
2026-08-14T16:06:56+00:00,100748.68,44410.9,
2026-08-14T16:07:56+00:00,100758.21,44410.9,
2026-08-14T16:08:56+00:00,100762.11,44410.9,
2026-08-14T16:09:57+00:00,100742.17,44410.9,
2026-08-14T16:10:57+00:00,100723.32,44410.9,
2026-08-14T16:11:57+00:00,100737.36,44410.9,
2026-08-14T16:12:57+00:00,100752.71,44410.9,
2026-08-14T16:13:58+00:00,100772.87,44410.9,
2026-08-14T16:14:58+00:00,100764.31,44410.9,
2026-08-14T16:15:58+00:00,100783.63,44410.9,
2026-08-14T16:16:58+00:00,100779.14,44410.9,
2026-08-14T16:17:58+00:00,100806.82,44410.9,
2026-08-14T16:18:59+00:00,100789.33,44410.9,
2026-08-14T16:19:59+00:00,100783.35,44410.9,
2026-08-14T16:20:59+00:00,100790.12,44410.9,
2026-08-14T16:21:59+00:00,100785.76,44410.9,
2026-08-14T16:22:59+00:00,100779.51,44410.9,
2026-08-14T16:24:00+00:00,100783.4,44410.9,
2026-08-14T16:25:00+00:00,100773.58,44410.9,
2026-08-14T16:26:00+00:00,100764.26,44410.9,
2026-08-14T16:27:00+00:00,100758.24,44410.9,
2026-08-14T16:28:01+00:00,100756.32,44410.9,
2026-08-14T16:29:01+00:00,100753.91,44410.9,
2026-08-14T16:30:01+00:00,100756.61,44410.9,
2026-08-14T16:31:01+00:00,100773.14,44410.9,
2026-08-14T16:32:02+00:00,100748.3,44410.9,
2026-08-14T16:33:02+00:00,100723.53,44410.9,
2026-08-14T16:34:02+00:00,100734.83,44410.9,
2026-08-14T16:35:02+00:00,100735.95,44410.9,
2026-08-14T16:36:02+00:00,100729.06,44410.9,
2026-08-14T16:37:03+00:00,100748.29,44410.9,
2026-08-14T16:38:03+00:00,100739.03,44410.9,
2026-08-14T16:39:03+00:00,100736.57,44410.9,
2026-08-14T16:40:03+00:00,100738.21,44410.9,
2026-08-14T16:41:04+00:00,100737.24,44410.9,
2026-08-14T16:42:04+00:00,100731.59,44410.9,
2026-08-14T16:43:04+00:00,100729.73,44410.9,
2026-08-14T16:44:04+00:00,100742.97,44410.9,
2026-08-14T16:45:05+00:00,100737.43,44410.9,
2026-08-14T16:46:05+00:00,100743.23,44410.9,
2026-08-14T16:47:05+00:00,100736.78,44410.9,
2026-08-14T16:48:05+00:00,100737.87,44410.9,
2026-08-14T16:49:05+00:00,100760.94,44410.9,
2026-08-14T16:50:06+00:00,100763.71,44410.9,
2026-08-14T16:51:06+00:00,100743.58,44410.9,
2026-08-14T16:52:06+00:00,100738.26,44410.9,
2026-08-14T16:53:06+00:00,100737.97,44410.9,
2026-08-14T16:54:07+00:00,100743.98,44410.9,
2026-08-14T16:55:07+00:00,100744.24,44410.9,
2026-08-14T16:56:08+00:00,100735.81,44410.9,
2026-08-14T16:57:08+00:00,100743.32,44410.9,
2026-08-14T16:58:08+00:00,100738.52,44410.9,
2026-08-14T16:59:08+00:00,100723.83,44410.9,
2026-08-14T17:00:09+00:00,100717.48,44410.9,
2026-08-14T17:01:09+00:00,100735.59,44410.9,
2026-08-14T17:02:09+00:00,100718.49,44410.9,
2026-08-14T17:03:09+00:00,100718.91,44410.9,
2026-08-14T17:04:09+00:00,100720.71,44410.9,
2026-08-14T17:05:10+00:00,100728.57,44410.9,
2026-08-14T17:06:10+00:00,100724.04,44410.9,
2026-08-14T17:07:10+00:00,100717.71,44410.9,
2026-08-14T17:08:10+00:00,100726.32,44410.9,
2026-08-14T17:09:11+00:00,100725.09,44410.9,
2026-08-14T17:10:11+00:00,100737.85,44410.9,
2026-08-14T17:11:11+00:00,100740.18,44410.9,
2026-08-14T17:12:11+00:00,100754.58,44410.9,
2026-08-14T17:13:12+00:00,100764.48,44410.9,
2026-08-14T17:14:12+00:00,100750.43,44410.9,
2026-08-14T17:15:12+00:00,100755.91,44410.9,
2026-08-14T17:16:12+00:00,100750.82,44410.9,
2026-08-14T17:17:12+00:00,100742.69,44410.9,
2026-08-14T17:18:13+00:00,100745.35,44410.9,
2026-08-14T17:19:13+00:00,100760.77,44410.9,
2026-08-14T17:20:13+00:00,100760.45,44410.9,
2026-08-14T17:21:13+00:00,100767.7,44410.9,
2026-08-14T17:22:14+00:00,100750.48,44410.9,
2026-08-14T17:23:14+00:00,100767.12,44410.9,
2026-08-14T17:24:14+00:00,100773.66,44410.9,
2026-08-14T17:25:14+00:00,100757.8,44410.9,
2026-08-14T17:26:14+00:00,100754.05,44410.9,
2026-08-14T17:27:15+00:00,100766.66,44410.9,
2026-08-14T17:28:15+00:00,100772.36,44410.9,
2026-08-14T17:29:15+00:00,100799.8,44410.9,
2026-08-14T17:30:15+00:00,100810.73,44410.9,
2026-08-14T17:31:16+00:00,100800.42,44410.9,
2026-08-14T17:32:16+00:00,100803.65,44410.9,
2026-08-14T17:33:16+00:00,100792.3,44410.9,
2026-08-14T17:34:16+00:00,100786.56,44410.9,
2026-08-14T17:35:16+00:00,100780.66,44410.9,
2026-08-14T17:36:17+00:00,100794.14,44410.9,
2026-08-14T17:37:17+00:00,100767.44,44410.9,
2026-08-14T17:38:17+00:00,100769.09,44410.9,
2026-08-14T17:39:17+00:00,100753.69,44410.9,
2026-08-14T17:40:18+00:00,100746.82,44410.9,
2026-08-14T17:41:18+00:00,100742.12,44410.9,
2026-08-14T17:42:18+00:00,100752.42,44410.9,
2026-08-14T17:43:18+00:00,100740.39,44410.9,
2026-08-14T17:44:19+00:00,100739.72,44410.9,
2026-08-14T17:45:19+00:00,100740.88,44410.9,
2026-08-14T17:46:19+00:00,100730.26,44410.9,
2026-08-14T17:47:19+00:00,100750.97,44410.9,
2026-08-14T17:48:19+00:00,100752.69,44410.9,
2026-08-14T17:49:20+00:00,100759.45,44410.9,
2026-08-14T17:50:20+00:00,100764.31,44410.9,
2026-08-14T17:51:20+00:00,100770.15,44410.9,
2026-08-14T17:52:20+00:00,100774.24,44410.9,
2026-08-14T17:53:21+00:00,100780.85,44410.9,
2026-08-14T17:54:21+00:00,100794.85,44410.9,
2026-08-14T17:55:21+00:00,100801.15,44410.9,
2026-08-14T17:56:21+00:00,100800.08,44410.9,
2026-08-14T17:57:22+00:00,100815.33,44410.9,
2026-08-14T17:58:22+00:00,100823.79,44410.9,
2026-08-14T17:59:22+00:00,100833.4,44410.9,
2026-08-14T18:00:22+00:00,100806.88,44410.9,
2026-08-14T18:01:22+00:00,100821.83,44410.9,
2026-08-14T18:02:23+00:00,100824.29,44410.9,
2026-08-14T18:03:23+00:00,100837.26,44410.9,
2026-08-14T18:04:23+00:00,100832.32,44410.9,
2026-08-14T18:05:23+00:00,100823.34,44410.9,
2026-08-14T18:06:24+00:00,100837.51,44410.9,
2026-08-14T18:07:24+00:00,100825.37,44410.9,
2026-08-14T18:08:24+00:00,100829.22,44410.9,
2026-08-14T18:09:24+00:00,100827.8,44410.9,
2026-08-14T18:10:24+00:00,100828.64,44410.9,
2026-08-14T18:11:25+00:00,100841.14,44410.9,
2026-08-14T18:12:26+00:00,100836.24,44410.9,
2026-08-14T18:13:26+00:00,100826.2,44410.9,
2026-08-14T18:14:26+00:00,100837.2,44410.9,
2026-08-14T18:15:26+00:00,100833.9,44410.9,
2026-08-14T18:16:26+00:00,100840.78,44410.9,
2026-08-14T18:17:27+00:00,100850.14,44410.9,
2026-08-14T18:18:27+00:00,100847.46,44410.9,
2026-08-14T18:19:27+00:00,100835.12,44410.9,
2026-08-14T18:20:27+00:00,100837.62,44410.9,
2026-08-14T18:21:28+00:00,100844.8,44410.9,
2026-08-14T18:22:28+00:00,100848.38,44410.9,
2026-08-14T18:23:28+00:00,100840.67,44410.9,
2026-08-14T18:24:28+00:00,100840.51,44410.9,
2026-08-14T18:25:29+00:00,100866.92,44410.9,
2026-08-14T18:26:29+00:00,100880.49,44410.9,
2026-08-14T18:27:29+00:00,100875.07,44410.9,
2026-08-14T18:28:29+00:00,100882.3,44410.9,
2026-08-14T18:29:30+00:00,100879.27,44410.9,
2026-08-14T18:30:30+00:00,100895.32,44410.9,
2026-08-14T18:31:30+00:00,100892.61,44410.9,
2026-08-14T18:32:30+00:00,100879.59,44410.9,
2026-08-14T18:33:30+00:00,100873.33,44410.9,
2026-08-14T18:34:31+00:00,100864.16,44410.9,
2026-08-14T18:35:31+00:00,100861.78,44410.9,
2026-08-14T18:36:31+00:00,100856.67,44410.9,
2026-08-14T18:37:31+00:00,100850.88,44410.9,
2026-08-14T18:38:32+00:00,100861.14,44410.9,
2026-08-14T18:39:32+00:00,100863.73,44410.9,
2026-08-14T18:40:32+00:00,100847.84,44410.9,
2026-08-14T18:41:32+00:00,100855.84,44410.9,
2026-08-14T18:42:33+00:00,100860.79,44410.9,
2026-08-14T18:43:33+00:00,100860.9,44410.9,
2026-08-14T18:44:33+00:00,100868.01,44410.9,
2026-08-14T18:45:33+00:00,100862.87,44410.9,
2026-08-14T18:46:33+00:00,100857.31,44410.9,
2026-08-14T18:47:34+00:00,100886.51,44410.9,
2026-08-14T18:48:34+00:00,100890.45,44410.9,
2026-08-14T18:49:34+00:00,100889.05,44410.9,
2026-08-14T18:50:34+00:00,100912.85,44410.9,
2026-08-14T18:51:35+00:00,100910.38,44410.9,
2026-08-14T18:52:35+00:00,100896.88,44410.9,
2026-08-14T18:53:35+00:00,100894.37,44410.9,
2026-08-14T18:54:35+00:00,100905.53,44410.9,
2026-08-14T18:55:35+00:00,100902.35,44410.9,
2026-08-14T18:56:36+00:00,100888.5,44410.9,
2026-08-14T18:57:36+00:00,100891.82,44410.9,
2026-08-14T18:58:36+00:00,100875.51,44410.9,
2026-08-14T18:59:36+00:00,100885.84,44410.9,
2026-08-14T19:00:37+00:00,100882.21,44410.9,
2026-08-14T19:01:37+00:00,100876.1,44410.9,
2026-08-14T19:02:37+00:00,100870.21,44410.9,
2026-08-14T19:03:37+00:00,100869.05,44410.9,
2026-08-14T19:04:37+00:00,100857.85,44410.9,
2026-08-14T19:05:38+00:00,100854.41,44410.9,
2026-08-14T19:06:38+00:00,100845.68,44410.9,
2026-08-14T19:07:38+00:00,100846.11,44410.9,
2026-08-14T19:08:38+00:00,100837.84,44410.9,
2026-08-14T19:09:39+00:00,100856.57,44410.9,
2026-08-14T19:10:39+00:00,100866.76,44410.9,
2026-08-14T19:11:39+00:00,100869.07,44410.9,
2026-08-14T19:12:39+00:00,100859.42,44410.9,
2026-08-14T19:13:39+00:00,100855.16,44410.9,
2026-08-14T19:14:40+00:00,100835.92,44410.9,
2026-08-14T19:15:40+00:00,100845.12,44410.9,
2026-08-14T19:16:40+00:00,100831.51,44410.9,
2026-08-14T19:17:40+00:00,100831.93,44410.9,
2026-08-14T19:18:41+00:00,100829.13,44410.9,
2026-08-14T19:19:41+00:00,100820.26,44410.9,
2026-08-14T19:20:41+00:00,100823.34,44410.9,
2026-08-14T19:21:41+00:00,100813.07,44410.9,
2026-08-14T19:22:41+00:00,100808.46,44410.9,
2026-08-14T19:23:42+00:00,100821.58,44410.9,
2026-08-14T19:24:43+00:00,100823.59,44410.9,
2026-08-14T19:25:43+00:00,100826.35,44410.9,
2026-08-14T19:26:43+00:00,100828.42,44410.9,
2026-08-14T19:27:43+00:00,100822.14,44410.9,
2026-08-14T19:28:44+00:00,100820.28,44410.9,
2026-08-14T19:29:44+00:00,100804.04,44410.9,
2026-08-14T19:30:44+00:00,100805.63,44410.9,
2026-08-14T19:31:44+00:00,100781.13,44410.9,
2026-08-14T19:32:44+00:00,100809.14,44410.9,
2026-08-14T19:33:45+00:00,100801.74,44410.9,
2026-08-14T19:34:45+00:00,100806.16,44410.9,
2026-08-14T19:35:45+00:00,100812.08,44410.9,
2026-08-14T19:36:45+00:00,100796.03,44410.9,
2026-08-14T19:37:46+00:00,100799.69,44410.9,
2026-08-14T19:38:46+00:00,100799.6,44410.9,
2026-08-14T19:39:46+00:00,100816.42,44410.9,
2026-08-14T19:40:46+00:00,100830.33,44410.9,
2026-08-14T19:41:46+00:00,100815.73,44410.9,
2026-08-14T19:42:47+00:00,100824.47,44410.9,
2026-08-14T19:43:47+00:00,100828.95,44410.9,
2026-08-14T19:44:47+00:00,100804.2,44410.9,
2026-08-14T19:45:47+00:00,100784.45,44410.9,
2026-08-14T19:46:48+00:00,100791.02,44410.9,
2026-08-14T19:47:48+00:00,100789.1,44410.9,
2026-08-14T19:48:48+00:00,100802.55,44410.9,
2026-08-14T19:49:48+00:00,100806.8,44410.9,
2026-08-14T19:50:48+00:00,100795.37,44410.9,
2026-08-14T19:51:49+00:00,100802.31,44410.9,
2026-08-14T19:52:49+00:00,100781.19,44410.9,
2026-08-14T19:53:49+00:00,100782.65,44410.9,
2026-08-14T19:54:49+00:00,100796.78,44410.9,
2026-08-14T19:55:50+00:00,100808.0,44410.9,
2026-08-14T19:56:50+00:00,100805.36,44410.9,
2026-08-14T19:57:50+00:00,100796.17,44410.9,
2026-08-14T19:58:50+00:00,100802.58,44410.9,
2026-08-14T19:59:51+00:00,100812.98,44410.9,
2026-08-14T20:00:51+00:00,100822.28,44410.9,
2026-08-14T20:01:51+00:00,100829.06,44410.9,
2026-08-14T20:02:51+00:00,100840.83,44410.9,
2026-08-14T20:03:51+00:00,100842.15,44410.9,
2026-08-14T20:04:52+00:00,100847.49,44410.9,
2026-08-14T20:05:52+00:00,100847.31,44410.9,
2026-08-14T20:06:52+00:00,100839.77,44410.9,
2026-08-14T20:07:52+00:00,100833.73,44410.9,
2026-08-14T20:08:53+00:00,100824.06,44410.9,
2026-08-14T20:09:53+00:00,100811.8,44410.9,
2026-08-14T20:10:53+00:00,100834.52,44410.9,
2026-08-14T20:11:53+00:00,100772.62,44410.9,
2026-08-14T20:12:53+00:00,100910.53,44410.9,
2026-08-14T20:13:54+00:00,100761.9,44410.9,
2026-08-14T20:14:54+00:00,100764.41,44410.9,
2026-08-14T20:15:54+00:00,100764.95,44410.9,
2026-08-14T20:16:54+00:00,100766.17,44410.9,
2026-08-14T20:17:54+00:00,100768.85,44410.9,
2026-08-14T20:18:55+00:00,100774.53,44410.9,
2026-08-14T20:19:55+00:00,100768.5,44410.9,
2026-08-14T20:20:55+00:00,100776.25,44410.9,
2026-08-14T20:21:55+00:00,100763.56,44410.9,
2026-08-14T20:22:56+00:00,100756.1,44410.9,
2026-08-14T20:23:56+00:00,100754.32,44410.9,
2026-08-14T20:24:56+00:00,100759.46,44410.9,
2026-08-14T20:25:56+00:00,100769.25,44410.9,
2026-08-14T20:26:56+00:00,100765.67,44410.9,
2026-08-14T20:27:57+00:00,100778.41,44410.9,
2026-08-14T20:28:57+00:00,100779.4,44410.9,
2026-08-14T20:29:57+00:00,100774.56,44410.9,
2026-08-14T20:30:57+00:00,100768.3,44410.9,
2026-08-14T20:31:58+00:00,100768.51,44410.9,
2026-08-14T20:32:58+00:00,100765.1,44410.9,
2026-08-14T20:33:58+00:00,100756.4,44410.9,
2026-08-14T20:34:58+00:00,100760.63,44410.9,
2026-08-14T20:35:58+00:00,100762.78,44410.9,
2026-08-14T20:36:59+00:00,100760.11,44410.9,
2026-08-14T20:37:59+00:00,100760.04,44410.9,
2026-08-14T20:38:59+00:00,100759.42,44410.9,
2026-08-14T20:39:59+00:00,100755.87,44410.9,
2026-08-14T20:40:59+00:00,100758.35,44410.9,
2026-08-14T20:42:00+00:00,100757.16,44410.9,
2026-08-14T20:43:00+00:00,100757.16,44410.9,
2026-08-14T20:44:00+00:00,100758.34,44410.9,
2026-08-14T20:45:00+00:00,100762.03,44410.9,
2026-08-14T20:46:01+00:00,100757.46,44410.9,
2026-08-14T20:47:01+00:00,100755.02,44410.9,
2026-08-14T20:48:01+00:00,100755.93,44410.9,
2026-08-14T20:49:01+00:00,100756.03,44410.9,
2026-08-14T20:50:01+00:00,100754.98,44410.9,
2026-08-14T20:51:02+00:00,100755.36,44410.9,
2026-08-14T20:52:02+00:00,100751.22,44410.9,
2026-08-14T20:53:02+00:00,100753.95,44410.9,
2026-08-14T20:54:02+00:00,100754.65,44410.9,
2026-08-14T20:55:03+00:00,100756.58,44410.9,
2026-08-14T20:56:03+00:00,100759.96,44410.9,
2026-08-14T20:57:03+00:00,100759.37,44410.9,
2026-08-14T20:58:03+00:00,100759.05,44410.9,
2026-08-14T20:59:04+00:00,100759.05,44410.9,
2026-08-14T21:00:04+00:00,100765.5,44410.9,
2026-08-14T21:01:04+00:00,100763.89,44410.9,
2026-08-14T21:02:05+00:00,100758.44,44410.9,
2026-08-14T21:03:05+00:00,100759.25,44410.9,
2026-08-14T21:04:05+00:00,100755.99,44410.9,
2026-08-14T21:05:05+00:00,100747.43,44410.9,
2026-08-14T21:06:05+00:00,100750.68,44410.9,
2026-08-14T21:07:06+00:00,100743.71,44410.9,
2026-08-14T21:08:06+00:00,100744.33,44410.9,
2026-08-14T21:09:06+00:00,100743.36,44410.9,
2026-08-14T21:10:06+00:00,100740.29,44410.9,
2026-08-14T21:11:07+00:00,100741.85,44410.9,
2026-08-14T21:12:07+00:00,100734.06,44410.9,
2026-08-14T21:13:07+00:00,100736.29,44410.9,
2026-08-14T21:14:07+00:00,100735.85,44410.9,
2026-08-14T21:15:08+00:00,100733.72,44410.9,
2026-08-14T21:16:08+00:00,100735.11,44410.9,
2026-08-14T21:17:08+00:00,100736.36,44410.9,
2026-08-14T21:18:08+00:00,100734.82,44410.9,
2026-08-14T21:19:08+00:00,100732.01,44410.9,
2026-08-14T21:20:09+00:00,100732.68,44410.9,
2026-08-14T21:21:09+00:00,100730.54,44410.9,
2026-08-14T21:22:09+00:00,100732.4,44410.9,
2026-08-14T21:23:09+00:00,100731.42,44410.9,
2026-08-14T21:24:10+00:00,100733.2,44410.9,
2026-08-14T21:25:10+00:00,100732.94,44410.9,
2026-08-14T21:26:10+00:00,100731.42,44410.9,
2026-08-14T21:27:10+00:00,100731.23,44410.9,
2026-08-14T21:28:10+00:00,100732.88,44410.9,
2026-08-14T21:29:11+00:00,100734.28,44410.9,
2026-08-14T21:30:11+00:00,100734.62,44410.9,
2026-08-14T21:31:11+00:00,100735.39,44410.9,
2026-08-14T21:32:11+00:00,100734.81,44410.9,
2026-08-14T21:33:11+00:00,100736.56,44410.9,
2026-08-14T21:34:12+00:00,100736.32,44410.9,
2026-08-14T21:35:12+00:00,100732.22,44410.9,
2026-08-14T21:36:12+00:00,100732.21,44410.9,
2026-08-14T21:37:12+00:00,100728.61,44410.9,
2026-08-14T21:38:13+00:00,100728.48,44410.9,
2026-08-14T21:39:13+00:00,100728.54,44410.9,
2026-08-14T21:40:13+00:00,100733.84,44410.9,
2026-08-14T21:41:13+00:00,100734.22,44410.9,
2026-08-14T21:42:13+00:00,100734.22,44410.9,
2026-08-14T21:43:14+00:00,100734.08,44410.9,
2026-08-14T21:44:14+00:00,100735.26,44410.9,
2026-08-14T21:45:14+00:00,100734.01,44410.9,
2026-08-14T21:46:14+00:00,100733.17,44410.9,
2026-08-14T21:47:15+00:00,100732.53,44410.9,
2026-08-14T21:48:15+00:00,100732.7,44410.9,
2026-08-14T21:49:15+00:00,100733.98,44410.9,
2026-08-14T21:50:15+00:00,100734.59,44410.9,
2026-08-14T21:51:15+00:00,100735.06,44410.9,
2026-08-14T21:52:16+00:00,100735.9,44410.9,
2026-08-14T21:53:16+00:00,100735.34,44410.9,
2026-08-14T21:54:16+00:00,100735.91,44410.9,
2026-08-14T21:55:16+00:00,100737.04,44410.9,
2026-08-14T21:56:17+00:00,100737.04,44410.9,
2026-08-14T21:57:17+00:00,100733.46,44410.9,
2026-08-14T21:58:17+00:00,100751.42,44410.9,
2026-08-14T21:59:17+00:00,100752.19,44410.9,
2026-08-14T22:00:17+00:00,100750.94,44410.9,
2026-08-14T22:01:18+00:00,100749.49,44410.9,
2026-08-14T22:02:18+00:00,100751.17,44410.9,
2026-08-14T22:03:18+00:00,100751.61,44410.9,
2026-08-14T22:04:18+00:00,100749.93,44410.9,
2026-08-14T22:05:18+00:00,100749.93,44410.9,
2026-08-14T22:06:19+00:00,100749.78,44410.9,
2026-08-14T22:07:19+00:00,100760.51,44410.9,
2026-08-14T22:08:19+00:00,100759.25,44410.9,
2026-08-14T22:09:19+00:00,100759.04,44410.9,
2026-08-14T22:10:20+00:00,100755.68,44410.9,
2026-08-14T22:11:20+00:00,100758.62,44410.9,
2026-08-14T22:12:20+00:00,100758.84,44410.9,
2026-08-14T22:13:20+00:00,100761.99,44410.9,
2026-08-14T22:14:20+00:00,100758.09,44410.9,
2026-08-14T22:15:21+00:00,100756.01,44410.9,
2026-08-14T22:16:21+00:00,100755.5,44410.9,
2026-08-14T22:17:21+00:00,100753.26,44410.9,
2026-08-14T22:18:21+00:00,100754.96,44410.9,
2026-08-14T22:19:22+00:00,100751.8,44410.9,
2026-08-14T22:20:22+00:00,100751.47,44410.9,
2026-08-14T22:21:22+00:00,100752.1,44410.9,
2026-08-14T22:22:22+00:00,100752.5,44410.9,
2026-08-14T22:23:23+00:00,100752.0,44410.9,
2026-08-14T22:24:23+00:00,100749.93,44410.9,
2026-08-14T22:25:23+00:00,100751.05,44410.9,
2026-08-14T22:26:23+00:00,100753.23,44410.9,
2026-08-14T22:27:23+00:00,100752.84,44410.9,
2026-08-14T22:28:24+00:00,100752.95,44410.9,
2026-08-14T22:29:24+00:00,100752.95,44410.9,
2026-08-14T22:30:24+00:00,100779.75,44410.9,
2026-08-14T22:31:24+00:00,100777.36,44410.9,
2026-08-14T22:32:25+00:00,100777.15,44410.9,
2026-08-14T22:33:25+00:00,100777.15,44410.9,
2026-08-14T22:34:25+00:00,100780.71,44410.9,
2026-08-14T22:35:25+00:00,100779.78,44410.9,
2026-08-14T22:36:25+00:00,100781.39,44410.9,
2026-08-14T22:37:26+00:00,100781.18,44410.9,
2026-08-14T22:38:26+00:00,100781.05,44410.9,
2026-08-14T22:39:26+00:00,100781.05,44410.9,
2026-08-14T22:40:26+00:00,100781.05,44410.9,
2026-08-14T22:41:27+00:00,100781.05,44410.9,
2026-08-14T22:42:27+00:00,100776.74,44410.9,
2026-08-14T22:43:27+00:00,100776.44,44410.9,
2026-08-14T22:44:27+00:00,100776.44,44410.9,
2026-08-14T22:45:27+00:00,100777.08,44410.9,
2026-08-14T22:46:28+00:00,100777.76,44410.9,
2026-08-14T22:47:28+00:00,100778.3,44410.9,
2026-08-14T22:48:28+00:00,100776.13,44410.9,
2026-08-14T22:49:28+00:00,100774.1,44410.9,
2026-08-14T22:50:29+00:00,100773.68,44410.9,
2026-08-14T22:51:29+00:00,100776.2,44410.9,
2026-08-14T22:52:29+00:00,100776.13,44410.9,
2026-08-14T22:53:29+00:00,100775.57,44410.9,
2026-08-14T22:54:30+00:00,100775.57,44410.9,
2026-08-14T22:55:30+00:00,100775.6,44410.9,
2026-08-14T22:56:30+00:00,100776.36,44410.9,
2026-08-14T22:57:30+00:00,100776.36,44410.9,
2026-08-14T22:58:30+00:00,100776.36,44410.9,
2026-08-14T22:59:31+00:00,100776.92,44410.9,
2026-08-14T23:00:31+00:00,100782.93,44410.9,
2026-08-14T23:01:31+00:00,100783.55,44410.9,
2026-08-14T23:02:31+00:00,100783.1,44410.9,
2026-08-14T23:03:32+00:00,100784.08,44410.9,
2026-08-14T23:04:32+00:00,100777.2,44410.9,
2026-08-14T23:05:32+00:00,100770.93,44410.9,
2026-08-14T23:06:32+00:00,100768.92,44410.9,
2026-08-14T23:07:32+00:00,100767.6,44410.9,
2026-08-14T23:08:33+00:00,100767.6,44410.9,
2026-08-14T23:09:33+00:00,100767.72,44410.9,
2026-08-14T23:10:33+00:00,100768.16,44410.9,
2026-08-14T23:11:33+00:00,100769.42,44410.9,
2026-08-14T23:12:33+00:00,100769.42,44410.9,
2026-08-14T23:13:34+00:00,100768.26,44410.9,
2026-08-14T23:14:34+00:00,100763.93,44410.9,
2026-08-14T23:15:34+00:00,100765.5,44410.9,
2026-08-14T23:16:34+00:00,100765.5,44410.9,
2026-08-14T23:17:35+00:00,100766.36,44410.9,
2026-08-14T23:18:35+00:00,100768.22,44410.9,
2026-08-14T23:19:36+00:00,100768.95,44410.9,
2026-08-14T23:20:36+00:00,100766.38,44410.9,
2026-08-14T23:21:36+00:00,100766.03,44410.9,
2026-08-14T23:22:36+00:00,100766.1,44410.9,
2026-08-14T23:23:37+00:00,100766.17,44410.9,
2026-08-14T23:24:37+00:00,100724.37,44410.9,
2026-08-14T23:25:37+00:00,100723.85,44410.9,
2026-08-14T23:26:37+00:00,100723.86,44410.9,
2026-08-14T23:27:38+00:00,100724.4,44410.9,
2026-08-14T23:28:38+00:00,100722.3,44410.9,
2026-08-14T23:29:38+00:00,100718.24,44410.9,
2026-08-14T23:30:38+00:00,100716.5,44410.9,
2026-08-14T23:31:38+00:00,100716.51,44410.9,
2026-08-14T23:32:39+00:00,100716.51,44410.9,
2026-08-14T23:33:39+00:00,100717.33,44410.9,
2026-08-14T23:34:39+00:00,100719.51,44410.9,
2026-08-14T23:35:39+00:00,100718.68,44410.9,
2026-08-14T23:36:40+00:00,100716.86,44410.9,
2026-08-14T23:37:40+00:00,100726.69,44410.9,
2026-08-14T23:38:40+00:00,100726.64,44410.9,
2026-08-14T23:39:40+00:00,100721.02,44410.9,
2026-08-14T23:40:40+00:00,100722.08,44410.9,
2026-08-14T23:41:41+00:00,100722.16,44410.9,
2026-08-14T23:42:41+00:00,100723.86,44410.9,
2026-08-14T23:43:41+00:00,100723.16,44410.9,
2026-08-14T23:44:41+00:00,100714.46,44410.9,
2026-08-14T23:45:42+00:00,100714.1,44410.9,
2026-08-14T23:46:42+00:00,100713.74,44410.9,
2026-08-14T23:47:42+00:00,100713.52,44410.9,
2026-08-14T23:48:42+00:00,100715.76,44410.9,
2026-08-14T23:49:42+00:00,100718.25,44410.9,
2026-08-14T23:50:43+00:00,100718.44,44410.9,
2026-08-14T23:51:43+00:00,100717.39,44410.9,
2026-08-14T23:52:43+00:00,100715.23,44410.9,
2026-08-14T23:53:43+00:00,100717.55,44410.9,
2026-08-14T23:54:44+00:00,100717.56,44410.9,
2026-08-14T23:55:44+00:00,100723.0,44410.9,
2026-08-14T23:56:44+00:00,100725.27,44410.9,
2026-08-14T23:57:44+00:00,100725.42,44410.9,
2026-08-14T23:58:44+00:00,100724.59,44410.9,
2026-08-14T23:59:45+00:00,100727.13,44410.9,
2026-08-15T00:00:45+00:00,100725.66,44410.9,
2026-08-15T05:28:14+00:00,100834.73,44410.9,
2026-08-15T05:29:14+00:00,100834.73,44410.9,
2026-08-15T05:30:14+00:00,100834.73,44410.9,
2026-08-15T05:31:14+00:00,100834.73,44410.9,
2026-08-15T05:32:15+00:00,100834.73,44410.9,
2026-08-15T05:33:15+00:00,100834.73,44410.9,
2026-08-15T05:34:15+00:00,100834.73,44410.9,
2026-08-15T05:35:15+00:00,100834.73,44410.9,
2026-08-15T05:36:16+00:00,100834.73,44410.9,
2026-08-15T05:37:16+00:00,100834.73,44410.9,
2026-08-15T05:38:17+00:00,100834.73,44410.9,
2026-08-15T05:39:17+00:00,100834.73,44410.9,
2026-08-15T05:40:17+00:00,100834.73,44410.9,
2026-08-15T05:41:17+00:00,100834.73,44410.9,
2026-08-15T05:42:18+00:00,100834.73,44410.9,
2026-08-15T05:43:18+00:00,100834.73,44410.9,
2026-08-15T05:44:19+00:00,100834.73,44410.9,
2026-08-15T05:45:19+00:00,100834.73,44410.9,
2026-08-15T05:46:19+00:00,100834.73,44410.9,
2026-08-15T05:47:19+00:00,100834.73,44410.9,
2026-08-15T05:48:19+00:00,100834.73,44410.9,
2026-08-15T05:49:20+00:00,100834.73,44410.9,
2026-08-15T05:50:20+00:00,100834.73,44410.9,
2026-08-15T05:51:20+00:00,100834.73,44410.9,
2026-08-15T05:52:20+00:00,100834.73,44410.9,
2026-08-15T05:53:21+00:00,100834.73,44410.9,
2026-08-15T05:54:21+00:00,100834.73,44410.9,
2026-08-15T05:55:21+00:00,100834.73,44410.9,
2026-08-15T05:56:21+00:00,100834.73,44410.9,
2026-08-15T05:57:21+00:00,100834.73,44410.9,
2026-08-15T05:58:22+00:00,100834.73,44410.9,
2026-08-15T05:59:22+00:00,100834.73,44410.9,
2026-08-15T06:00:22+00:00,100834.73,44410.9,
2026-08-15T06:01:22+00:00,100834.73,44410.9,
2026-08-15T06:02:22+00:00,100834.73,44410.9,
2026-08-15T06:03:23+00:00,100834.73,44410.9,
2026-08-15T06:04:23+00:00,100834.73,44410.9,
2026-08-15T06:05:23+00:00,100834.73,44410.9,
2026-08-15T06:06:23+00:00,100834.73,44410.9,
2026-08-15T06:07:24+00:00,100834.73,44410.9,
2026-08-15T06:08:24+00:00,100834.73,44410.9,
2026-08-15T06:09:24+00:00,100834.73,44410.9,
2026-08-15T06:10:24+00:00,100834.73,44410.9,
2026-08-15T06:11:24+00:00,100834.73,44410.9,
2026-08-15T06:12:25+00:00,100834.73,44410.9,
2026-08-15T06:13:25+00:00,100834.73,44410.9,
2026-08-15T06:14:26+00:00,100834.73,44410.9,
2026-08-15T06:15:26+00:00,100834.73,44410.9,
2026-08-15T06:16:26+00:00,100834.73,44410.9,
2026-08-15T06:17:26+00:00,100834.73,44410.9,
2026-08-15T06:18:27+00:00,100834.73,44410.9,
2026-08-15T06:19:27+00:00,100834.73,44410.9,
2026-08-15T06:20:28+00:00,100834.73,44410.9,
2026-08-15T06:21:28+00:00,100834.73,44410.9,
2026-08-15T06:22:28+00:00,100834.73,44410.9,
2026-08-15T06:23:28+00:00,100834.73,44410.9,
2026-08-15T06:24:28+00:00,100834.73,44410.9,
2026-08-15T06:25:29+00:00,100834.73,44410.9,
2026-08-15T06:26:29+00:00,100834.73,44410.9,
2026-08-15T06:27:29+00:00,100834.73,44410.9,
2026-08-15T06:28:29+00:00,100834.73,44410.9,
2026-08-15T06:29:30+00:00,100834.73,44410.9,
2026-08-15T06:30:30+00:00,100834.73,44410.9,
2026-08-15T06:31:30+00:00,100834.73,44410.9,
2026-08-15T06:32:30+00:00,100834.73,44410.9,
2026-08-15T06:33:30+00:00,100834.73,44410.9,
2026-08-15T06:34:31+00:00,100834.73,44410.9,
2026-08-15T06:35:31+00:00,100834.73,44410.9,
2026-08-15T06:36:31+00:00,100834.73,44410.9,
2026-08-15T06:37:31+00:00,100834.73,44410.9,
2026-08-16T11:51:38+00:00,100834.73,44410.9,
2026-08-16T11:52:38+00:00,100834.73,44410.9,
2026-08-16T11:53:38+00:00,100834.73,44410.9,
2026-08-16T11:54:39+00:00,100834.73,44410.9,
2026-08-16T11:55:39+00:00,100834.73,44410.9,
2026-08-16T11:56:39+00:00,100834.73,44410.9,
2026-08-16T11:57:39+00:00,100834.73,44410.9,
2026-08-16T11:58:39+00:00,100834.73,44410.9,
2026-08-16T11:59:40+00:00,100834.73,44410.9,
2026-08-16T12:00:40+00:00,100834.73,44410.9,
2026-08-16T12:01:41+00:00,100834.73,44410.9,
2026-08-16T12:02:41+00:00,100834.73,44410.9,
2026-08-17T00:29:00+00:00,100759.28,44410.9,
2026-08-17T00:30:01+00:00,100757.08,44410.9,
2026-08-17T00:31:01+00:00,100752.8,44410.9,
2026-08-17T05:04:08+00:00,100761.28,44410.9,
2026-08-17T05:05:08+00:00,100763.24,44410.9,
2026-08-17T05:06:08+00:00,100762.61,44410.9,
2026-08-17T05:07:09+00:00,100762.61,44410.9,
2026-08-17T05:08:09+00:00,100762.61,44410.9,
2026-08-17T05:09:09+00:00,100763.38,44410.9,
2026-08-17T05:10:09+00:00,100763.38,44410.9,
2026-08-17T05:11:10+00:00,100763.38,44410.9,
2026-08-17T05:12:10+00:00,100764.08,44410.9,
2026-08-17T05:13:10+00:00,100764.08,44410.9,
2026-08-17T05:14:11+00:00,100759.53,44410.9,
2026-08-17T05:15:11+00:00,100759.53,44410.9,
2026-08-17T05:16:11+00:00,100762.04,44410.9,
2026-08-17T05:17:12+00:00,100762.04,44410.9,
2026-08-17T05:18:12+00:00,100765.12,44410.9,
2026-08-17T05:19:12+00:00,100760.92,44410.9,
2026-08-17T05:20:12+00:00,100760.92,44410.9,
2026-08-17T05:21:12+00:00,100760.57,44410.9,
2026-08-17T05:22:13+00:00,100760.57,44410.9,
2026-08-17T05:23:13+00:00,100760.57,44410.9,
2026-08-17T05:24:13+00:00,100758.47,44410.9,
2026-08-17T05:25:13+00:00,100754.2,44410.9,
2026-08-17T05:26:13+00:00,100754.83,44410.9,
2026-08-17T05:27:14+00:00,100754.83,44410.9,
2026-08-17T05:28:14+00:00,100754.83,44410.9,
2026-08-17T05:29:14+00:00,100754.83,44410.9,
2026-08-17T05:30:14+00:00,100755.6,44410.9,
2026-08-17T05:31:15+00:00,100757.7,44410.9,
2026-08-17T05:32:15+00:00,100758.05,44410.9,
2026-08-17T05:33:15+00:00,100758.05,44410.9,
2026-08-17T05:34:16+00:00,100764.42,44410.9,
2026-08-17T05:35:16+00:00,100764.49,44410.9,
2026-08-17T05:36:16+00:00,100764.49,44410.9,
2026-08-17T05:37:16+00:00,100764.49,44410.9,
2026-08-17T05:38:17+00:00,100764.49,44410.9,
2026-08-17T05:39:17+00:00,100764.49,44410.9,
2026-08-17T05:40:17+00:00,100765.33,44410.9,
2026-08-17T05:41:17+00:00,100765.47,44410.9,
2026-08-17T05:42:17+00:00,100764.7,44410.9,
2026-08-17T05:43:18+00:00,100764.7,44410.9,
2026-08-17T05:44:18+00:00,100764.7,44410.9,
2026-08-17T05:45:18+00:00,100765.89,44410.9,
2026-08-17T05:46:18+00:00,100765.89,44410.9,
2026-08-17T05:47:19+00:00,100759.49,44410.9,
2026-08-17T05:48:19+00:00,100758.09,44410.9,
2026-08-17T05:49:19+00:00,100758.09,44410.9,
2026-08-17T05:50:19+00:00,100760.47,44410.9,
2026-08-17T05:51:19+00:00,100760.47,44410.9,
2026-08-17T05:52:20+00:00,100760.47,44410.9,
2026-08-17T05:53:20+00:00,100760.47,44410.9,
2026-08-17T05:54:20+00:00,100763.83,44410.9,
2026-08-17T05:55:20+00:00,100767.68,44410.9,
2026-08-17T05:56:20+00:00,100767.68,44410.9,
2026-08-17T05:57:21+00:00,100769.08,44410.9,
2026-08-17T05:58:21+00:00,100769.08,44410.9,
2026-08-17T05:59:21+00:00,100763.96,44410.9,
2026-08-17T06:00:21+00:00,100763.96,44410.9,
2026-08-17T06:01:22+00:00,100763.96,44410.9,
2026-08-17T06:02:22+00:00,100762.87,44410.9,
2026-08-17T06:03:22+00:00,100762.87,44410.9,
2026-08-17T06:04:22+00:00,100762.87,44410.9,
2026-08-17T06:05:22+00:00,100762.87,44410.9,
2026-08-17T06:06:23+00:00,100765.53,44410.9,
2026-08-17T06:07:23+00:00,100772.35,44410.9,
2026-08-17T06:08:23+00:00,100771.3,44410.9,
2026-08-17T06:09:23+00:00,100771.3,44410.9,
2026-08-17T06:10:23+00:00,100774.5,44410.9,
2026-08-17T06:11:24+00:00,100773.03,44410.9,
2026-08-17T06:12:24+00:00,100771.49,44410.9,
2026-08-17T06:13:24+00:00,100770.65,44410.9,
2026-08-17T06:14:25+00:00,100770.65,44410.9,
2026-08-17T06:15:25+00:00,100768.13,44410.9,
2026-08-17T06:16:25+00:00,100767.25,44410.9,
2026-08-17T06:17:26+00:00,100764.73,44410.9,
2026-08-17T06:18:26+00:00,100765.71,44410.9,
2026-08-17T06:19:26+00:00,100767.46,44410.9,
2026-08-17T06:20:26+00:00,100767.46,44410.9,
2026-08-17T06:21:26+00:00,100767.46,44410.9,
2026-08-17T06:22:27+00:00,100765.78,44410.9,
2026-08-17T06:23:27+00:00,100762.74,44410.9,
2026-08-17T06:24:27+00:00,100762.14,44410.9,
2026-08-17T06:25:27+00:00,100762.14,44410.9,
2026-08-17T06:26:28+00:00,100762.14,44410.9,
2026-08-17T06:27:28+00:00,100762.14,44410.9,
2026-08-17T06:28:28+00:00,100761.82,44410.9,
2026-08-17T06:29:28+00:00,100769.1,44410.9,
2026-08-17T06:30:28+00:00,100769.66,44410.9,
2026-08-17T06:31:29+00:00,100769.66,44410.9,
2026-08-17T06:32:29+00:00,100768.82,44410.9,
2026-08-17T06:33:29+00:00,100767.42,44410.9,
2026-08-17T06:34:29+00:00,100768.61,44410.9,
2026-08-17T06:35:29+00:00,100773.58,44410.9,
2026-08-17T06:36:30+00:00,100773.65,44410.9,
2026-08-17T06:37:30+00:00,100768.89,44410.9,
2026-08-17T06:38:30+00:00,100774.44,44410.9,
2026-08-17T06:39:30+00:00,100774.44,44410.9,
2026-08-17T06:40:30+00:00,100777.31,44410.9,
2026-08-17T06:41:31+00:00,100787.39,44410.9,
2026-08-17T06:42:31+00:00,100786.76,44410.9,
2026-08-17T06:43:31+00:00,100786.76,44410.9,
2026-08-17T06:44:31+00:00,100783.12,44410.9,
2026-08-17T06:45:32+00:00,100780.04,44410.9,
2026-08-17T06:46:32+00:00,100781.16,44410.9,
2026-08-17T06:47:32+00:00,100783.68,44410.9,
2026-08-17T06:48:32+00:00,100783.68,44410.9,
2026-08-17T06:49:32+00:00,100780.2,44410.9,
2026-08-17T06:50:33+00:00,100780.2,44410.9,
2026-08-17T06:51:33+00:00,100782.4,44410.9,
2026-08-17T06:52:33+00:00,100782.68,44410.9,
2026-08-17T06:53:33+00:00,100781.8,44410.9,
2026-08-17T06:54:33+00:00,100781.8,44410.9,
2026-08-17T06:55:34+00:00,100780.89,44410.9,
2026-08-17T06:56:34+00:00,100781.59,44410.9,
2026-08-17T06:57:34+00:00,100780.96,44410.9,
2026-08-17T06:58:34+00:00,100783.84,44410.9,
2026-08-17T06:59:34+00:00,100784.43,44410.9,
2026-08-17T07:00:35+00:00,100789.12,44410.9,
2026-08-17T07:01:35+00:00,100789.4,44410.9,
2026-08-17T07:02:35+00:00,100789.33,44410.9,
2026-08-17T07:03:35+00:00,100786.67,44410.9,
2026-08-17T07:04:36+00:00,100781.7,44410.9,
2026-08-17T07:05:36+00:00,100786.84,44410.9,
2026-08-17T07:06:36+00:00,100788.87,44410.9,
2026-08-17T07:07:36+00:00,100788.52,44410.9,
2026-08-17T07:08:36+00:00,100788.52,44410.9,
2026-08-17T07:09:37+00:00,100788.52,44410.9,
2026-08-17T07:10:37+00:00,100782.5,44410.9,
2026-08-17T07:11:37+00:00,100782.02,44410.9,
2026-08-17T07:12:37+00:00,100780.34,44410.9,
2026-08-17T07:13:37+00:00,100782.93,44410.9,
2026-08-17T07:14:38+00:00,100782.93,44410.9,
2026-08-17T07:15:38+00:00,100775.44,44410.9,
2026-08-17T07:16:38+00:00,100765.92,44410.9,
2026-08-17T07:17:38+00:00,100765.92,44410.9,
2026-08-17T07:18:38+00:00,100765.85,44410.9,
2026-08-17T07:19:39+00:00,100765.85,44410.9,
2026-08-17T07:20:39+00:00,100755.73,44410.9,
2026-08-17T07:21:39+00:00,100755.73,44410.9,
2026-08-17T07:22:39+00:00,100755.73,44410.9,
2026-08-17T07:23:40+00:00,100760.3,44410.9,
2026-08-17T07:24:40+00:00,100760.3,44410.9,
2026-08-17T07:25:40+00:00,100756.34,44410.9,
2026-08-17T07:26:40+00:00,100754.66,44410.9,
2026-08-17T07:27:40+00:00,100758.16,44410.9,
2026-08-17T07:28:41+00:00,100758.65,44410.9,
2026-08-17T07:29:41+00:00,100759.09,44410.9,
2026-08-17T07:30:41+00:00,100761.36,44410.9,
2026-08-17T07:31:41+00:00,100761.36,44410.9,
2026-08-17T07:32:41+00:00,100760.73,44410.9,
2026-08-17T07:33:42+00:00,100770.95,44410.9,
2026-08-17T07:34:42+00:00,100770.95,44410.9,
2026-08-17T07:35:42+00:00,100772.63,44410.9,
2026-08-17T07:36:42+00:00,100769.64,44410.9,
2026-08-17T07:37:42+00:00,100772.44,44410.9,
2026-08-17T07:38:43+00:00,100772.44,44410.9,
2026-08-17T07:39:43+00:00,100777.39,44410.9,
2026-08-17T07:40:43+00:00,100777.39,44410.9,
2026-08-17T07:41:44+00:00,100786.7,44410.9,
2026-08-17T07:42:44+00:00,100786.7,44410.9,
2026-08-17T07:43:44+00:00,100786.7,44410.9,
2026-08-17T07:44:45+00:00,100786.77,44410.9,
2026-08-17T07:45:45+00:00,100789.01,44410.9,
2026-08-17T07:46:45+00:00,100789.01,44410.9,
2026-08-17T07:47:45+00:00,100787.61,44410.9,
2026-08-17T07:48:45+00:00,100787.61,44410.9,
2026-08-17T07:49:46+00:00,100786.0,44410.9,
2026-08-17T07:50:46+00:00,100789.94,44410.9,
2026-08-17T07:51:46+00:00,100791.23,44410.9,
2026-08-17T07:52:46+00:00,100791.23,44410.9,
2026-08-17T07:53:46+00:00,100793.43,44410.9,
2026-08-17T07:54:47+00:00,100798.19,44410.9,
2026-08-17T07:55:48+00:00,100797.49,44410.9,
2026-08-17T07:56:48+00:00,100799.03,44410.9,
2026-08-17T07:57:48+00:00,100799.03,44410.9,
2026-08-17T07:58:48+00:00,100798.89,44410.9,
2026-08-17T07:59:48+00:00,100798.89,44410.9,
2026-08-17T08:00:49+00:00,100777.27,44410.9,
2026-08-17T08:01:49+00:00,100812.69,44410.9,
2026-08-17T08:02:49+00:00,100823.19,44410.9,
2026-08-17T08:03:49+00:00,100822.82,44410.9,
2026-08-17T08:04:50+00:00,100840.74,44410.9,
2026-08-17T08:05:50+00:00,100847.39,44410.9,
2026-08-17T08:06:50+00:00,100843.19,44410.9,
2026-08-17T08:07:50+00:00,100840.74,44410.9,
2026-08-17T08:08:50+00:00,100832.09,44410.9,
2026-08-17T08:09:51+00:00,100825.87,44410.9,
2026-08-17T08:10:51+00:00,100829.46,44410.9,
2026-08-17T08:11:51+00:00,100835.48,44410.9,
2026-08-17T08:12:51+00:00,100820.36,44410.9,
2026-08-17T08:13:51+00:00,100816.04,44410.9,
2026-08-17T08:14:52+00:00,100809.04,44410.9,
2026-08-17T08:15:52+00:00,100807.92,44410.9,
2026-08-17T08:16:52+00:00,100807.72,44410.9,
2026-08-17T08:17:52+00:00,100811.38,44410.9,
2026-08-17T08:18:53+00:00,100814.87,44410.9,
2026-08-17T08:19:53+00:00,100813.69,44410.9,
2026-08-17T08:20:53+00:00,100810.26,44410.9,
2026-08-17T08:21:53+00:00,100818.13,44410.9,
2026-08-17T08:22:53+00:00,100819.03,44410.9,
2026-08-17T08:23:54+00:00,100819.99,44410.9,
2026-08-17T08:24:54+00:00,100826.26,44410.9,
2026-08-17T08:25:54+00:00,100833.68,44410.9,
2026-08-17T08:26:54+00:00,100824.62,44410.9,
2026-08-17T08:27:54+00:00,100822.19,44410.9,
2026-08-17T08:28:55+00:00,100809.31,44410.9,
2026-08-17T08:29:55+00:00,100814.68,44410.9,
2026-08-17T08:30:55+00:00,100813.4,44410.9,
2026-08-17T08:31:55+00:00,100816.78,44410.9,
2026-08-17T08:32:56+00:00,100819.51,44410.9,
2026-08-17T08:33:56+00:00,100820.28,44410.9,
2026-08-17T08:34:56+00:00,100813.98,44410.9,
2026-08-17T08:35:56+00:00,100813.84,44410.9,
2026-08-17T08:36:56+00:00,100815.49,44410.9,
2026-08-17T08:37:57+00:00,100817.73,44410.9,
2026-08-17T08:38:57+00:00,100814.73,44410.9,
2026-08-17T08:39:57+00:00,100810.48,44410.9,
2026-08-17T08:40:57+00:00,100814.4,44410.9,
2026-08-17T08:41:57+00:00,100805.08,44410.9,
2026-08-17T08:42:58+00:00,100790.51,44410.9,
2026-08-17T08:43:58+00:00,100790.51,44410.9,
2026-08-17T08:44:58+00:00,100785.78,44410.9,
2026-08-17T08:45:58+00:00,100788.34,44410.9,
2026-08-17T08:46:59+00:00,100788.67,44410.9,
2026-08-17T08:47:59+00:00,100792.45,44410.9,
2026-08-17T08:48:59+00:00,100789.99,44410.9,
2026-08-17T08:49:59+00:00,100789.17,44410.9,
2026-08-17T08:50:59+00:00,100789.94,44410.9,
2026-08-17T08:52:00+00:00,100787.07,44410.9,
2026-08-17T08:53:00+00:00,100787.07,44410.9,
2026-08-17T08:54:00+00:00,100788.95,44410.9,
2026-08-17T08:55:00+00:00,100793.33,44410.9,
2026-08-17T08:56:00+00:00,100794.87,44410.9,
2026-08-17T08:57:01+00:00,100796.69,44410.9,
2026-08-17T08:58:01+00:00,100796.06,44410.9,
2026-08-17T08:59:02+00:00,100792.52,44410.9,
2026-08-17T09:00:02+00:00,100817.08,44410.9,
2026-08-17T09:01:02+00:00,100804.53,44410.9,
2026-08-17T09:02:02+00:00,100810.66,44410.9,
2026-08-17T09:03:02+00:00,100805.13,44410.9,
2026-08-17T09:04:03+00:00,100808.51,44410.9,
2026-08-17T09:05:03+00:00,100801.94,44410.9,
2026-08-17T09:06:03+00:00,100796.97,44410.9,
2026-08-17T09:07:03+00:00,100804.91,44410.9,
2026-08-17T09:08:04+00:00,100802.67,44410.9,
2026-08-17T09:09:04+00:00,100799.14,44410.9,
2026-08-17T09:10:04+00:00,100800.15,44410.9,
2026-08-17T09:11:04+00:00,100800.15,44410.9,
2026-08-17T09:12:04+00:00,100803.07,44410.9,
2026-08-17T09:13:05+00:00,100802.75,44410.9,
2026-08-17T09:14:05+00:00,100805.48,44410.9,
2026-08-17T09:15:05+00:00,100808.63,44410.9,
2026-08-17T09:16:05+00:00,100804.43,44410.9,
2026-08-17T09:17:05+00:00,100807.36,44410.9,
2026-08-17T09:18:06+00:00,100806.1,44410.9,
2026-08-17T09:19:06+00:00,100805.76,44410.9,
2026-08-17T09:20:06+00:00,100800.92,44410.9,
2026-08-17T09:21:06+00:00,100796.23,44410.9,
2026-08-17T09:22:07+00:00,100803.53,44410.9,
2026-08-17T09:23:07+00:00,100805.15,44410.9,
2026-08-17T09:24:07+00:00,100801.86,44410.9,
2026-08-17T09:25:07+00:00,100801.72,44410.9,
2026-08-17T09:26:07+00:00,100800.81,44410.9,
2026-08-17T09:27:08+00:00,100802.98,44410.9,
2026-08-17T09:28:08+00:00,100801.86,44410.9,
2026-08-17T09:29:08+00:00,100803.05,44410.9,
2026-08-17T09:30:08+00:00,100799.75,44410.9,
2026-08-17T09:31:08+00:00,100803.11,44410.9,
2026-08-17T09:32:09+00:00,100801.67,44410.9,
2026-08-17T09:33:09+00:00,100801.95,44410.9,
2026-08-17T09:34:09+00:00,100797.89,44410.9,
2026-08-17T09:35:09+00:00,100784.44,44410.9,
2026-08-17T09:36:10+00:00,100785.14,44410.9,
2026-08-17T09:37:10+00:00,100785.14,44410.9,
2026-08-17T09:38:10+00:00,100785.14,44410.9,
2026-08-17T09:39:10+00:00,100781.92,44410.9,
2026-08-17T09:40:10+00:00,100783.11,44410.9,
2026-08-17T09:41:11+00:00,100780.81,44410.9,
2026-08-17T09:42:11+00:00,100780.39,44410.9,
2026-08-17T09:43:11+00:00,100781.79,44410.9,
2026-08-17T09:44:11+00:00,100781.44,44410.9,
2026-08-17T09:45:11+00:00,100789.6,44410.9,
2026-08-17T09:46:12+00:00,100793.52,44410.9,
2026-08-17T09:47:12+00:00,100793.52,44410.9,
2026-08-17T09:48:12+00:00,100791.45,44410.9,
2026-08-17T09:49:12+00:00,100793.17,44410.9,
2026-08-17T09:50:12+00:00,100793.17,44410.9,
2026-08-17T09:51:13+00:00,100789.7,44410.9,
2026-08-17T09:52:13+00:00,100787.46,44410.9,
2026-08-17T09:53:13+00:00,100785.71,44410.9,
2026-08-17T09:54:13+00:00,100787.9,44410.9,
2026-08-17T09:55:14+00:00,100788.52,44410.9,
2026-08-17T09:56:14+00:00,100790.0,44410.9,
2026-08-17T09:57:14+00:00,100788.81,44410.9,
2026-08-17T09:58:14+00:00,100791.72,44410.9,
2026-08-17T09:59:14+00:00,100791.72,44410.9,
2026-08-17T10:00:15+00:00,100782.77,44410.9,
2026-08-17T10:01:15+00:00,100782.77,44410.9,
2026-08-17T10:02:15+00:00,100787.11,44410.9,
2026-08-17T10:03:15+00:00,100787.11,44410.9,
2026-08-17T10:04:16+00:00,100791.27,44410.9,
2026-08-17T10:05:16+00:00,100790.44,44410.9,
2026-08-17T10:06:16+00:00,100792.89,44410.9,
2026-08-17T10:07:16+00:00,100796.25,44410.9,
2026-08-17T10:08:16+00:00,100792.47,44410.9,
2026-08-17T10:09:17+00:00,100791.11,44410.9,
2026-08-17T10:10:17+00:00,100787.58,44410.9,
2026-08-17T10:11:17+00:00,100776.17,44410.9,
2026-08-17T10:12:17+00:00,100781.79,44410.9,
2026-08-17T10:13:18+00:00,100794.11,44410.9,
2026-08-17T10:14:18+00:00,100795.51,44410.9,
2026-08-17T10:15:19+00:00,100798.81,44410.9,
2026-08-17T10:16:19+00:00,100798.95,44410.9,
2026-08-17T10:17:19+00:00,100814.53,44410.9,
2026-08-17T10:18:19+00:00,100814.26,44410.9,
2026-08-17T10:19:20+00:00,100815.8,44410.9,
2026-08-17T10:20:20+00:00,100813.42,44410.9,
2026-08-17T10:21:20+00:00,100812.37,44410.9,
2026-08-17T10:22:20+00:00,100810.41,44410.9,
2026-08-17T10:23:20+00:00,100814.27,44410.9,
2026-08-17T10:24:21+00:00,100814.27,44410.9,
2026-08-17T10:25:21+00:00,100816.93,44410.9,
2026-08-17T10:26:21+00:00,100816.93,44410.9,
2026-08-17T10:27:21+00:00,100812.94,44410.9,
2026-08-17T10:28:21+00:00,100818.47,44410.9,
2026-08-17T10:29:22+00:00,100814.9,44410.9,
2026-08-17T10:30:22+00:00,100831.7,44410.9,
2026-08-17T10:31:22+00:00,100825.12,44410.9,
2026-08-17T10:32:22+00:00,100824.16,44410.9,
2026-08-17T10:33:22+00:00,100828.0,44410.9,
2026-08-17T10:34:23+00:00,100827.65,44410.9,
2026-08-17T10:35:23+00:00,100832.0,44410.9,
2026-08-17T10:36:23+00:00,100837.8,44410.9,
2026-08-17T10:37:23+00:00,100838.84,44410.9,
2026-08-17T10:38:24+00:00,100836.7,44410.9,
2026-08-17T10:39:24+00:00,100837.33,44410.9,
2026-08-17T10:40:24+00:00,100844.53,44410.9,
2026-08-17T10:41:24+00:00,100840.54,44410.9,
2026-08-17T10:42:24+00:00,100840.54,44410.9,
2026-08-17T10:43:25+00:00,100840.54,44410.9,
2026-08-17T10:44:25+00:00,100840.54,44410.9,
2026-08-17T10:45:25+00:00,100853.35,44410.9,
2026-08-17T10:46:25+00:00,100851.53,44410.9,
2026-08-17T10:47:25+00:00,100848.47,44410.9,
2026-08-17T10:48:26+00:00,100849.41,44410.9,
2026-08-17T10:49:26+00:00,100849.41,44410.9,
2026-08-17T10:50:26+00:00,100849.27,44410.9,
2026-08-17T10:51:26+00:00,100850.74,44410.9,
2026-08-17T10:52:27+00:00,100851.66,44410.9,
2026-08-17T10:53:27+00:00,100851.66,44410.9,
2026-08-17T10:54:27+00:00,100850.54,44410.9,
2026-08-17T10:55:27+00:00,100851.18,44410.9,
2026-08-17T10:56:27+00:00,100851.18,44410.9,
2026-08-17T10:57:28+00:00,100851.35,44410.9,
2026-08-17T10:58:28+00:00,100848.13,44410.9,
2026-08-17T10:59:28+00:00,100848.76,44410.9,
2026-08-17T11:00:28+00:00,100830.01,44410.9,
2026-08-17T11:01:28+00:00,100788.8,44410.9,
2026-08-17T11:02:29+00:00,100805.46,44410.9,
2026-08-17T11:03:29+00:00,100811.46,44410.9,
2026-08-17T11:04:29+00:00,100822.44,44410.9,
2026-08-17T11:05:29+00:00,100814.91,44410.9,
2026-08-17T11:06:29+00:00,100822.69,44410.9,
2026-08-17T11:07:30+00:00,100828.22,44410.9,
2026-08-17T11:08:30+00:00,100818.55,44410.9,
2026-08-17T11:09:30+00:00,100816.68,44410.9,
2026-08-17T11:10:30+00:00,100836.82,44410.9,
2026-08-17T11:11:30+00:00,100836.86,44410.9,
2026-08-17T11:12:31+00:00,100812.99,44410.9,
2026-08-17T11:13:31+00:00,100812.24,44410.9,
2026-08-17T11:14:31+00:00,100809.22,44410.9,
2026-08-17T11:15:31+00:00,100801.06,44410.9,
2026-08-17T11:16:32+00:00,100796.85,44410.9,
2026-08-17T11:17:32+00:00,100796.83,44410.9,
2026-08-17T11:18:32+00:00,100804.59,44410.9,
2026-08-17T11:19:32+00:00,100804.42,44410.9,
2026-08-17T11:20:32+00:00,100804.61,44410.9,
2026-08-17T11:21:33+00:00,100802.12,44410.9,
2026-08-17T11:22:33+00:00,100805.41,44410.9,
2026-08-17T11:23:33+00:00,100806.79,44410.9,
2026-08-17T11:24:33+00:00,100811.16,44410.9,
2026-08-17T11:25:33+00:00,100814.3,44410.9,
2026-08-17T11:26:34+00:00,100807.26,44410.9,
2026-08-17T11:27:34+00:00,100804.15,44410.9,
2026-08-17T11:28:34+00:00,100803.66,44410.9,
2026-08-17T11:29:34+00:00,100803.66,44410.9,
2026-08-17T11:30:35+00:00,100805.56,44410.9,
2026-08-17T11:31:35+00:00,100796.71,44410.9,
2026-08-17T11:32:35+00:00,100794.69,44410.9,
2026-08-17T11:33:35+00:00,100793.62,44410.9,
2026-08-17T11:34:35+00:00,100797.78,44410.9,
2026-08-17T11:35:36+00:00,100797.82,44410.9,
2026-08-17T11:36:36+00:00,100798.02,44410.9,
2026-08-17T11:37:36+00:00,100796.96,44410.9,
2026-08-17T11:38:36+00:00,100797.8,44410.9,
2026-08-17T11:39:36+00:00,100797.46,44410.9,
2026-08-17T11:40:37+00:00,100797.09,44410.9,
2026-08-17T11:41:37+00:00,100797.18,44410.9,
2026-08-17T11:42:37+00:00,100795.75,44410.9,
2026-08-17T11:43:37+00:00,100795.4,44410.9,
2026-08-17T11:44:37+00:00,100798.75,44410.9,
2026-08-17T11:45:38+00:00,100792.16,44410.9,
2026-08-17T11:46:38+00:00,100825.62,44410.9,
2026-08-17T11:47:38+00:00,100834.98,44410.9,
2026-08-17T11:48:38+00:00,100836.69,44410.9,
2026-08-17T11:49:39+00:00,100841.65,44410.9,
2026-08-17T11:50:39+00:00,100833.33,44410.9,
2026-08-17T11:51:39+00:00,100828.47,44410.9,
2026-08-17T11:52:39+00:00,100828.2,44410.9,
2026-08-17T11:53:39+00:00,100843.36,44410.9,
2026-08-17T11:54:40+00:00,100840.16,44410.9,
2026-08-17T11:55:40+00:00,100836.62,44410.9,
2026-08-17T11:56:40+00:00,100830.53,44410.9,
2026-08-17T11:57:40+00:00,100822.91,44410.9,
2026-08-17T11:58:40+00:00,100821.09,44410.9,
2026-08-17T11:59:41+00:00,100806.11,44410.9,
2026-08-17T12:00:41+00:00,100802.55,44410.9,
2026-08-17T12:01:41+00:00,100800.31,44410.9,
2026-08-17T12:02:41+00:00,100756.89,44410.9,
2026-08-17T12:03:41+00:00,100781.32,44410.9,
2026-08-17T12:04:42+00:00,100779.21,44410.9,
2026-08-17T12:05:42+00:00,100768.49,44410.9,
2026-08-17T12:06:42+00:00,100769.17,44410.9,
2026-08-17T12:07:42+00:00,100765.19,44410.9,
2026-08-17T12:08:42+00:00,100754.68,44410.9,
2026-08-17T12:09:43+00:00,100760.56,44410.9,
2026-08-17T12:10:43+00:00,100764.66,44410.9,
2026-08-17T12:11:43+00:00,100762.27,44410.9,
2026-08-17T12:12:43+00:00,100759.06,44410.9,
2026-08-17T12:13:44+00:00,100759.19,44410.9,
2026-08-17T12:14:44+00:00,100766.59,44410.9,
2026-08-17T12:15:44+00:00,100758.68,44410.9,
2026-08-17T12:16:44+00:00,100756.9,44410.9,
2026-08-17T12:17:44+00:00,100740.1,44410.9,
2026-08-17T12:18:45+00:00,100737.16,44410.9,
2026-08-17T12:19:45+00:00,100743.4,44410.9,
2026-08-17T12:20:46+00:00,100747.6,44410.9,
2026-08-17T12:21:46+00:00,100746.24,44410.9,
2026-08-17T12:22:46+00:00,100745.23,44410.9,
2026-08-17T12:23:46+00:00,100743.44,44410.9,
2026-08-17T12:24:47+00:00,100751.87,44410.9,
2026-08-17T12:25:47+00:00,100742.46,44410.9,
2026-08-17T12:26:47+00:00,100681.92,44410.9,
2026-08-17T12:27:47+00:00,100687.2,44410.9,
2026-08-17T12:28:47+00:00,100697.66,44410.9,
2026-08-17T12:29:48+00:00,100685.31,44410.9,
2026-08-17T12:30:48+00:00,100679.59,44410.9,
2026-08-17T12:31:48+00:00,100691.76,44410.9,
2026-08-17T12:32:48+00:00,100682.88,44410.9,
2026-08-17T12:33:48+00:00,100687.62,44410.9,
2026-08-17T12:34:49+00:00,100680.99,44410.9,
2026-08-17T12:35:49+00:00,100682.55,44410.9,
2026-08-17T12:36:49+00:00,100671.91,44410.9,
2026-08-17T12:37:49+00:00,100668.97,44410.9,
2026-08-17T12:38:49+00:00,100657.42,44410.9,
2026-08-17T12:39:50+00:00,100664.27,44410.9,
2026-08-17T12:40:50+00:00,100671.82,44410.9,
2026-08-17T12:41:50+00:00,100683.53,44410.9,
2026-08-17T12:42:50+00:00,100674.89,44410.9,
2026-08-17T12:43:51+00:00,100671.16,44410.9,
2026-08-17T12:44:51+00:00,100710.34,44410.9,
2026-08-17T12:45:51+00:00,100719.8,44410.9,
2026-08-17T12:46:52+00:00,100721.78,44410.9,
2026-08-17T12:47:52+00:00,100720.81,44410.9,
2026-08-17T12:48:52+00:00,100711.97,44410.9,
2026-08-17T12:49:53+00:00,100716.01,44410.9,
2026-08-17T12:50:53+00:00,100710.04,44410.9,
2026-08-17T12:51:53+00:00,100716.99,44410.9,
2026-08-17T12:52:53+00:00,100723.32,44410.9,
2026-08-17T12:53:53+00:00,100727.74,44410.9,
2026-08-17T12:54:54+00:00,100723.87,44410.9,
2026-08-17T12:55:54+00:00,100717.39,44410.9,
2026-08-17T12:56:54+00:00,100726.41,44410.9,
2026-08-17T12:57:54+00:00,100727.17,44410.9,
2026-08-17T12:58:55+00:00,100739.64,44410.9,
2026-08-17T12:59:55+00:00,100731.57,44410.9,
2026-08-17T13:00:55+00:00,100785.36,44410.9,
2026-08-17T13:01:55+00:00,100782.46,44410.9,
2026-08-17T13:02:55+00:00,100776.01,44410.9,
2026-08-17T13:03:56+00:00,100776.09,44410.9,
2026-08-17T13:04:56+00:00,100773.49,44410.9,
2026-08-17T13:05:56+00:00,100775.66,44410.9,
2026-08-17T13:06:56+00:00,100778.18,44410.9,
2026-08-17T13:07:57+00:00,100771.28,44410.9,
2026-08-17T13:08:57+00:00,100782.8,44410.9,
2026-08-17T13:09:57+00:00,100767.17,44410.9,
2026-08-17T13:10:57+00:00,100779.42,44410.9,
2026-08-17T13:11:57+00:00,100774.68,44410.9,
2026-08-17T13:12:58+00:00,100780.37,44410.9,
2026-08-17T13:13:58+00:00,100777.2,44410.9,
2026-08-17T13:14:58+00:00,100780.73,44410.9,
2026-08-17T13:15:58+00:00,100779.83,44410.9,
2026-08-17T13:16:58+00:00,100778.49,44410.9,
2026-08-17T13:17:59+00:00,100778.7,44410.9,
2026-08-17T13:18:59+00:00,100776.49,44410.9,
2026-08-17T13:19:59+00:00,100779.84,44410.9,
2026-08-17T13:20:59+00:00,100783.84,44410.9,
2026-08-17T13:22:00+00:00,100790.27,44410.9,
2026-08-17T13:23:00+00:00,100791.06,44410.9,
2026-08-17T13:24:00+00:00,100795.0,44410.9,
2026-08-17T13:25:00+00:00,100798.59,44410.9,
2026-08-17T13:26:00+00:00,100782.27,44410.9,
2026-08-17T13:27:01+00:00,100790.84,44410.9,
2026-08-17T13:28:01+00:00,100784.05,44410.9,
2026-08-17T13:29:01+00:00,100766.09,44410.9,
2026-08-17T13:30:01+00:00,100823.95,44410.9,
2026-08-17T13:31:02+00:00,100953.86,44410.9,
2026-08-17T13:32:02+00:00,100962.14,44410.9,
2026-08-17T13:33:02+00:00,100947.75,44410.9,
2026-08-17T13:34:02+00:00,101069.03,44410.9,
2026-08-17T13:35:03+00:00,101112.18,44410.9,
2026-08-17T13:36:03+00:00,101097.48,44410.9,
2026-08-17T13:37:03+00:00,101117.97,44410.9,
2026-08-17T13:38:03+00:00,101137.05,44410.9,
2026-08-17T13:39:04+00:00,101172.07,44410.9,
2026-08-17T13:40:04+00:00,101168.03,44410.9,
2026-08-17T13:41:04+00:00,101192.75,44410.9,
2026-08-17T13:42:04+00:00,101233.6,44410.9,
2026-08-17T13:43:05+00:00,101277.31,44410.9,
2026-08-17T13:44:05+00:00,101322.83,44410.9,
2026-08-17T13:45:05+00:00,101364.72,44410.9,
2026-08-17T13:46:05+00:00,101353.28,44410.9,
2026-08-17T13:47:05+00:00,101348.83,44410.9,
2026-08-17T13:48:06+00:00,101345.45,44410.9,
2026-08-17T13:49:06+00:00,101380.53,44410.9,
2026-08-17T13:50:06+00:00,101379.72,44410.9,
2026-08-17T13:51:06+00:00,101362.41,44410.9,
2026-08-17T13:52:07+00:00,101357.12,44410.9,
2026-08-17T13:53:07+00:00,101284.78,44410.9,
2026-08-17T13:54:08+00:00,101288.85,44410.9,
2026-08-17T13:55:08+00:00,101325.06,44410.9,
2026-08-17T13:56:09+00:00,101322.6,44410.9,
2026-08-17T13:57:09+00:00,101350.8,44410.9,
2026-08-17T13:58:09+00:00,101372.68,44410.9,
2026-08-17T13:59:09+00:00,101393.04,44410.9,
2026-08-17T14:00:10+00:00,101385.73,44410.9,
2026-08-17T14:01:10+00:00,101425.79,44410.9,
2026-08-17T14:02:10+00:00,101448.63,44410.9,
2026-08-17T14:03:10+00:00,101457.48,44410.9,
2026-08-17T14:04:11+00:00,101460.27,44410.9,
2026-08-17T14:05:11+00:00,101444.55,44410.9,
2026-08-17T14:06:11+00:00,101455.61,44410.9,
2026-08-17T14:07:11+00:00,101457.76,44410.9,
2026-08-17T14:08:11+00:00,101503.44,44410.9,
2026-08-17T14:09:12+00:00,101504.61,44410.9,
2026-08-17T14:10:12+00:00,101489.92,44410.9,
2026-08-17T14:11:12+00:00,101495.78,44410.9,
2026-08-17T14:12:12+00:00,101459.76,44410.9,
2026-08-17T14:13:13+00:00,101452.45,44410.9,
2026-08-17T14:14:13+00:00,101457.45,44410.9,
2026-08-17T14:15:13+00:00,101444.13,44410.9,
2026-08-17T14:16:13+00:00,101354.31,44410.9,
2026-08-17T14:17:13+00:00,101360.56,44410.9,
2026-08-17T14:18:14+00:00,101350.19,44410.9,
2026-08-17T14:19:14+00:00,101343.47,44410.9,
2026-08-17T14:20:14+00:00,101329.33,44410.9,
2026-08-17T14:21:15+00:00,101345.4,44410.9,
2026-08-17T14:22:15+00:00,101338.04,44410.9,
2026-08-17T14:23:15+00:00,101347.26,44410.9,
2026-08-17T14:24:16+00:00,101320.97,44410.9,
2026-08-17T14:25:16+00:00,101354.25,44410.9,
2026-08-17T14:26:16+00:00,101318.15,44410.9,
2026-08-17T14:27:16+00:00,101310.63,44410.9,
2026-08-17T14:28:16+00:00,101301.21,44410.9,
2026-08-17T14:29:17+00:00,101305.32,44410.9,
2026-08-17T14:30:17+00:00,101316.9,44410.9,
2026-08-17T14:31:17+00:00,101322.15,44410.9,
2026-08-17T14:32:17+00:00,101326.91,44410.9,
2026-08-17T14:33:17+00:00,101315.28,44410.9,
2026-08-17T14:34:18+00:00,101331.98,44410.9,
2026-08-17T14:35:18+00:00,101345.57,44410.9,
2026-08-17T14:36:18+00:00,101298.49,44410.9,
2026-08-17T14:37:18+00:00,101289.81,44410.9,
2026-08-17T14:38:19+00:00,101289.86,44410.9,
2026-08-17T14:39:19+00:00,101292.15,44410.9,
2026-08-17T14:40:19+00:00,101328.15,44410.9,
2026-08-17T14:41:19+00:00,101302.07,44410.9,
2026-08-17T14:42:19+00:00,101303.64,44410.9,
2026-08-17T14:43:20+00:00,101327.73,44410.9,
2026-08-17T14:44:20+00:00,101344.65,44410.9,
2026-08-17T14:45:20+00:00,101354.95,44410.9,
2026-08-17T14:46:21+00:00,101349.09,44410.9,
2026-08-17T14:47:21+00:00,101362.23,44410.9,
2026-08-17T14:48:21+00:00,101350.09,44410.9,
2026-08-17T14:49:22+00:00,101378.32,44410.9,
2026-08-17T14:50:22+00:00,101386.94,44410.9,
2026-08-17T14:51:22+00:00,101417.94,44410.9,
2026-08-17T14:52:22+00:00,101403.63,44410.9,
2026-08-17T14:53:23+00:00,101363.68,44410.9,
2026-08-17T14:54:23+00:00,101375.68,44410.9,
2026-08-17T14:55:23+00:00,101357.22,44410.9,
2026-08-17T14:56:23+00:00,101388.77,44410.9,
2026-08-17T14:57:24+00:00,101393.2,44410.9,
2026-08-17T14:58:24+00:00,101388.98,44410.9,
2026-08-17T14:59:24+00:00,101399.95,44410.9,
2026-08-17T15:00:24+00:00,101404.58,44410.9,
2026-08-17T15:01:24+00:00,101433.16,44410.9,
2026-08-17T15:02:25+00:00,101449.16,44410.9,
2026-08-17T15:03:25+00:00,101436.77,44410.9,
2026-08-17T15:04:25+00:00,101457.36,44410.9,
2026-08-17T15:05:25+00:00,101431.78,44410.9,
2026-08-17T15:06:26+00:00,101442.64,44410.9,
2026-08-17T15:07:26+00:00,101465.97,44410.9,
2026-08-17T15:08:26+00:00,101471.11,44410.9,
2026-08-17T15:09:26+00:00,101459.65,44410.9,
2026-08-17T15:10:26+00:00,101464.36,44410.9,
2026-08-17T15:11:27+00:00,101447.03,44410.9,
2026-08-17T15:12:27+00:00,101464.27,44410.9,
2026-08-17T15:13:27+00:00,101477.15,44410.9,
2026-08-17T15:14:27+00:00,101482.83,44410.9,
2026-08-17T15:15:27+00:00,101497.27,44410.9,
2026-08-17T15:16:28+00:00,101515.24,44410.9,
2026-08-17T15:17:28+00:00,101526.43,44410.9,
2026-08-17T15:18:28+00:00,101534.69,44410.9,
2026-08-17T15:19:28+00:00,101551.76,44410.9,
2026-08-17T15:20:29+00:00,101556.9,44410.9,
2026-08-17T15:21:29+00:00,101573.59,44410.9,
2026-08-17T15:22:29+00:00,101586.81,44410.9,
2026-08-17T15:23:29+00:00,101598.81,44410.9,
2026-08-17T15:24:29+00:00,101597.5,44410.9,
2026-08-17T15:25:30+00:00,101572.51,44410.9,
2026-08-17T15:26:30+00:00,101557.15,44410.9,
2026-08-17T15:27:30+00:00,101551.05,44410.9,
2026-08-17T15:28:30+00:00,101556.25,44410.9,
2026-08-17T15:29:31+00:00,101547.41,44410.9,
2026-08-17T15:30:31+00:00,101536.41,44410.9,
2026-08-17T15:31:31+00:00,101539.08,44410.9,
2026-08-17T15:32:31+00:00,101528.95,44410.9,
2026-08-17T15:33:31+00:00,101515.78,44410.9,
2026-08-17T15:34:32+00:00,101525.82,44410.9,
2026-08-17T15:35:32+00:00,101537.24,44410.9,
2026-08-17T15:36:32+00:00,101530.73,44410.9,
2026-08-17T15:37:32+00:00,101532.18,44410.9,
2026-08-17T15:38:33+00:00,101527.55,44410.9,
2026-08-17T15:39:33+00:00,101511.91,44410.9,
2026-08-17T15:40:33+00:00,101512.08,44410.9,
2026-08-17T15:41:33+00:00,101484.95,44410.9,
2026-08-17T15:42:33+00:00,101477.72,44410.9,
2026-08-17T15:43:34+00:00,101473.72,44410.9,
2026-08-17T15:44:34+00:00,101480.38,44410.9,
2026-08-17T15:45:34+00:00,101476.84,44410.9,
2026-08-17T15:46:34+00:00,101486.22,44410.9,
2026-08-17T15:47:35+00:00,101478.56,44410.9,
2026-08-17T15:48:35+00:00,101471.96,44410.9,
2026-08-17T15:49:35+00:00,101463.17,44410.9,
2026-08-17T15:50:35+00:00,101462.7,44410.9,
2026-08-17T15:51:36+00:00,101477.6,44410.9,
2026-08-17T15:52:36+00:00,101461.12,44410.9,
2026-08-17T15:53:36+00:00,101472.59,44410.9,
2026-08-17T15:54:36+00:00,101487.19,44410.9,
2026-08-17T15:55:36+00:00,101479.05,44410.9,
2026-08-17T15:56:37+00:00,101496.27,44410.9,
2026-08-17T15:57:37+00:00,101481.36,44410.9,
2026-08-17T15:58:37+00:00,101476.84,44410.9,
2026-08-17T15:59:37+00:00,101475.65,44410.9,
2026-08-17T16:00:38+00:00,101473.5,44410.9,
2026-08-17T16:01:38+00:00,101491.98,44410.9,
2026-08-17T16:02:38+00:00,101471.52,44410.9,
2026-08-17T16:03:38+00:00,101491.09,44410.9,
2026-08-17T16:04:38+00:00,101504.07,44410.9,
2026-08-17T16:05:39+00:00,101526.78,44410.9,
2026-08-17T16:06:39+00:00,101519.34,44410.9,
2026-08-17T16:07:39+00:00,101517.24,44410.9,
2026-08-17T16:08:39+00:00,101528.29,44410.9,
2026-08-17T16:09:39+00:00,101528.53,44410.9,
2026-08-17T16:10:40+00:00,101548.71,44410.9,
2026-08-17T16:11:41+00:00,101550.85,44410.9,
2026-08-17T16:12:41+00:00,101550.79,44410.9,
2026-08-17T16:13:42+00:00,101552.55,44410.9,
2026-08-17T16:14:42+00:00,101547.6,44410.9,
2026-08-17T16:15:42+00:00,101560.48,44410.9,
2026-08-17T16:16:42+00:00,101556.48,44410.9,
2026-08-17T16:17:42+00:00,101558.44,44410.9,
2026-08-17T16:18:43+00:00,101549.63,44410.9,
2026-08-17T16:19:43+00:00,101533.12,44410.9,
2026-08-17T16:20:43+00:00,101526.26,44410.9,
2026-08-17T16:21:43+00:00,101540.07,44410.9,
2026-08-17T16:22:44+00:00,101534.33,44410.9,
2026-08-17T16:23:44+00:00,101537.01,44410.9,
2026-08-17T16:24:44+00:00,101543.55,44410.9,
2026-08-17T16:25:44+00:00,101534.01,44410.9,
2026-08-17T16:26:44+00:00,101547.3,44410.9,
2026-08-17T16:27:45+00:00,101549.39,44410.9,
2026-08-17T16:28:45+00:00,101517.04,44410.9,
2026-08-17T16:29:45+00:00,101527.36,44410.9,
2026-08-17T16:30:45+00:00,101534.95,44410.9,
2026-08-17T16:31:46+00:00,101528.3,44410.9,
2026-08-17T16:32:46+00:00,101527.88,44410.9,
2026-08-17T16:33:46+00:00,101518.37,44410.9,
2026-08-17T16:34:46+00:00,101505.24,44410.9,
2026-08-17T16:35:46+00:00,101525.6,44410.9,
2026-08-17T16:36:47+00:00,101530.43,44410.9,
2026-08-17T16:37:47+00:00,101523.06,44410.9,
2026-08-17T16:38:47+00:00,101534.12,44410.9,
2026-08-17T16:39:47+00:00,101539.94,44410.9,
2026-08-17T16:40:48+00:00,101540.18,44410.9,
2026-08-17T16:41:48+00:00,101544.75,44410.9,
2026-08-17T16:42:48+00:00,101538.21,44410.9,
2026-08-17T16:43:48+00:00,101534.46,44410.9,
2026-08-17T16:44:48+00:00,101526.54,44410.9,
2026-08-17T16:45:49+00:00,101508.95,44410.9,
2026-08-17T16:46:49+00:00,101517.9,44410.9,
2026-08-17T16:47:49+00:00,101499.27,44410.9,
2026-08-17T16:48:49+00:00,101488.63,44410.9,
2026-08-17T16:49:50+00:00,101499.99,44410.9,
2026-08-17T16:50:50+00:00,101507.64,44410.9,
2026-08-17T16:51:50+00:00,101511.23,44410.9,
2026-08-17T16:52:50+00:00,101514.17,44410.9,
2026-08-17T16:53:51+00:00,101498.97,44410.9,
2026-08-17T16:54:51+00:00,101504.09,44410.9,
2026-08-17T16:55:51+00:00,101494.56,44410.9,
2026-08-17T16:56:51+00:00,101498.6,44410.9,
2026-08-17T16:57:52+00:00,101492.73,44410.9,
2026-08-17T16:58:52+00:00,101496.27,44410.9,
2026-08-17T16:59:52+00:00,101499.62,44410.9,
2026-08-17T17:00:52+00:00,101489.26,44410.9,
2026-08-17T17:01:52+00:00,101490.99,44410.9,
2026-08-17T17:02:53+00:00,101496.81,44410.9,
2026-08-17T17:03:53+00:00,101482.5,44410.9,
2026-08-17T17:04:53+00:00,101479.19,44410.9,
2026-08-17T17:05:53+00:00,101490.24,44410.9,
2026-08-17T17:06:54+00:00,101502.27,44410.9,
2026-08-17T17:07:54+00:00,101508.9,44410.9,
2026-08-17T17:08:54+00:00,101523.25,44410.9,
2026-08-17T17:09:54+00:00,101521.59,44410.9,
2026-08-17T17:10:54+00:00,101529.65,44410.9,
2026-08-17T17:11:55+00:00,101551.14,44410.9,
2026-08-17T17:12:55+00:00,101545.8,44410.9,
2026-08-17T17:13:55+00:00,101557.49,44410.9,
2026-08-17T17:14:55+00:00,101554.65,44410.9,
2026-08-17T17:15:56+00:00,101551.29,44410.9,
2026-08-17T17:16:56+00:00,101534.62,44410.9,
2026-08-17T17:17:56+00:00,101550.1,44410.9,
2026-08-17T17:18:56+00:00,101556.36,44410.9,
2026-08-17T17:19:56+00:00,101556.22,44410.9,
2026-08-17T17:20:57+00:00,101555.62,44410.9,
2026-08-17T17:21:57+00:00,101537.29,44410.9,
2026-08-17T17:22:57+00:00,101533.01,44410.9,
2026-08-17T17:23:57+00:00,101510.33,44410.9,
2026-08-17T17:24:58+00:00,101510.49,44410.9,
2026-08-17T17:25:58+00:00,101500.57,44410.9,
2026-08-17T17:26:59+00:00,101503.2,44410.9,
2026-08-17T17:27:59+00:00,101503.03,44410.9,
2026-08-17T17:28:59+00:00,101511.61,44410.9,
2026-08-17T17:29:59+00:00,101509.92,44410.9,
2026-08-17T17:31:00+00:00,101515.93,44410.9,
2026-08-17T17:32:00+00:00,101498.79,44410.9,
2026-08-17T17:33:01+00:00,101516.58,44410.9,
2026-08-17T17:34:01+00:00,101507.82,44410.9,
2026-08-17T17:35:01+00:00,101463.09,44410.9,
2026-08-17T17:36:01+00:00,101457.9,44410.9,
2026-08-17T17:37:02+00:00,101473.18,44410.9,
2026-08-17T17:38:02+00:00,101455.19,44410.9,
2026-08-17T17:39:02+00:00,101437.12,44410.9,
2026-08-17T17:40:02+00:00,101415.48,44410.9,
2026-08-17T17:41:02+00:00,101434.47,44410.9,
2026-08-17T17:42:03+00:00,101451.56,44410.9,
2026-08-17T17:43:03+00:00,101481.11,44410.9,
2026-08-17T17:44:03+00:00,101482.63,44410.9,
2026-08-17T17:45:03+00:00,101509.06,44410.9,
2026-08-17T17:46:04+00:00,101503.77,44410.9,
2026-08-17T17:47:04+00:00,101492.65,44410.9,
2026-08-17T17:48:04+00:00,101501.83,44410.9,
2026-08-17T17:49:04+00:00,101495.31,44410.9,
2026-08-17T17:50:04+00:00,101512.94,44410.9,
2026-08-17T17:51:05+00:00,101521.13,44410.9,
2026-08-17T17:52:05+00:00,101524.82,44410.9,
2026-08-17T17:53:05+00:00,101534.0,44410.9,
2026-08-17T17:54:05+00:00,101538.8,44410.9,
2026-08-17T17:55:06+00:00,101539.96,44410.9,
2026-08-17T17:56:06+00:00,101536.2,44410.9,
2026-08-17T17:57:06+00:00,101540.94,44410.9,
2026-08-17T17:58:06+00:00,101547.2,44410.9,
2026-08-17T17:59:07+00:00,101554.59,44410.9,
2026-08-17T18:00:07+00:00,101552.51,44410.9,
2026-08-17T18:01:07+00:00,101523.83,44410.9,
2026-08-17T18:02:07+00:00,101516.8,44410.9,
2026-08-17T18:03:07+00:00,101531.45,44410.9,
2026-08-17T18:04:08+00:00,101530.18,44410.9,
2026-08-17T18:05:08+00:00,101523.08,44410.9,
2026-08-17T18:06:08+00:00,101532.71,44410.9,
2026-08-17T18:07:08+00:00,101528.76,44410.9,
2026-08-17T18:08:08+00:00,101534.17,44410.9,
2026-08-17T18:09:09+00:00,101515.58,44410.9,
2026-08-17T18:10:09+00:00,101517.55,44410.9,
2026-08-17T18:11:09+00:00,101510.35,44410.9,
2026-08-17T18:12:09+00:00,101516.84,44410.9,
2026-08-17T18:13:10+00:00,101518.43,44410.9,
2026-08-17T18:14:10+00:00,101502.7,44410.9,
2026-08-17T18:15:11+00:00,101490.98,44410.9,
2026-08-17T18:16:11+00:00,101496.32,44410.9,
2026-08-17T18:17:11+00:00,101525.0,44410.9,
2026-08-17T18:18:11+00:00,101532.18,44410.9,
2026-08-17T18:19:12+00:00,101509.35,44410.9,
2026-08-17T18:20:12+00:00,101510.82,44410.9,
2026-08-17T18:21:13+00:00,101508.92,44410.9,
2026-08-17T18:22:13+00:00,101497.83,44410.9,
2026-08-17T18:23:13+00:00,101513.36,44410.9,
2026-08-17T18:24:14+00:00,101517.51,44410.9,
2026-08-17T18:25:14+00:00,101535.87,44410.9,
2026-08-17T18:26:14+00:00,101525.42,44410.9,
2026-08-17T18:27:14+00:00,101516.62,44410.9,
2026-08-17T18:28:14+00:00,101516.45,44410.9,
2026-08-17T18:29:15+00:00,101514.61,44410.9,
2026-08-17T18:30:15+00:00,101513.72,44410.9,
2026-08-17T18:31:15+00:00,101487.91,44410.9,
2026-08-17T18:32:15+00:00,101476.36,44410.9,
2026-08-17T18:33:16+00:00,101473.35,44410.9,
2026-08-17T18:34:16+00:00,101479.13,44410.9,
2026-08-17T18:35:16+00:00,101489.25,44410.9,
2026-08-17T18:36:16+00:00,101498.15,44410.9,
2026-08-17T18:37:16+00:00,101485.09,44410.9,
2026-08-17T18:38:17+00:00,101503.11,44410.9,
2026-08-17T18:39:17+00:00,101503.55,44410.9,
2026-08-17T18:40:17+00:00,101500.48,44410.9,
2026-08-17T18:41:17+00:00,101507.63,44410.9,
2026-08-17T18:42:18+00:00,101504.82,44410.9,
2026-08-17T18:43:18+00:00,101527.51,44410.9,
2026-08-17T18:44:18+00:00,101513.26,44410.9,
2026-08-17T18:45:18+00:00,101532.4,44410.9,
2026-08-17T18:46:19+00:00,101518.54,44410.9,
2026-08-17T18:47:19+00:00,101520.94,44410.9,
2026-08-17T18:48:19+00:00,101530.91,44410.9,
2026-08-17T18:49:19+00:00,101551.18,44410.9,
2026-08-17T18:50:19+00:00,101542.48,44410.9,
2026-08-17T18:51:20+00:00,101517.96,44410.9,
2026-08-17T18:52:20+00:00,101507.25,44410.9,
2026-08-17T18:53:20+00:00,101507.39,44410.9,
2026-08-17T18:54:20+00:00,101516.86,44410.9,
2026-08-17T18:55:20+00:00,101510.48,44410.9,
2026-08-17T18:56:21+00:00,101522.66,44410.9,
2026-08-17T18:57:21+00:00,101516.5,44410.9,
2026-08-17T18:58:21+00:00,101526.69,44410.9,
2026-08-17T18:59:21+00:00,101518.96,44410.9,
2026-08-17T19:00:22+00:00,101546.31,44410.9,
2026-08-17T19:01:22+00:00,101520.36,44410.9,
2026-08-17T19:02:22+00:00,101516.76,44410.9,
2026-08-17T19:03:22+00:00,101519.75,44410.9,
2026-08-17T19:04:22+00:00,101533.14,44410.9,
2026-08-17T19:05:23+00:00,101540.21,44410.9,
2026-08-17T19:06:23+00:00,101534.13,44410.9,
2026-08-17T19:07:23+00:00,101515.62,44410.9,
2026-08-17T19:08:23+00:00,101504.18,44410.9,
2026-08-17T19:09:24+00:00,101494.2,44410.9,
2026-08-17T19:10:24+00:00,101505.48,44410.9,
2026-08-17T19:11:24+00:00,101505.59,44410.9,
2026-08-17T19:12:24+00:00,101488.46,44410.9,
2026-08-17T19:13:24+00:00,101456.71,44410.9,
2026-08-17T19:14:25+00:00,101460.25,44410.9,
2026-08-17T19:15:25+00:00,101460.06,44410.9,
2026-08-17T19:16:25+00:00,101466.16,44410.9,
2026-08-17T19:17:25+00:00,101473.31,44410.9,
2026-08-17T19:18:26+00:00,101479.41,44410.9,
2026-08-17T19:19:26+00:00,101483.21,44410.9,
2026-08-17T19:20:26+00:00,101469.74,44410.9,
2026-08-17T19:21:26+00:00,101455.77,44410.9,
2026-08-17T19:22:27+00:00,101450.27,44410.9,
2026-08-17T19:23:27+00:00,101454.78,44410.9,
2026-08-17T19:24:27+00:00,101451.41,44410.9,
2026-08-17T19:25:27+00:00,101456.77,44410.9,
2026-08-17T19:26:27+00:00,101441.55,44410.9,
2026-08-17T19:27:28+00:00,101450.76,44410.9,
2026-08-17T19:28:28+00:00,101458.37,44410.9,
2026-08-17T19:29:28+00:00,101470.96,44410.9,
2026-08-17T19:30:28+00:00,101434.67,44410.9,
2026-08-17T19:31:29+00:00,101424.85,44410.9,
2026-08-17T19:32:29+00:00,101404.04,44410.9,
2026-08-17T19:33:29+00:00,101373.3,44410.9,
2026-08-17T19:34:29+00:00,101413.61,44410.9,
2026-08-17T19:35:30+00:00,101428.54,44410.9,
2026-08-17T19:36:30+00:00,101398.05,44410.9,
2026-08-17T19:37:30+00:00,101403.33,44410.9,
2026-08-17T19:38:30+00:00,101419.75,44410.9,
2026-08-17T19:39:31+00:00,101427.05,44410.9,
2026-08-17T19:40:31+00:00,101427.51,44410.9,
2026-08-17T19:41:31+00:00,101427.25,44410.9,
2026-08-17T19:42:31+00:00,101412.25,44410.9,
2026-08-17T19:43:31+00:00,101395.34,44410.9,
2026-08-17T19:44:32+00:00,101385.5,44410.9,
2026-08-17T19:45:32+00:00,101390.38,44410.9,
2026-08-17T19:46:32+00:00,101398.23,44410.9,
2026-08-17T19:47:32+00:00,101386.91,44410.9,
2026-08-17T19:48:32+00:00,101396.46,44410.9,
2026-08-17T19:49:33+00:00,101388.47,44410.9,
2026-08-17T19:50:33+00:00,101360.57,44410.9,
2026-08-17T19:51:33+00:00,101379.66,44410.9,
2026-08-17T19:52:33+00:00,101369.25,44410.9,
2026-08-17T19:53:34+00:00,101381.83,44410.9,
2026-08-17T19:54:34+00:00,101404.57,44410.9,
2026-08-17T19:55:34+00:00,101374.23,44410.9,
2026-08-17T19:56:34+00:00,101357.59,44410.9,
2026-08-17T19:57:34+00:00,101363.33,44410.9,
2026-08-17T19:58:35+00:00,101363.65,44410.9,
2026-08-17T19:59:35+00:00,101378.29,44410.9,
2026-08-17T20:00:36+00:00,101347.02,44410.9,
2026-08-17T20:01:36+00:00,101348.62,44410.9,
2026-08-17T20:02:36+00:00,101336.21,44410.9,
2026-08-17T20:03:36+00:00,101349.58,44410.9,
2026-08-17T20:04:37+00:00,101341.86,44410.9,
2026-08-17T20:05:37+00:00,101512.87,44410.9,
2026-08-17T20:06:37+00:00,101518.7,44410.9,
2026-08-17T20:07:37+00:00,101513.5,44410.9,
2026-08-17T20:08:37+00:00,101504.49,44410.9,
2026-08-17T20:09:38+00:00,101507.9,44410.9,
2026-08-17T20:10:38+00:00,101515.1,44410.9,
2026-08-17T20:11:38+00:00,101516.79,44410.9,
2026-08-17T20:12:38+00:00,101527.87,44410.9,
2026-08-17T20:13:38+00:00,101525.07,44410.9,
2026-08-17T20:14:39+00:00,101524.14,44410.9,
2026-08-17T20:15:39+00:00,101523.21,44410.9,
2026-08-17T20:16:39+00:00,101522.96,44410.9,
2026-08-17T20:17:39+00:00,101523.84,44410.9,
2026-08-17T20:18:40+00:00,101526.38,44410.9,
2026-08-17T20:19:40+00:00,101525.72,44410.9,
2026-08-17T20:20:40+00:00,101526.09,44410.9,
2026-08-17T20:21:40+00:00,101527.54,44410.9,
2026-08-17T20:22:40+00:00,101527.57,44410.9,
2026-08-17T20:23:41+00:00,101522.95,44410.9,
2026-08-17T20:24:41+00:00,101525.28,44410.9,
2026-08-17T20:25:41+00:00,101525.28,44410.9,
2026-08-17T20:26:41+00:00,101525.25,44410.9,
2026-08-17T20:27:42+00:00,101523.06,44410.9,
2026-08-17T20:28:42+00:00,101524.36,44410.9,
2026-08-17T20:29:42+00:00,101525.27,44410.9,
2026-08-17T20:30:42+00:00,101525.83,44410.9,
2026-08-17T20:31:42+00:00,101487.57,44410.9,
2026-08-17T20:32:43+00:00,101495.0,44410.9,
2026-08-17T20:33:43+00:00,101498.81,44410.9,
2026-08-17T20:34:43+00:00,101497.89,44410.9,
2026-08-17T20:35:43+00:00,101484.89,44410.9,
2026-08-17T20:36:44+00:00,101484.15,44410.9,
2026-08-17T20:37:44+00:00,101515.15,44410.9,
2026-08-17T20:38:44+00:00,101540.49,44410.9,
2026-08-17T20:39:44+00:00,101530.0,44410.9,
2026-08-17T20:40:44+00:00,101540.6,44410.9,
2026-08-17T20:41:45+00:00,101512.68,44410.9,
2026-08-17T20:42:45+00:00,101507.92,44410.9,
2026-08-17T20:43:45+00:00,101462.47,44410.9,
2026-08-17T20:44:45+00:00,101462.76,44410.9,
2026-08-17T20:45:46+00:00,101465.45,44410.9,
2026-08-17T20:46:46+00:00,101459.66,44410.9,
2026-08-17T20:47:46+00:00,101456.45,44410.9,
2026-08-17T20:48:46+00:00,101453.73,44410.9,
2026-08-17T20:49:46+00:00,101457.61,44410.9,
2026-08-17T20:50:47+00:00,101457.26,44410.9,
2026-08-17T20:51:47+00:00,101457.26,44410.9,
2026-08-17T20:52:47+00:00,101457.96,44410.9,
2026-08-17T20:53:47+00:00,101460.9,44410.9,
2026-08-17T20:54:47+00:00,101460.9,44410.9,
2026-08-17T20:55:48+00:00,101461.25,44410.9,
2026-08-17T20:56:48+00:00,101458.34,44410.9,
2026-08-17T20:57:48+00:00,101462.75,44410.9,
2026-08-17T20:58:48+00:00,101455.96,44410.9,
2026-08-17T20:59:49+00:00,101455.96,44410.9,
2026-08-17T21:00:49+00:00,101457.82,44410.9,
2026-08-17T21:01:49+00:00,101458.93,44410.9,
2026-08-17T21:02:50+00:00,101457.18,44410.9,
2026-08-17T21:03:50+00:00,101464.11,44410.9,
2026-08-17T21:04:50+00:00,101476.27,44410.9,
2026-08-17T21:05:50+00:00,101480.68,44410.9,
2026-08-17T21:06:51+00:00,101470.33,44410.9,
2026-08-17T21:07:51+00:00,101470.33,44410.9,
2026-08-17T21:08:51+00:00,101470.33,44410.9,
2026-08-17T21:09:51+00:00,101456.65,44410.9,
2026-08-17T21:10:52+00:00,101453.83,44410.9,
2026-08-17T21:11:52+00:00,101453.14,44410.9,
2026-08-17T21:12:52+00:00,101453.14,44410.9,
2026-08-17T21:13:52+00:00,101451.11,44410.9,
2026-08-17T21:14:52+00:00,101454.73,44410.9,
2026-08-17T21:15:53+00:00,101451.21,44410.9,
2026-08-17T21:16:53+00:00,101451.21,44410.9,
2026-08-17T21:17:53+00:00,101451.21,44410.9,
2026-08-17T21:18:53+00:00,101454.69,44410.9,
2026-08-17T21:19:54+00:00,101453.37,44410.9,
2026-08-17T21:20:54+00:00,101454.24,44410.9,
2026-08-17T21:21:54+00:00,101454.24,44410.9,
2026-08-17T21:22:54+00:00,101451.97,44410.9,
2026-08-17T21:23:54+00:00,101451.97,44410.9,
2026-08-17T21:24:55+00:00,101451.4,44410.9,
2026-08-17T21:25:55+00:00,101451.4,44410.9,
2026-08-17T21:26:55+00:00,101449.17,44410.9,
2026-08-17T21:27:55+00:00,101446.78,44410.9,
2026-08-17T21:28:56+00:00,101447.03,44410.9,
2026-08-17T21:29:56+00:00,101447.1,44410.9,
2026-08-17T21:30:56+00:00,101446.46,44410.9,
2026-08-17T21:31:56+00:00,101446.46,44410.9,
2026-08-17T21:32:56+00:00,101448.16,44410.9,
2026-08-17T21:33:57+00:00,101449.42,44410.9,
2026-08-17T21:34:57+00:00,101448.54,44410.9,
2026-08-17T21:35:57+00:00,101447.83,44410.9,
2026-08-17T21:36:57+00:00,101445.99,44410.9,
2026-08-17T21:37:58+00:00,101447.32,44410.9,
2026-08-17T21:38:58+00:00,101452.6,44410.9,
2026-08-17T21:39:59+00:00,101452.67,44410.9,
2026-08-17T21:40:59+00:00,101452.88,44410.9,
2026-08-17T21:41:59+00:00,101452.74,44410.9,
2026-08-17T21:42:59+00:00,101457.57,44410.9,
2026-08-17T21:43:59+00:00,101457.57,44410.9,
2026-08-17T21:45:00+00:00,101457.76,44410.9,
2026-08-17T21:46:00+00:00,101453.22,44410.9,
2026-08-17T21:47:00+00:00,101453.64,44410.9,
2026-08-17T21:48:00+00:00,101453.83,44410.9,
2026-08-17T21:49:01+00:00,101453.83,44410.9,
2026-08-17T21:50:01+00:00,101453.53,44410.9,
2026-08-17T21:51:01+00:00,101450.8,44410.9,
2026-08-17T21:52:01+00:00,101448.48,44410.9,
2026-08-17T21:53:01+00:00,101450.09,44410.9,
2026-08-17T21:54:02+00:00,101450.8,44410.9,
2026-08-17T21:55:02+00:00,101451.87,44410.9,
2026-08-17T21:56:02+00:00,101452.38,44410.9,
2026-08-17T21:57:02+00:00,101452.38,44410.9,
2026-08-17T21:58:02+00:00,101452.57,44410.9,
2026-08-17T21:59:03+00:00,101452.22,44410.9,
2026-08-17T22:00:03+00:00,101452.22,44410.9,
2026-08-17T22:01:03+00:00,101455.89,44410.9,
2026-08-17T22:02:03+00:00,101455.89,44410.9,
2026-08-17T22:03:04+00:00,101464.08,44410.9,
2026-08-17T22:04:04+00:00,101464.26,44410.9,
2026-08-17T22:05:04+00:00,101463.77,44410.9,
2026-08-17T22:06:04+00:00,101463.7,44410.9,
2026-08-17T22:07:04+00:00,101463.7,44410.9,
2026-08-17T22:08:05+00:00,101461.19,44410.9,
2026-08-17T22:09:05+00:00,101460.98,44410.9,
2026-08-17T22:10:05+00:00,101460.98,44410.9,
2026-08-17T22:11:05+00:00,101466.45,44410.9,
2026-08-17T22:12:06+00:00,101466.59,44410.9,
2026-08-17T22:13:06+00:00,101468.34,44410.9,
2026-08-17T22:14:06+00:00,101463.83,44410.9,
2026-08-17T22:15:06+00:00,101462.08,44410.9,
2026-08-17T22:16:06+00:00,101462.08,44410.9,
2026-08-17T22:17:07+00:00,101463.16,44410.9,
2026-08-17T22:18:07+00:00,101460.47,44410.9,
2026-08-17T22:19:07+00:00,101460.47,44410.9,
2026-08-17T22:20:07+00:00,101470.97,44410.9,
2026-08-17T22:21:08+00:00,101469.86,44410.9,
2026-08-17T22:22:08+00:00,101460.53,44410.9,
2026-08-17T22:23:08+00:00,101460.3,44410.9,
2026-08-17T22:24:08+00:00,101467.6,44410.9,
2026-08-17T22:25:08+00:00,101466.72,44410.9,
2026-08-17T22:26:09+00:00,101468.42,44410.9,
2026-08-17T22:27:09+00:00,101467.68,44410.9,
2026-08-17T22:28:09+00:00,101467.76,44410.9,
2026-08-17T22:29:09+00:00,101465.7,44410.9,
2026-08-17T22:30:09+00:00,101515.14,44410.9,
2026-08-17T22:31:10+00:00,101513.53,44410.9,
2026-08-17T22:32:10+00:00,101512.58,44410.9,
2026-08-17T22:33:10+00:00,101510.73,44410.9,
2026-08-17T22:34:10+00:00,101510.73,44410.9,
2026-08-17T22:35:11+00:00,101515.56,44410.9,
2026-08-17T22:36:11+00:00,101513.39,44410.9,
2026-08-17T22:37:11+00:00,101512.66,44410.9,
2026-08-17T22:38:11+00:00,101514.16,44410.9,
2026-08-17T22:39:11+00:00,101514.78,44410.9,
2026-08-17T22:40:12+00:00,101515.43,44410.9,
2026-08-17T22:41:12+00:00,101515.92,44410.9,
2026-08-17T22:42:12+00:00,101516.4,44410.9,
2026-08-17T22:43:12+00:00,101516.1,44410.9,
2026-08-17T22:44:12+00:00,101518.69,44410.9,
2026-08-17T22:45:13+00:00,101517.71,44410.9,
2026-08-17T22:46:13+00:00,101517.6,44410.9,
2026-08-17T22:47:13+00:00,101514.49,44410.9,
2026-08-17T22:48:13+00:00,101514.84,44410.9,
2026-08-17T22:49:14+00:00,101514.41,44410.9,
2026-08-17T22:50:14+00:00,101514.21,44410.9,
2026-08-17T22:51:15+00:00,101517.19,44410.9,
2026-08-17T22:52:15+00:00,101517.89,44410.9,
2026-08-17T22:53:15+00:00,101521.23,44410.9,
2026-08-17T22:54:15+00:00,101521.86,44410.9,
2026-08-17T22:55:16+00:00,101520.58,44410.9,
2026-08-17T22:56:16+00:00,101520.58,44410.9,
2026-08-17T22:57:16+00:00,101520.79,44410.9,
2026-08-17T22:58:16+00:00,101525.89,44410.9,
2026-08-17T22:59:17+00:00,101525.89,44410.9,
2026-08-17T23:00:17+00:00,101526.21,44410.9,
2026-08-17T23:01:17+00:00,101524.96,44410.9,
2026-08-17T23:02:17+00:00,101522.11,44410.9,
2026-08-17T23:03:17+00:00,101521.76,44410.9,
2026-08-17T23:04:18+00:00,101525.67,44410.9,
2026-08-17T23:05:18+00:00,101522.12,44410.9,
2026-08-17T23:06:18+00:00,101522.12,44410.9,
2026-08-17T23:07:18+00:00,101518.62,44410.9,
2026-08-17T23:08:19+00:00,101521.14,44410.9,
2026-08-17T23:09:19+00:00,101525.41,44410.9,
2026-08-17T23:10:19+00:00,101525.23,44410.9,
2026-08-17T23:11:19+00:00,101526.36,44410.9,
2026-08-17T23:12:19+00:00,101526.29,44410.9,
2026-08-17T23:13:20+00:00,101524.91,44410.9,
2026-08-17T23:14:20+00:00,101520.08,44410.9,
2026-08-17T23:15:20+00:00,101519.62,44410.9,
2026-08-17T23:16:20+00:00,101518.43,44410.9,
2026-08-17T23:17:20+00:00,101520.69,44410.9,
2026-08-17T23:18:21+00:00,101522.6,44410.9,
2026-08-17T23:19:21+00:00,101524.28,44410.9,
2026-08-17T23:20:21+00:00,101524.28,44410.9,
2026-08-17T23:21:21+00:00,101522.72,44410.9,
2026-08-17T23:22:22+00:00,101516.34,44410.9,
2026-08-17T23:23:22+00:00,101513.14,44410.9,
2026-08-17T23:24:22+00:00,101516.27,44410.9,
2026-08-17T23:25:22+00:00,101516.9,44410.9,
2026-08-17T23:26:22+00:00,101517.03,44410.9,
2026-08-17T23:27:23+00:00,101522.26,44410.9,
2026-08-17T23:28:23+00:00,101523.98,44410.9,
2026-08-17T23:29:23+00:00,101523.35,44410.9,
2026-08-17T23:30:23+00:00,101523.45,44410.9,
2026-08-17T23:31:23+00:00,101523.31,44410.9,
2026-08-17T23:32:24+00:00,101523.31,44410.9,
2026-08-17T23:33:24+00:00,101528.26,44410.9,
2026-08-17T23:34:24+00:00,101526.97,44410.9,
2026-08-17T23:35:24+00:00,101526.13,44410.9,
2026-08-17T23:36:25+00:00,101528.51,44410.9,
2026-08-17T23:37:25+00:00,101529.96,44410.9,
2026-08-17T23:38:25+00:00,101529.96,44410.9,
2026-08-17T23:39:25+00:00,101529.96,44410.9,
2026-08-17T23:40:25+00:00,101529.94,44410.9,
2026-08-17T23:41:26+00:00,101530.84,44410.9,
2026-08-17T23:42:26+00:00,101531.01,44410.9,
2026-08-17T23:43:26+00:00,101527.31,44410.9,
2026-08-17T23:44:26+00:00,101529.83,44410.9,
2026-08-17T23:45:27+00:00,101525.7,44410.9,
2026-08-17T23:46:27+00:00,101522.52,44410.9,
2026-08-17T23:47:28+00:00,101516.55,44410.9,
2026-08-17T23:48:28+00:00,101516.52,44410.9,
2026-08-17T23:49:28+00:00,101515.75,44410.9,
2026-08-17T23:50:28+00:00,101514.7,44410.9,
2026-08-17T23:51:28+00:00,101512.95,44410.9,
2026-08-17T23:52:29+00:00,101512.42,44410.9,
2026-08-17T23:53:29+00:00,101519.21,44410.9,
2026-08-17T23:54:29+00:00,101515.82,44410.9,
2026-08-17T23:55:29+00:00,101520.77,44410.9,
2026-08-17T23:56:29+00:00,101520.77,44410.9,
2026-08-17T23:57:30+00:00,101520.07,44410.9,
2026-08-17T23:58:30+00:00,101519.19,44410.9,
2026-08-17T23:59:30+00:00,101520.65,44410.9,
2026-08-18T00:00:30+00:00,101524.21,44410.9,
2026-08-18T00:01:30+00:00,101524.21,44410.9,
2026-08-18T00:02:31+00:00,101524.21,44410.9,
2026-08-18T00:03:31+00:00,101524.21,44410.9,
2026-08-18T00:04:31+00:00,101517.7,44410.9,
2026-08-18T00:05:31+00:00,101521.9,44410.9,
2026-08-18T00:06:32+00:00,101519.31,44410.9,
2026-08-18T00:07:32+00:00,101519.31,44410.9,
2026-08-18T00:08:32+00:00,101519.31,44410.9,
2026-08-18T00:09:32+00:00,101517.28,44410.9,
2026-08-18T00:10:32+00:00,101517.28,44410.9,
2026-08-18T00:11:33+00:00,101517.28,44410.9,
2026-08-18T00:12:33+00:00,101517.28,44410.9,
2026-08-18T00:13:34+00:00,101517.28,44410.9,
2026-08-18T00:14:34+00:00,101517.28,44410.9,
2026-08-18T00:15:34+00:00,101517.28,44410.9,
2026-08-18T00:16:34+00:00,101518.4,44410.9,
2026-08-18T00:17:35+00:00,101518.4,44410.9,
2026-08-18T00:18:35+00:00,101518.4,44410.9,
2026-08-18T00:19:35+00:00,101518.4,44410.9,
2026-08-18T00:20:35+00:00,101517.0,44410.9,
2026-08-18T00:21:35+00:00,101517.0,44410.9,
2026-08-18T00:22:36+00:00,101517.0,44410.9,
2026-08-18T00:23:36+00:00,101517.0,44410.9,
2026-08-18T00:24:36+00:00,101517.0,44410.9,
2026-08-18T00:25:36+00:00,101528.13,44410.9,
2026-08-18T00:26:36+00:00,101528.13,44410.9,
2026-08-18T00:27:37+00:00,101527.92,44410.9,
2026-08-18T00:28:37+00:00,101527.92,44410.9,
2026-08-18T00:29:37+00:00,101527.92,44410.9,
2026-08-18T00:30:37+00:00,101526.52,44410.9,
2026-08-18T00:31:38+00:00,101526.52,44410.9,
2026-08-18T00:32:38+00:00,101528.24,44410.9,
2026-08-18T00:33:38+00:00,101525.79,44410.9,
2026-08-18T00:34:38+00:00,101525.79,44410.9,
2026-08-18T00:35:38+00:00,101525.79,44410.9,
2026-08-18T00:36:39+00:00,101528.73,44410.9,
2026-08-18T00:37:39+00:00,101525.79,44410.9,
2026-08-18T00:38:39+00:00,101525.86,44410.9,
2026-08-18T00:39:39+00:00,101527.94,44410.9,
2026-08-18T00:40:40+00:00,101527.03,44410.9,
2026-08-18T00:41:40+00:00,101528.36,44410.9,
2026-08-18T00:42:40+00:00,101528.36,44410.9,
2026-08-18T00:43:40+00:00,101528.36,44410.9,
2026-08-18T00:44:40+00:00,101528.36,44410.9,
2026-08-18T00:45:41+00:00,101527.03,44410.9,
2026-08-18T00:46:41+00:00,101531.3,44410.9,
2026-08-18T00:47:41+00:00,101530.32,44410.9,
2026-08-18T00:48:41+00:00,101530.32,44410.9,
2026-08-18T00:49:41+00:00,101530.32,44410.9,
2026-08-18T00:50:42+00:00,101530.32,44410.9,
2026-08-18T00:51:42+00:00,101529.55,44410.9,
2026-08-18T00:52:42+00:00,101529.55,44410.9,
2026-08-18T00:53:42+00:00,101529.55,44410.9,
2026-08-18T00:54:43+00:00,101529.55,44410.9,
2026-08-18T00:55:43+00:00,101529.55,44410.9,
2026-08-18T00:56:44+00:00,101529.55,44410.9,
2026-08-18T00:57:44+00:00,101529.55,44410.9,
2026-08-18T00:58:44+00:00,101521.99,44410.9,
2026-08-18T00:59:44+00:00,101521.99,44410.9,
2026-08-18T01:00:44+00:00,101521.99,44410.9,
2026-08-18T01:01:45+00:00,101521.99,44410.9,
2026-08-18T01:02:45+00:00,101513.59,44410.9,
2026-08-18T01:03:45+00:00,101513.59,44410.9,
2026-08-18T01:04:45+00:00,101509.74,44410.9,
2026-08-18T01:05:46+00:00,101509.74,44410.9,
2026-08-18T01:06:46+00:00,101509.74,44410.9,
2026-08-18T01:07:46+00:00,101508.42,44410.9,
2026-08-18T01:08:46+00:00,101508.63,44410.9,
2026-08-18T01:09:46+00:00,101510.59,44410.9,
2026-08-18T01:10:47+00:00,101510.59,44410.9,
2026-08-18T01:11:47+00:00,101510.59,44410.9,
2026-08-18T01:12:47+00:00,101510.59,44410.9,
2026-08-18T01:13:47+00:00,101510.59,44410.9,
2026-08-18T01:14:48+00:00,101510.59,44410.9,
2026-08-18T01:15:48+00:00,101510.59,44410.9,
2026-08-18T01:16:48+00:00,101510.59,44410.9,
2026-08-18T01:17:48+00:00,101510.59,44410.9,
2026-08-18T01:18:48+00:00,101510.59,44410.9,
2026-08-18T01:19:49+00:00,101510.59,44410.9,
2026-08-18T01:20:49+00:00,101510.59,44410.9,
2026-08-18T01:21:49+00:00,101510.87,44410.9,
2026-08-18T01:22:49+00:00,101510.87,44410.9,
2026-08-18T01:23:49+00:00,101512.27,44410.9,
2026-08-18T01:24:50+00:00,101512.27,44410.9,
2026-08-18T01:25:50+00:00,101512.27,44410.9,
2026-08-18T01:26:50+00:00,101512.27,44410.9,
2026-08-18T01:27:50+00:00,101512.27,44410.9,
2026-08-18T01:28:51+00:00,101512.27,44410.9,
2026-08-18T01:29:51+00:00,101512.27,44410.9,
2026-08-18T01:30:51+00:00,101512.27,44410.9,
2026-08-18T01:31:51+00:00,101512.27,44410.9,
2026-08-18T01:32:51+00:00,101512.27,44410.9,
2026-08-18T01:33:52+00:00,101509.54,44410.9,
2026-08-18T01:34:52+00:00,101504.74,44410.9,
2026-08-18T01:35:52+00:00,101498.16,44410.9,
2026-08-18T01:36:52+00:00,101498.16,44410.9,
2026-08-18T01:37:52+00:00,101498.16,44410.9,
2026-08-18T01:38:53+00:00,101498.16,44410.9,
2026-08-18T01:39:53+00:00,101502.64,44410.9,
2026-08-18T01:40:53+00:00,101502.64,44410.9,
2026-08-18T01:41:53+00:00,101502.64,44410.9,
2026-08-18T01:42:54+00:00,101498.24,44410.9,
2026-08-18T01:43:54+00:00,101487.53,44410.9,
2026-08-18T01:44:54+00:00,101489.0,44410.9,
2026-08-18T01:45:54+00:00,101466.53,44410.9,
2026-08-18T01:46:54+00:00,101467.93,44410.9,
2026-08-18T01:47:55+00:00,101462.4,44410.9,
2026-08-18T01:48:55+00:00,101456.73,44410.9,
2026-08-18T01:49:55+00:00,101456.73,44410.9,
2026-08-18T01:50:56+00:00,101441.47,44410.9,
2026-08-18T01:51:56+00:00,101446.23,44410.9,
2026-08-18T01:52:56+00:00,101446.23,44410.9,
2026-08-18T01:53:57+00:00,101432.23,44410.9,
2026-08-18T01:54:57+00:00,101422.57,44410.9,
2026-08-18T01:55:57+00:00,101419.98,44410.9,
2026-08-18T01:56:57+00:00,101423.14,44410.9,
2026-08-18T01:57:57+00:00,101423.14,44410.9,
2026-08-18T01:58:58+00:00,101423.14,44410.9,
2026-08-18T01:59:58+00:00,101428.74,44410.9,
2026-08-18T02:00:58+00:00,101429.93,44410.9,
2026-08-18T02:01:58+00:00,101429.51,44410.9,
2026-08-18T02:02:58+00:00,101423.77,44410.9,
2026-08-18T02:03:59+00:00,101423.77,44410.9,
2026-08-18T02:04:59+00:00,101428.78,44410.9,
2026-08-18T02:05:59+00:00,101430.18,44410.9,
2026-08-18T02:06:59+00:00,101421.78,44410.9,
2026-08-18T02:08:00+00:00,101409.1,44410.9,
2026-08-18T02:09:00+00:00,101414.92,44410.9,
2026-08-18T02:10:00+00:00,101421.92,44410.9,
2026-08-18T02:11:00+00:00,101424.44,44410.9,
2026-08-18T02:12:00+00:00,101415.97,44410.9,
2026-08-18T02:13:01+00:00,101399.31,44410.9,
2026-08-18T02:14:01+00:00,101396.16,44410.9,
2026-08-18T02:15:01+00:00,101394.76,44410.9,
2026-08-18T02:16:01+00:00,101386.08,44410.9,
2026-08-18T02:17:02+00:00,101380.55,44410.9,
2026-08-18T02:18:02+00:00,101378.45,44410.9,
2026-08-18T02:19:02+00:00,101383.0,44410.9,
2026-08-18T02:20:02+00:00,101384.47,44410.9,
2026-08-18T02:21:02+00:00,101384.38,44410.9,
2026-08-18T02:22:03+00:00,101380.95,44410.9,
2026-08-18T02:23:03+00:00,101376.05,44410.9,
2026-08-18T02:24:03+00:00,101370.73,44410.9,
2026-08-18T02:25:03+00:00,101370.1,44410.9,
2026-08-18T02:26:04+00:00,101369.61,44410.9,
2026-08-18T02:27:04+00:00,101360.65,44410.9,
2026-08-18T02:28:05+00:00,101355.61,44410.9,
2026-08-18T02:29:05+00:00,101361.84,44410.9,
2026-08-18T02:30:05+00:00,101360.16,44410.9,
2026-08-18T02:31:05+00:00,101356.45,44410.9,
2026-08-18T02:32:06+00:00,101353.65,44410.9,
2026-08-18T02:33:06+00:00,101342.52,44410.9,
2026-08-18T02:34:06+00:00,101346.44,44410.9,
2026-08-18T02:35:06+00:00,101354.14,44410.9,
2026-08-18T02:36:06+00:00,101354.14,44410.9,
2026-08-18T02:37:07+00:00,101354.14,44410.9,
2026-08-18T02:38:07+00:00,101356.59,44410.9,
2026-08-18T02:39:07+00:00,101357.57,44410.9,
2026-08-18T02:40:07+00:00,101370.42,44410.9,
2026-08-18T02:41:08+00:00,101367.2,44410.9,
2026-08-18T02:42:08+00:00,101367.2,44410.9,
2026-08-18T02:43:08+00:00,101365.59,44410.9,
2026-08-18T02:44:08+00:00,101355.58,44410.9,
2026-08-18T02:45:08+00:00,101346.48,44410.9,
2026-08-18T02:46:09+00:00,101333.74,44410.9,
2026-08-18T02:47:09+00:00,101336.26,44410.9,
2026-08-18T02:48:09+00:00,101325.34,44410.9,
2026-08-18T02:49:09+00:00,101330.94,44410.9,
2026-08-18T02:50:10+00:00,101341.69,44410.9,
2026-08-18T02:51:10+00:00,101340.64,44410.9,
2026-08-18T02:52:11+00:00,101336.86,44410.9,
2026-08-18T02:53:11+00:00,101352.54,44410.9,
2026-08-18T02:54:11+00:00,101355.27,44410.9,
2026-08-18T02:55:11+00:00,101355.27,44410.9,
2026-08-18T02:56:11+00:00,101341.76,44410.9,
2026-08-18T02:57:12+00:00,101334.69,44410.9,
2026-08-18T02:58:12+00:00,101337.0,44410.9,
2026-08-18T02:59:12+00:00,101345.82,44410.9,
2026-08-18T03:00:12+00:00,101339.94,44410.9,
2026-08-18T03:01:13+00:00,101345.19,44410.9,
2026-08-18T03:02:13+00:00,101345.19,44410.9,
2026-08-18T03:03:13+00:00,101350.65,44410.9,
2026-08-18T03:04:13+00:00,101350.65,44410.9,
2026-08-18T03:05:13+00:00,101350.72,44410.9,
2026-08-18T03:06:14+00:00,101350.72,44410.9,
2026-08-18T03:07:14+00:00,101352.68,44410.9,
2026-08-18T03:08:14+00:00,101352.68,44410.9,
2026-08-18T03:09:14+00:00,101352.68,44410.9,
2026-08-18T03:10:15+00:00,101352.68,44410.9,
2026-08-18T03:11:15+00:00,101350.86,44410.9,
2026-08-18T03:12:15+00:00,101350.86,44410.9,
2026-08-18T03:13:15+00:00,101350.86,44410.9,
2026-08-18T03:14:15+00:00,101350.86,44410.9,
2026-08-18T03:15:16+00:00,101340.85,44410.9,
2026-08-18T03:16:16+00:00,101340.78,44410.9,
2026-08-18T03:17:16+00:00,101340.78,44410.9,
2026-08-18T03:18:16+00:00,101340.78,44410.9,
2026-08-18T03:19:17+00:00,101340.08,44410.9,
2026-08-18T03:20:17+00:00,101340.08,44410.9,
2026-08-18T03:21:17+00:00,101337.49,44410.9,
2026-08-18T03:22:17+00:00,101333.36,44410.9,
2026-08-18T03:23:17+00:00,101331.19,44410.9,
2026-08-18T03:24:18+00:00,101317.75,44410.9,
2026-08-18T03:25:18+00:00,101314.74,44410.9,
2026-08-18T03:26:18+00:00,101316.77,44410.9,
2026-08-18T03:27:18+00:00,101316.77,44410.9,
2026-08-18T03:28:18+00:00,101319.22,44410.9,
2026-08-18T03:29:19+00:00,101323.0,44410.9,
2026-08-18T03:30:19+00:00,101317.24,44410.9,
2026-08-18T03:31:19+00:00,101319.2,44410.9,
2026-08-18T03:32:19+00:00,101309.4,44410.9,
2026-08-18T03:33:20+00:00,101311.57,44410.9,
2026-08-18T03:34:20+00:00,101311.78,44410.9,
2026-08-18T03:35:21+00:00,101305.62,44410.9,
2026-08-18T03:36:21+00:00,101303.94,44410.9,
2026-08-18T03:37:21+00:00,101304.01,44410.9,
2026-08-18T03:38:21+00:00,101323.4,44410.9,
2026-08-18T03:39:22+00:00,101323.4,44410.9,
2026-08-18T03:40:22+00:00,101323.26,44410.9,
2026-08-18T03:41:22+00:00,101323.26,44410.9,
2026-08-18T03:42:22+00:00,101323.26,44410.9,
2026-08-18T03:43:22+00:00,101323.26,44410.9,
2026-08-18T03:44:23+00:00,101323.26,44410.9,
2026-08-18T03:45:23+00:00,101341.67,44410.9,
2026-08-18T03:46:23+00:00,101341.67,44410.9,
2026-08-18T03:47:23+00:00,101345.8,44410.9,
2026-08-18T03:48:24+00:00,101345.8,44410.9,
2026-08-18T03:49:24+00:00,101345.8,44410.9,
2026-08-18T03:50:24+00:00,101345.8,44410.9,
2026-08-18T03:51:24+00:00,101344.89,44410.9,
2026-08-18T03:52:24+00:00,101346.64,44410.9,
2026-08-18T03:53:25+00:00,101346.64,44410.9,
2026-08-18T03:54:25+00:00,101346.64,44410.9,
2026-08-18T03:55:25+00:00,101346.64,44410.9,
2026-08-18T03:56:25+00:00,101349.72,44410.9,
2026-08-18T03:57:26+00:00,101353.15,44410.9,
2026-08-18T03:58:26+00:00,101354.03,44410.9,
2026-08-18T03:59:27+00:00,101354.1,44410.9,
2026-08-18T04:00:27+00:00,101359.0,44410.9,
2026-08-18T04:01:27+00:00,101357.39,44410.9,
2026-08-18T04:02:27+00:00,101352.84,44410.9,
2026-08-18T04:03:27+00:00,101352.84,44410.9,
2026-08-18T04:04:28+00:00,101342.76,44410.9,
2026-08-18T04:05:28+00:00,101344.36,44410.9,
2026-08-18T04:06:28+00:00,101345.48,44410.9,
2026-08-18T04:07:28+00:00,101345.48,44410.9,
2026-08-18T04:08:28+00:00,101347.3,44410.9,
2026-08-18T04:09:29+00:00,101353.18,44410.9,
2026-08-18T04:10:29+00:00,101354.44,44410.9,
2026-08-18T04:11:29+00:00,101362.14,44410.9,
2026-08-18T04:12:29+00:00,101362.14,44410.9,
2026-08-18T04:13:30+00:00,101362.14,44410.9,
2026-08-18T04:14:30+00:00,101367.74,44410.9,
2026-08-18T04:15:30+00:00,101367.25,44410.9,
2026-08-18T04:16:30+00:00,101369.42,44410.9,
2026-08-18T04:17:31+00:00,101369.42,44410.9,
2026-08-18T04:18:31+00:00,101369.42,44410.9,
2026-08-18T04:19:31+00:00,101369.42,44410.9,
2026-08-18T04:20:32+00:00,101371.59,44410.9,
2026-08-18T04:21:32+00:00,101367.74,44410.9,
2026-08-18T04:22:32+00:00,101367.74,44410.9,
2026-08-18T04:23:32+00:00,101361.37,44410.9,
2026-08-18T04:24:33+00:00,101356.47,44410.9,
2026-08-18T04:25:33+00:00,101354.02,44410.9,
2026-08-18T04:26:33+00:00,101354.66,44410.9,
2026-08-18T04:27:33+00:00,101357.53,44410.9,
2026-08-18T04:28:33+00:00,101361.24,44410.9,
2026-08-18T04:29:34+00:00,101372.44,44410.9,
2026-08-18T04:30:34+00:00,101372.44,44410.9,
2026-08-18T04:31:34+00:00,101372.44,44410.9,
2026-08-18T04:32:34+00:00,101385.11,44410.9,
2026-08-18T04:33:35+00:00,101390.29,44410.9,
2026-08-18T04:34:35+00:00,101388.61,44410.9,
2026-08-18T04:35:35+00:00,101384.55,44410.9,
2026-08-18T04:36:35+00:00,101384.55,44410.9,
2026-08-18T04:37:35+00:00,101385.32,44410.9,
2026-08-18T04:38:36+00:00,101382.87,44410.9,
2026-08-18T04:39:36+00:00,101381.68,44410.9,
2026-08-18T04:40:36+00:00,101381.68,44410.9,
2026-08-18T04:41:36+00:00,101379.86,44410.9,
2026-08-18T04:42:37+00:00,101379.86,44410.9,
2026-08-18T04:43:37+00:00,101375.1,44410.9,
2026-08-18T04:44:37+00:00,101374.4,44410.9,
2026-08-18T04:45:37+00:00,101374.4,44410.9,
2026-08-18T04:46:37+00:00,101374.4,44410.9,
2026-08-18T04:47:38+00:00,101373.56,44410.9,
2026-08-18T04:48:38+00:00,101373.56,44410.9,
2026-08-18T04:49:38+00:00,101376.01,44410.9,
2026-08-18T04:50:38+00:00,101376.01,44410.9,
2026-08-18T04:51:39+00:00,101378.74,44410.9,
2026-08-18T04:52:39+00:00,101384.13,44410.9,
2026-08-18T04:53:40+00:00,101384.13,44410.9,
2026-08-18T04:54:40+00:00,101384.13,44410.9,
2026-08-18T04:55:40+00:00,101384.13,44410.9,
2026-08-18T04:56:40+00:00,101384.13,44410.9,
2026-08-18T04:57:40+00:00,101386.23,44410.9,
2026-08-18T04:58:41+00:00,101386.23,44410.9,
2026-08-18T04:59:41+00:00,101386.23,44410.9,
2026-08-18T05:00:41+00:00,101386.23,44410.9,
2026-08-18T05:01:41+00:00,101385.53,44410.9,
2026-08-18T05:02:41+00:00,101385.53,44410.9,
2026-08-18T05:03:42+00:00,101380.32,44410.9,
2026-08-18T05:04:42+00:00,101378.24,44410.9,
2026-08-18T05:05:42+00:00,101364.31,44410.9,
2026-08-18T05:06:42+00:00,101364.31,44410.9,
2026-08-18T05:07:42+00:00,101364.31,44410.9,
2026-08-18T05:08:43+00:00,101359.51,44410.9,
2026-08-18T05:09:43+00:00,101359.51,44410.9,
2026-08-18T05:10:43+00:00,101359.51,44410.9,
2026-08-18T05:11:43+00:00,101355.55,44410.9,
2026-08-18T05:12:44+00:00,101345.47,44410.9,
2026-08-18T05:13:44+00:00,101338.91,44410.9,
2026-08-18T05:14:44+00:00,101338.35,44410.9,
2026-08-18T05:15:44+00:00,101338.35,44410.9,
2026-08-18T05:16:44+00:00,101338.35,44410.9,
2026-08-18T05:17:45+00:00,101338.35,44410.9,
2026-08-18T05:18:45+00:00,101338.35,44410.9,
2026-08-18T05:19:45+00:00,101338.35,44410.9,
2026-08-18T05:20:45+00:00,101332.12,44410.9,
2026-08-18T05:21:45+00:00,101332.76,44410.9,
2026-08-18T05:22:46+00:00,101329.82,44410.9,
2026-08-18T05:23:46+00:00,101329.82,44410.9,
2026-08-18T05:24:46+00:00,101329.82,44410.9,
2026-08-18T05:25:46+00:00,101334.79,44410.9,
2026-08-18T05:26:47+00:00,101334.79,44410.9,
2026-08-18T05:27:47+00:00,101334.79,44410.9,
2026-08-18T05:28:47+00:00,101337.38,44410.9,
2026-08-18T05:29:47+00:00,101334.79,44410.9,
2026-08-18T05:30:47+00:00,101332.23,44410.9,
2026-08-18T05:31:48+00:00,101332.23,44410.9,
2026-08-18T05:32:48+00:00,101329.22,44410.9,
2026-08-18T05:33:48+00:00,101328.1,44410.9,
2026-08-18T05:34:48+00:00,101328.1,44410.9,
2026-08-18T05:35:49+00:00,101321.03,44410.9,
2026-08-18T05:36:49+00:00,101321.03,44410.9,
2026-08-18T05:37:50+00:00,101321.03,44410.9,
2026-08-18T05:38:50+00:00,101321.03,44410.9,
2026-08-18T05:39:50+00:00,101321.03,44410.9,
2026-08-18T05:40:50+00:00,101327.47,44410.9,
2026-08-18T05:41:50+00:00,101326.85,44410.9,
2026-08-18T05:42:51+00:00,101326.85,44410.9,
2026-08-18T05:43:51+00:00,101295.42,44410.9,
2026-08-18T05:44:51+00:00,101299.26,44410.9,
2026-08-18T05:45:51+00:00,101299.26,44410.9,
2026-08-18T05:46:52+00:00,101299.26,44410.9,
2026-08-18T05:47:52+00:00,101299.26,44410.9,
2026-08-18T05:48:52+00:00,101299.26,44410.9,
2026-08-18T05:49:52+00:00,101301.43,44410.9,
2026-08-18T05:50:52+00:00,101301.43,44410.9,
2026-08-18T05:51:53+00:00,101301.43,44410.9,
2026-08-18T05:52:53+00:00,101302.06,44410.9,
2026-08-18T05:53:53+00:00,101301.43,44410.9,
2026-08-18T05:54:53+00:00,101301.43,44410.9,
2026-08-18T05:55:54+00:00,101301.36,44410.9,
2026-08-18T05:56:54+00:00,101301.36,44410.9,
2026-08-18T05:57:54+00:00,101301.36,44410.9,
2026-08-18T05:58:54+00:00,101301.36,44410.9,
2026-08-18T05:59:54+00:00,101297.02,44410.9,
2026-08-18T06:00:55+00:00,101285.89,44410.9,
2026-08-18T06:01:55+00:00,101278.41,44410.9,
2026-08-18T06:02:55+00:00,101264.21,44410.9,
2026-08-18T06:03:55+00:00,101264.21,44410.9,
2026-08-18T06:04:56+00:00,101256.21,44410.9,
2026-08-18T06:05:56+00:00,101256.21,44410.9,
2026-08-18T06:06:56+00:00,101258.31,44410.9,
2026-08-18T06:07:56+00:00,101252.22,44410.9,
2026-08-18T06:08:56+00:00,101252.22,44410.9,
2026-08-18T06:09:57+00:00,101250.26,44410.9,
2026-08-18T06:10:57+00:00,101268.11,44410.9,
2026-08-18T06:11:57+00:00,101269.3,44410.9,
2026-08-18T06:12:57+00:00,101270.42,44410.9,
2026-08-18T06:13:58+00:00,101273.08,44410.9,
2026-08-18T06:14:58+00:00,101275.32,44410.9,
2026-08-18T06:15:58+00:00,101275.32,44410.9,
2026-08-18T06:16:58+00:00,101275.32,44410.9,
2026-08-18T06:17:58+00:00,101272.45,44410.9,
2026-08-18T06:18:59+00:00,101272.38,44410.9,
2026-08-18T06:19:59+00:00,101272.38,44410.9,
2026-08-18T06:20:59+00:00,101274.62,44410.9,
2026-08-18T06:21:59+00:00,101274.62,44410.9,
2026-08-18T06:22:59+00:00,101274.62,44410.9,
2026-08-18T06:24:00+00:00,101278.82,44410.9,
2026-08-18T06:25:00+00:00,101278.82,44410.9,
2026-08-18T06:26:00+00:00,101276.02,44410.9,
2026-08-18T06:27:00+00:00,101276.02,44410.9,
2026-08-18T06:28:01+00:00,101276.02,44410.9,
2026-08-18T06:29:01+00:00,101276.02,44410.9,
2026-08-18T06:30:01+00:00,101276.02,44410.9,
2026-08-18T06:31:01+00:00,101276.02,44410.9,
2026-08-18T06:32:02+00:00,101284.56,44410.9,
2026-08-18T06:33:02+00:00,101284.56,44410.9,
2026-08-18T06:34:02+00:00,101290.58,44410.9,
2026-08-18T06:35:02+00:00,101291.49,44410.9,
2026-08-18T06:36:02+00:00,101295.55,44410.9,
2026-08-18T06:37:03+00:00,101302.06,44410.9,
2026-08-18T06:38:03+00:00,101308.08,44410.9,
2026-08-18T06:39:03+00:00,101308.08,44410.9,
2026-08-18T06:40:03+00:00,101310.04,44410.9,
2026-08-18T06:41:03+00:00,101310.04,44410.9,
2026-08-18T06:42:04+00:00,101313.44,44410.9,
2026-08-18T06:43:04+00:00,101313.82,44410.9,
2026-08-18T06:44:04+00:00,101313.82,44410.9,
2026-08-18T06:45:04+00:00,101313.82,44410.9,
2026-08-18T06:46:05+00:00,101313.82,44410.9,
2026-08-18T06:47:05+00:00,101307.73,44410.9,
2026-08-18T06:48:05+00:00,101307.73,44410.9,
2026-08-18T06:49:05+00:00,101312.14,44410.9,
2026-08-18T06:50:05+00:00,101312.14,44410.9,
2026-08-18T06:51:06+00:00,101312.14,44410.9,
2026-08-18T06:52:06+00:00,101312.14,44410.9,
2026-08-18T06:53:07+00:00,101311.02,44410.9,
2026-08-18T06:54:07+00:00,101311.02,44410.9,
2026-08-18T06:55:07+00:00,101311.02,44410.9,
2026-08-18T06:56:07+00:00,101311.02,44410.9,
2026-08-18T06:57:08+00:00,101311.02,44410.9,
2026-08-18T06:58:08+00:00,101311.02,44410.9,
2026-08-18T06:59:08+00:00,101313.19,44410.9,
2026-08-18T07:00:08+00:00,101313.19,44410.9,
2026-08-18T07:01:08+00:00,101313.19,44410.9,
2026-08-18T07:02:09+00:00,101313.19,44410.9,
2026-08-18T07:03:09+00:00,101313.19,44410.9,
2026-08-18T07:04:09+00:00,101313.19,44410.9,
2026-08-18T07:05:09+00:00,101314.45,44410.9,
2026-08-18T07:06:09+00:00,101314.45,44410.9,
2026-08-18T07:07:10+00:00,101314.45,44410.9,
2026-08-18T07:08:10+00:00,101321.03,44410.9,
2026-08-18T07:09:10+00:00,101321.03,44410.9,
2026-08-18T07:10:10+00:00,101312.84,44410.9,
2026-08-18T07:11:10+00:00,101311.58,44410.9,
2026-08-18T07:12:11+00:00,101311.3,44410.9,
2026-08-18T07:13:11+00:00,101311.3,44410.9,
2026-08-18T07:14:11+00:00,101311.3,44410.9,
2026-08-18T07:15:11+00:00,101311.3,44410.9,
2026-08-18T07:16:12+00:00,101306.47,44410.9,
2026-08-18T07:17:12+00:00,101305.98,44410.9,
2026-08-18T07:18:12+00:00,101305.98,44410.9,
2026-08-18T07:19:12+00:00,101302.48,44410.9,
2026-08-18T07:20:12+00:00,101302.48,44410.9,
2026-08-18T07:21:13+00:00,101302.48,44410.9,
2026-08-18T07:22:13+00:00,101305.49,44410.9,
2026-08-18T07:23:13+00:00,101301.22,44410.9,
2026-08-18T07:24:13+00:00,101301.22,44410.9,
2026-08-18T07:25:14+00:00,101301.22,44410.9,
2026-08-18T07:26:14+00:00,101301.22,44410.9,
2026-08-18T07:27:14+00:00,101298.98,44410.9,
2026-08-18T07:28:14+00:00,101299.4,44410.9,
2026-08-18T07:29:15+00:00,101293.32,44410.9,
2026-08-18T07:30:15+00:00,101291.51,44410.9,
2026-08-18T07:31:15+00:00,101291.51,44410.9,
2026-08-18T07:32:15+00:00,101291.51,44410.9,
2026-08-18T07:33:15+00:00,101274.82,44410.9,
2026-08-18T07:34:16+00:00,101272.4,44410.9,
2026-08-18T07:35:16+00:00,101270.2,44410.9,
2026-08-18T07:36:16+00:00,101273.35,44410.9,
2026-08-18T07:37:16+00:00,101273.35,44410.9,
2026-08-18T07:38:16+00:00,101273.35,44410.9,
2026-08-18T07:39:17+00:00,101275.43,44410.9,
2026-08-18T07:40:17+00:00,101275.59,44410.9,
2026-08-18T07:41:17+00:00,101275.59,44410.9,
2026-08-18T07:42:17+00:00,101275.59,44410.9,
2026-08-18T07:43:18+00:00,101275.91,44410.9,
2026-08-18T07:44:18+00:00,101272.9,44410.9,
2026-08-18T07:45:18+00:00,101272.9,44410.9,
2026-08-18T07:46:18+00:00,101271.36,44410.9,
2026-08-18T07:47:18+00:00,101271.36,44410.9,
2026-08-18T07:48:19+00:00,101271.36,44410.9,
2026-08-18T07:49:19+00:00,101270.1,44410.9,
2026-08-18T07:50:19+00:00,101264.94,44410.9,
2026-08-18T07:51:19+00:00,101264.94,44410.9,
2026-08-18T07:52:20+00:00,101264.94,44410.9,
2026-08-18T07:53:20+00:00,101262.0,44410.9,
2026-08-18T07:54:20+00:00,101262.0,44410.9,
2026-08-18T07:55:20+00:00,101262.0,44410.9,
2026-08-18T07:56:20+00:00,101261.84,44410.9,
2026-08-18T07:57:21+00:00,101261.84,44410.9,
2026-08-18T07:58:21+00:00,101261.84,44410.9,
2026-08-18T07:59:21+00:00,101261.84,44410.9,
2026-08-18T08:00:21+00:00,101342.24,44410.9,
2026-08-18T08:01:21+00:00,101367.84,44410.9,
2026-08-18T08:02:22+00:00,101279.0,44410.9,
2026-08-18T08:03:22+00:00,101237.63,44410.9,
2026-08-18T08:04:23+00:00,101226.52,44410.9,
2026-08-18T08:05:23+00:00,101219.8,44410.9,
2026-08-18T08:06:23+00:00,101211.8,44410.9,
2026-08-18T08:07:23+00:00,101204.8,44410.9,
2026-08-18T08:08:24+00:00,101195.95,44410.9,
2026-08-18T08:09:24+00:00,101194.63,44410.9,
2026-08-18T08:10:24+00:00,101209.94,44410.9,
2026-08-18T08:11:24+00:00,101200.49,44410.9,
2026-08-18T08:12:24+00:00,101214.73,44410.9,
2026-08-18T08:13:25+00:00,101222.25,44410.9,
2026-08-18T08:14:25+00:00,101224.35,44410.9,
2026-08-18T08:15:25+00:00,101219.95,44410.9,
2026-08-18T08:16:25+00:00,101221.63,44410.9,
2026-08-18T08:17:25+00:00,101226.32,44410.9,
2026-08-18T08:18:26+00:00,101220.58,44410.9,
2026-08-18T08:19:26+00:00,101230.75,44410.9,
2026-08-18T08:20:26+00:00,101224.28,44410.9,
2026-08-18T08:21:26+00:00,101215.6,44410.9,
2026-08-18T08:22:27+00:00,101190.55,44410.9,
2026-08-18T08:23:27+00:00,101189.34,44410.9,
2026-08-18T08:24:27+00:00,101188.71,44410.9,
2026-08-18T08:25:27+00:00,101188.71,44410.9,
2026-08-18T08:26:27+00:00,101185.47,44410.9,
2026-08-18T08:27:28+00:00,101199.5,44410.9,
2026-08-18T08:28:28+00:00,101206.1,44410.9,
2026-08-18T08:29:29+00:00,101209.1,44410.9,
2026-08-18T08:30:29+00:00,101208.68,44410.9,
2026-08-18T08:31:29+00:00,101223.28,44410.9,
2026-08-18T08:32:29+00:00,101233.75,44410.9,
2026-08-18T08:33:30+00:00,101234.98,44410.9,
2026-08-18T08:34:30+00:00,101235.15,44410.9,
2026-08-18T08:35:30+00:00,101237.32,44410.9,
2026-08-18T08:36:30+00:00,101247.77,44410.9,
2026-08-18T08:37:30+00:00,101240.84,44410.9,
2026-08-18T08:38:31+00:00,101241.19,44410.9,
2026-08-18T08:39:31+00:00,101249.03,44410.9,
2026-08-18T08:40:31+00:00,101243.02,44410.9,
2026-08-18T08:41:31+00:00,101243.02,44410.9,
2026-08-18T08:42:32+00:00,101238.86,44410.9,
2026-08-18T08:43:32+00:00,101241.41,44410.9,
2026-08-18T08:44:32+00:00,101240.04,44410.9,
2026-08-18T08:45:32+00:00,101240.04,44410.9,
2026-08-18T08:46:32+00:00,101231.64,44410.9,
2026-08-18T08:47:33+00:00,101231.64,44410.9,
2026-08-18T08:48:33+00:00,101231.64,44410.9,
2026-08-18T08:49:33+00:00,101226.11,44410.9,
2026-08-18T08:50:33+00:00,101218.41,44410.9,
2026-08-18T08:51:34+00:00,101218.41,44410.9,
2026-08-18T08:52:34+00:00,101217.01,44410.9,
2026-08-18T08:53:34+00:00,101223.45,44410.9,
2026-08-18T08:54:34+00:00,101223.45,44410.9,
2026-08-18T08:55:34+00:00,101235.08,44410.9,
2026-08-18T08:56:35+00:00,101234.59,44410.9,
2026-08-18T08:57:35+00:00,101233.47,44410.9,
2026-08-18T08:58:35+00:00,101235.01,44410.9,
2026-08-18T08:59:35+00:00,101231.93,44410.9,
2026-08-18T09:00:35+00:00,101231.93,44410.9,
2026-08-18T09:01:36+00:00,101228.43,44410.9,
2026-08-18T09:02:36+00:00,101220.59,44410.9,
2026-08-18T09:03:37+00:00,101220.59,44410.9,
2026-08-18T09:04:37+00:00,101219.61,44410.9,
2026-08-18T09:05:37+00:00,101216.54,44410.9,
2026-08-18T09:06:37+00:00,101216.54,44410.9,
2026-08-18T09:07:38+00:00,101208.53,44410.9,
2026-08-18T09:08:38+00:00,101207.2,44410.9,
2026-08-18T09:09:39+00:00,101207.13,44410.9,
2026-08-18T09:10:39+00:00,101221.85,44410.9,
2026-08-18T09:11:39+00:00,101221.65,44410.9,
2026-08-18T09:12:39+00:00,101221.65,44410.9,
2026-08-18T09:13:40+00:00,101221.65,44410.9,
2026-08-18T09:14:40+00:00,101236.53,44410.9,
2026-08-18T09:15:40+00:00,101236.53,44410.9,
2026-08-18T09:16:40+00:00,101240.1,44410.9,
2026-08-18T09:17:40+00:00,101240.1,44410.9,
2026-08-18T09:18:41+00:00,101240.1,44410.9,
2026-08-18T09:19:41+00:00,101233.66,44410.9,
2026-08-18T09:20:41+00:00,101226.73,44410.9,
2026-08-18T09:21:41+00:00,101225.96,44410.9,
2026-08-18T09:22:42+00:00,101221.41,44410.9,
2026-08-18T09:23:42+00:00,101210.38,44410.9,
2026-08-18T09:24:42+00:00,101210.8,44410.9,
2026-08-18T09:25:42+00:00,101207.3,44410.9,
2026-08-18T09:26:42+00:00,101207.3,44410.9,
2026-08-18T09:27:43+00:00,101203.8,44410.9,
2026-08-18T09:28:43+00:00,101206.88,44410.9,
2026-08-18T09:29:43+00:00,101202.26,44410.9,
2026-08-18T09:30:43+00:00,101208.05,44410.9,
2026-08-18T09:31:44+00:00,101207.75,44410.9,
2026-08-18T09:32:44+00:00,101197.08,44410.9,
2026-08-18T09:33:44+00:00,101189.82,44410.9,
2026-08-18T09:34:44+00:00,101205.52,44410.9,
2026-08-18T09:35:44+00:00,101205.52,44410.9,
2026-08-18T09:36:45+00:00,101204.96,44410.9,
2026-08-18T09:37:45+00:00,101201.0,44410.9,
2026-08-18T09:38:45+00:00,101201.56,44410.9,
2026-08-18T09:39:45+00:00,101198.97,44410.9,
2026-08-18T09:40:45+00:00,101194.63,44410.9,
2026-08-18T09:41:46+00:00,101178.81,44410.9,
2026-08-18T09:42:46+00:00,101174.61,44410.9,
2026-08-18T09:43:46+00:00,101172.37,44410.9,
2026-08-18T09:44:46+00:00,101175.6,44410.9,
2026-08-18T09:45:47+00:00,101175.6,44410.9,
2026-08-18T09:46:47+00:00,101185.18,44410.9,
2026-08-18T09:47:48+00:00,101189.73,44410.9,
2026-08-18T09:48:48+00:00,101189.73,44410.9,
2026-08-18T09:49:48+00:00,101193.26,44410.9,
2026-08-18T09:50:48+00:00,101192.94,44410.9,
2026-08-18T09:51:49+00:00,101184.1,44410.9,
2026-08-18T09:52:49+00:00,101175.3,44410.9,
2026-08-18T09:53:49+00:00,101175.72,44410.9,
2026-08-18T09:54:49+00:00,101186.74,44410.9,
2026-08-18T09:55:49+00:00,101199.06,44410.9,
2026-08-18T09:56:50+00:00,101194.02,44410.9,
2026-08-18T09:57:50+00:00,101206.29,44410.9,
2026-08-18T09:58:50+00:00,101210.34,44410.9,
2026-08-18T09:59:50+00:00,101215.38,44410.9,
2026-08-18T10:00:50+00:00,101214.36,44410.9,
2026-08-18T10:01:51+00:00,101200.87,44410.9,
2026-08-18T10:02:51+00:00,101206.89,44410.9,
2026-08-18T10:03:51+00:00,101207.01,44410.9,
2026-08-18T10:04:51+00:00,101211.83,44410.9,
2026-08-18T10:05:52+00:00,101213.88,44410.9,
2026-08-18T10:06:52+00:00,101232.34,44410.9,
2026-08-18T10:07:52+00:00,101226.8,44410.9,
2026-08-18T10:08:52+00:00,101234.09,44410.9,
2026-08-18T10:09:52+00:00,101233.93,44410.9,
2026-08-18T10:10:53+00:00,101234.09,44410.9,
2026-08-18T10:11:53+00:00,101224.5,44410.9,
2026-08-18T10:12:53+00:00,101221.0,44410.9,
2026-08-18T10:13:53+00:00,101218.34,44410.9,
2026-08-18T10:14:53+00:00,101204.62,44410.9,
2026-08-18T10:15:54+00:00,101204.62,44410.9,
2026-08-18T10:16:54+00:00,101204.62,44410.9,
2026-08-18T10:17:54+00:00,101201.5,44410.9,
2026-08-18T10:18:54+00:00,101204.23,44410.9,
2026-08-18T10:19:54+00:00,101212.35,44410.9,
2026-08-18T10:20:55+00:00,101208.29,44410.9,
2026-08-18T10:21:55+00:00,101208.29,44410.9,
2026-08-18T10:22:55+00:00,101209.7,44410.9,
2026-08-18T10:23:55+00:00,101202.82,44410.9,
2026-08-18T10:24:56+00:00,101200.63,44410.9,
2026-08-18T10:25:56+00:00,101198.6,44410.9,
2026-08-18T10:26:56+00:00,101196.17,44410.9,
2026-08-18T10:27:56+00:00,101201.57,44410.9,
2026-08-18T10:28:56+00:00,101201.57,44410.9,
2026-08-18T10:29:57+00:00,101201.57,44410.9,
2026-08-18T10:30:57+00:00,101209.76,44410.9,
2026-08-18T10:31:57+00:00,101219.06,44410.9,
2026-08-18T10:32:57+00:00,101218.5,44410.9,
2026-08-18T10:33:58+00:00,101222.4,44410.9,
2026-08-18T10:34:58+00:00,101228.35,44410.9,
2026-08-18T10:35:59+00:00,101228.35,44410.9,
2026-08-18T10:36:59+00:00,101227.07,44410.9,
2026-08-18T10:37:59+00:00,101214.14,44410.9,
2026-08-18T10:38:59+00:00,101217.77,44410.9,
2026-08-18T10:39:59+00:00,101216.88,44410.9,
2026-08-18T10:41:00+00:00,101212.88,44410.9,
2026-08-18T10:42:00+00:00,101195.66,44410.9,
2026-08-18T10:43:00+00:00,101194.78,44410.9,
2026-08-18T10:44:00+00:00,101194.78,44410.9,
2026-08-18T10:45:00+00:00,101194.78,44410.9,
2026-08-18T10:46:01+00:00,101193.31,44410.9,
2026-08-18T10:47:01+00:00,101188.67,44410.9,
2026-08-18T10:48:01+00:00,101188.67,44410.9,
2026-08-18T10:49:01+00:00,101194.41,44410.9,
2026-08-18T10:50:02+00:00,101193.05,44410.9,
2026-08-18T10:51:02+00:00,101210.13,44410.9,
2026-08-18T10:52:02+00:00,101211.95,44410.9,
2026-08-18T10:53:02+00:00,101238.08,44410.9,
2026-08-18T10:54:02+00:00,101235.8,44410.9,
2026-08-18T10:55:03+00:00,101233.02,44410.9,
2026-08-18T10:56:03+00:00,101233.02,44410.9,
2026-08-18T10:57:03+00:00,101230.29,44410.9,
2026-08-18T10:58:03+00:00,101209.76,44410.9,
2026-08-18T10:59:04+00:00,101200.66,44410.9,
2026-08-18T11:00:04+00:00,101209.68,44410.9,
2026-08-18T11:01:04+00:00,101201.38,44410.9,
2026-08-18T11:02:04+00:00,101215.06,44410.9,
2026-08-18T11:03:04+00:00,101229.72,44410.9,
2026-08-18T11:04:05+00:00,101234.62,44410.9,
2026-08-18T11:05:05+00:00,101231.72,44410.9,
2026-08-18T11:06:05+00:00,101241.0,44410.9,
2026-08-18T11:07:05+00:00,101247.59,44410.9,
2026-08-18T11:08:06+00:00,101238.58,44410.9,
2026-08-18T11:09:06+00:00,101237.51,44410.9,
2026-08-18T11:10:06+00:00,101230.26,44410.9,
2026-08-18T11:11:06+00:00,101237.52,44410.9,
2026-08-18T11:12:07+00:00,101240.27,44410.9,
2026-08-18T11:13:07+00:00,101229.59,44410.9,
2026-08-18T11:14:07+00:00,101234.42,44410.9,
2026-08-18T11:15:07+00:00,101239.16,44410.9,
2026-08-18T11:16:08+00:00,101230.24,44410.9,
2026-08-18T11:17:08+00:00,101228.51,44410.9,
2026-08-18T11:18:08+00:00,101224.77,44410.9,
2026-08-18T11:19:09+00:00,101236.45,44410.9,
2026-08-18T11:20:09+00:00,101236.29,44410.9,
2026-08-18T11:21:09+00:00,101236.78,44410.9,
2026-08-18T11:22:09+00:00,101225.81,44410.9,
2026-08-18T11:23:10+00:00,101232.74,44410.9,
2026-08-18T11:24:10+00:00,101222.64,44410.9,
2026-08-18T11:25:10+00:00,101214.4,44410.9,
2026-08-18T11:26:10+00:00,101214.52,44410.9,
2026-08-18T11:27:11+00:00,101220.4,44410.9,
2026-08-18T11:28:11+00:00,101211.76,44410.9,
2026-08-18T11:29:12+00:00,101217.02,44410.9,
2026-08-18T11:30:12+00:00,101218.78,44410.9,
2026-08-18T11:31:12+00:00,101213.87,44410.9,
2026-08-18T11:32:12+00:00,101206.66,44410.9,
2026-08-18T11:33:13+00:00,101204.79,44410.9,
2026-08-18T11:34:13+00:00,101211.1,44410.9,
2026-08-18T11:35:13+00:00,101205.31,44410.9,
2026-08-18T11:36:13+00:00,101204.73,44410.9,
2026-08-18T11:37:13+00:00,101206.2,44410.9,
2026-08-18T11:38:14+00:00,101205.48,44410.9,
2026-08-18T11:39:14+00:00,101196.45,44410.9,
2026-08-18T11:40:14+00:00,101207.54,44410.9,
2026-08-18T11:41:14+00:00,101195.38,44410.9,
2026-08-18T11:42:15+00:00,101195.31,44410.9,
2026-08-18T11:43:15+00:00,101201.47,44410.9,
2026-08-18T11:44:15+00:00,101196.33,44410.9,
2026-08-18T11:45:15+00:00,101191.78,44410.9,
2026-08-18T11:46:15+00:00,101195.95,44410.9,
2026-08-18T11:47:16+00:00,101203.42,44410.9,
2026-08-18T11:48:16+00:00,101226.67,44410.9,
2026-08-18T11:49:16+00:00,101235.85,44410.9,
2026-08-18T11:50:16+00:00,101228.56,44410.9,
2026-08-18T11:51:17+00:00,101222.26,44410.9,
2026-08-18T11:52:17+00:00,101215.02,44410.9,
2026-08-18T11:53:17+00:00,101205.36,44410.9,
2026-08-18T11:54:17+00:00,101193.81,44410.9,
2026-08-18T11:55:18+00:00,101195.79,44410.9,
2026-08-18T11:56:18+00:00,101189.02,44410.9,
2026-08-18T11:57:18+00:00,101185.73,44410.9,
2026-08-18T11:58:18+00:00,101192.26,44410.9,
2026-08-18T11:59:18+00:00,101193.59,44410.9,
2026-08-18T12:00:19+00:00,101204.03,44410.9,
2026-08-18T12:01:19+00:00,101199.62,44410.9,
2026-08-18T12:02:19+00:00,101201.41,44410.9,
2026-08-18T12:03:19+00:00,101206.92,44410.9,
2026-08-18T12:04:20+00:00,101213.91,44410.9,
2026-08-18T12:05:20+00:00,101221.13,44410.9,
2026-08-18T12:06:20+00:00,101227.38,44410.9,
2026-08-18T12:07:20+00:00,101228.17,44410.9,
2026-08-18T12:08:20+00:00,101226.72,44410.9,
2026-08-18T12:09:21+00:00,101215.59,44410.9,
2026-08-18T12:10:21+00:00,101215.29,44410.9,
2026-08-18T12:11:21+00:00,101204.1,44410.9,
2026-08-18T12:12:21+00:00,101200.18,44410.9,
2026-08-18T12:13:22+00:00,101200.49,44410.9,
2026-08-18T12:14:22+00:00,101195.53,44410.9,
2026-08-18T12:15:22+00:00,101201.68,44410.9,
2026-08-18T12:16:22+00:00,101197.5,44410.9,
2026-08-18T12:17:23+00:00,101197.31,44410.9,
2026-08-18T12:18:23+00:00,101194.51,44410.9,
2026-08-18T12:19:23+00:00,101193.11,44410.9,
2026-08-18T12:20:23+00:00,101196.31,44410.9,
2026-08-18T12:21:23+00:00,101213.61,44410.9,
2026-08-18T12:22:24+00:00,101217.11,44410.9,
2026-08-18T12:23:25+00:00,101220.59,44410.9,
2026-08-18T12:24:25+00:00,101218.92,44410.9,
2026-08-18T12:25:25+00:00,101212.15,44410.9,
2026-08-18T12:26:25+00:00,101199.41,44410.9,
2026-08-18T12:27:25+00:00,101195.99,44410.9,
2026-08-18T12:28:26+00:00,101208.91,44410.9,
2026-08-18T12:29:26+00:00,101202.41,44410.9,
2026-08-18T12:30:26+00:00,101211.44,44410.9,
2026-08-18T12:31:26+00:00,101198.0,44410.9,
2026-08-18T12:32:27+00:00,101208.94,44410.9,
2026-08-18T12:33:27+00:00,101210.41,44410.9,
2026-08-18T12:34:27+00:00,101212.85,44410.9,
2026-08-18T12:35:27+00:00,101218.07,44410.9,
2026-08-18T12:36:27+00:00,101216.19,44410.9,
2026-08-18T12:37:28+00:00,101210.68,44410.9,
2026-08-18T12:38:28+00:00,101206.89,44410.9,
2026-08-18T12:39:28+00:00,101082.34,44410.9,
2026-08-18T12:40:28+00:00,101075.23,44410.9,
2026-08-18T12:41:29+00:00,101073.08,44410.9,
2026-08-18T12:42:29+00:00,101074.1,44410.9,
2026-08-18T12:43:29+00:00,101069.47,44410.9,
2026-08-18T12:44:29+00:00,101070.59,44410.9,
2026-08-18T12:45:29+00:00,101061.77,44410.9,
2026-08-18T12:46:30+00:00,101066.77,44410.9,
2026-08-18T12:47:30+00:00,101067.01,44410.9,
2026-08-18T12:48:31+00:00,101085.7,44410.9,
2026-08-18T12:49:31+00:00,101080.08,44410.9,
2026-08-18T12:50:31+00:00,101078.16,44410.9,
2026-08-18T12:51:31+00:00,101079.52,44410.9,
2026-08-18T12:52:32+00:00,101093.1,44410.9,
2026-08-18T12:53:32+00:00,101090.37,44410.9,
2026-08-18T12:54:32+00:00,101084.94,44410.9,
2026-08-18T12:55:32+00:00,101081.35,44410.9,
2026-08-18T12:56:32+00:00,101079.78,44410.9,
2026-08-18T12:57:33+00:00,101078.67,44410.9,
2026-08-18T12:58:33+00:00,101081.21,44410.9,
2026-08-18T12:59:33+00:00,101082.16,44410.9,
2026-08-18T13:00:33+00:00,101084.58,44410.9,
2026-08-18T13:01:33+00:00,101086.61,44410.9,
2026-08-18T13:02:34+00:00,101073.54,44410.9,
2026-08-18T13:03:34+00:00,101064.47,44410.9,
2026-08-18T13:04:34+00:00,101054.85,44410.9,
2026-08-18T13:05:34+00:00,101056.19,44410.9,
2026-08-18T13:06:35+00:00,101049.19,44410.9,
2026-08-18T13:07:35+00:00,101061.76,44410.9,
2026-08-18T13:08:35+00:00,101056.48,44410.9,
2026-08-18T13:09:35+00:00,101055.07,44410.9,
2026-08-18T13:10:35+00:00,101051.64,44410.9,
2026-08-18T13:11:36+00:00,101055.62,44410.9,
2026-08-18T13:12:36+00:00,101059.64,44410.9,
2026-08-18T13:13:36+00:00,101069.39,44410.9,
2026-08-18T13:14:37+00:00,101061.81,44410.9,
2026-08-18T13:15:37+00:00,101097.22,44410.9,
2026-08-18T13:16:37+00:00,101087.19,44410.9,
2026-08-18T13:17:38+00:00,101088.15,44410.9,
2026-08-18T13:18:38+00:00,101081.61,44410.9,
2026-08-18T13:19:38+00:00,101088.33,44410.9,
2026-08-18T13:20:38+00:00,101075.11,44410.9,
2026-08-18T13:21:38+00:00,101080.87,44410.9,
2026-08-18T13:22:39+00:00,101070.28,44410.9,
2026-08-18T13:23:39+00:00,101063.47,44410.9,
2026-08-18T13:24:39+00:00,101063.21,44410.9,
2026-08-18T13:25:39+00:00,101062.92,44410.9,
2026-08-18T13:26:40+00:00,101056.15,44410.9,
2026-08-18T13:27:40+00:00,101048.93,44410.9,
2026-08-18T13:28:40+00:00,101052.38,44410.9,
2026-08-18T13:29:40+00:00,101038.31,44410.9,
2026-08-18T13:30:41+00:00,101036.56,44410.9,
2026-08-18T13:31:41+00:00,101135.83,44410.9,
2026-08-18T13:32:41+00:00,101186.97,44410.9,
2026-08-18T13:33:42+00:00,101061.66,44410.9,
2026-08-18T13:34:42+00:00,101105.95,44410.9,
2026-08-18T13:35:42+00:00,101202.97,44410.9,
2026-08-18T13:36:42+00:00,101177.93,44410.9,
2026-08-18T13:37:43+00:00,101107.08,44410.9,
2026-08-18T13:38:43+00:00,101183.24,44410.9,
2026-08-18T13:39:43+00:00,101113.29,44410.9,
2026-08-18T13:40:43+00:00,101059.77,44410.9,
2026-08-18T13:41:43+00:00,101055.2,44410.9,
2026-08-18T13:42:44+00:00,101099.47,44410.9,
2026-08-18T13:43:44+00:00,101044.45,44410.9,
2026-08-18T13:44:44+00:00,101007.86,44410.9,
2026-08-18T13:45:44+00:00,101037.94,44410.9,
2026-08-18T13:46:45+00:00,101042.15,44410.9,
2026-08-18T13:47:45+00:00,101082.86,44410.9,
2026-08-18T13:48:45+00:00,101062.17,44410.9,
2026-08-18T13:49:45+00:00,101050.14,44410.9,
2026-08-18T13:50:45+00:00,101066.76,44410.9,
2026-08-18T13:51:46+00:00,101001.78,44410.9,
2026-08-18T13:52:46+00:00,101014.8,44410.9,
2026-08-18T13:53:46+00:00,100998.89,44410.9,
2026-08-18T13:54:46+00:00,100981.03,44410.9,
2026-08-18T13:55:47+00:00,101023.03,44410.9,
2026-08-18T13:56:47+00:00,101061.11,44410.9,
2026-08-18T13:57:48+00:00,101085.82,44410.9,
2026-08-18T13:58:48+00:00,101085.47,44410.9,
2026-08-18T13:59:48+00:00,101062.41,44410.9,
2026-08-18T14:00:48+00:00,101062.87,44410.9,
2026-08-18T14:01:48+00:00,101022.07,44410.9,
2026-08-18T14:02:49+00:00,101023.61,44410.9,
2026-08-18T14:03:49+00:00,101003.83,44410.9,
2026-08-18T14:04:49+00:00,101014.13,44410.9,
2026-08-18T14:05:49+00:00,100980.63,44410.9,
2026-08-18T14:06:50+00:00,100979.89,44410.9,
2026-08-18T14:07:50+00:00,100995.12,44410.9,
2026-08-18T14:08:50+00:00,100986.62,44410.9,
2026-08-18T14:09:50+00:00,100974.8,44410.9,
2026-08-18T14:10:50+00:00,100951.63,44410.9,
2026-08-18T14:11:51+00:00,100901.96,44410.9,
2026-08-18T14:12:51+00:00,100909.45,44410.9,
2026-08-18T14:13:51+00:00,100914.1,44410.9,
2026-08-18T14:14:51+00:00,100914.18,44410.9,
2026-08-18T14:15:52+00:00,100928.99,44410.9,
2026-08-18T14:16:52+00:00,100924.43,44410.9,
2026-08-18T14:17:52+00:00,100904.14,44410.9,
2026-08-18T14:18:52+00:00,100959.32,44410.9,
2026-08-18T14:19:52+00:00,100951.98,44410.9,
2026-08-18T14:20:53+00:00,100965.15,44410.9,
2026-08-18T14:21:53+00:00,100930.57,44410.9,
2026-08-18T14:22:53+00:00,100911.12,44410.9,
2026-08-18T14:23:53+00:00,100920.37,44410.9,
2026-08-18T14:24:54+00:00,100914.44,44410.9,
2026-08-18T14:25:54+00:00,100923.61,44410.9,
2026-08-18T14:26:54+00:00,100932.97,44410.9,
2026-08-18T14:27:54+00:00,100932.54,44410.9,
2026-08-18T14:28:54+00:00,100934.05,44410.9,
2026-08-18T14:29:55+00:00,100939.9,44410.9,
2026-08-18T14:30:55+00:00,101001.12,44410.9,
2026-08-18T14:31:55+00:00,101001.5,44410.9,
2026-08-18T14:32:55+00:00,101020.06,44410.9,
2026-08-18T14:33:55+00:00,101051.76,44410.9,
2026-08-18T14:34:56+00:00,101030.35,44410.9,
2026-08-18T14:35:56+00:00,100988.46,44410.9,
2026-08-18T14:36:56+00:00,101038.47,44410.9,
2026-08-18T14:37:57+00:00,101017.38,44410.9,
2026-08-18T14:38:57+00:00,101013.44,44410.9,
2026-08-18T14:39:57+00:00,101004.73,44410.9,
2026-08-18T14:40:58+00:00,101000.06,44410.9,
2026-08-18T14:41:58+00:00,100996.19,44410.9,
2026-08-18T14:42:59+00:00,100983.82,44410.9,
2026-08-18T14:43:59+00:00,100992.9,44410.9,
2026-08-18T14:44:59+00:00,100985.44,44410.9,
2026-08-18T14:45:59+00:00,100948.23,44410.9,
2026-08-18T14:47:00+00:00,100949.31,44410.9,
2026-08-18T14:48:00+00:00,100941.72,44410.9,
2026-08-18T14:49:00+00:00,100970.89,44410.9,
2026-08-18T14:50:00+00:00,100966.56,44410.9,
2026-08-18T14:51:01+00:00,100964.55,44410.9,
2026-08-18T14:52:01+00:00,101001.85,44410.9,
2026-08-18T14:53:02+00:00,100937.34,44410.9,
2026-08-18T14:54:02+00:00,100940.25,44410.9,
2026-08-18T14:55:02+00:00,100930.04,44410.9,
2026-08-18T14:56:02+00:00,100929.18,44410.9,
2026-08-18T14:57:03+00:00,100924.13,44410.9,
2026-08-18T14:58:03+00:00,100890.84,44410.9,
2026-08-18T14:59:03+00:00,100883.73,44410.9,
2026-08-18T15:00:03+00:00,100886.56,44410.9,
2026-08-18T15:01:04+00:00,100868.11,44410.9,
2026-08-18T15:02:04+00:00,100853.9,44410.9,
2026-08-18T15:03:04+00:00,100869.76,44410.9,
2026-08-18T15:04:04+00:00,100908.8,44410.9,
2026-08-18T15:05:05+00:00,100932.62,44410.9,
2026-08-18T15:06:05+00:00,100928.5,44410.9,
2026-08-18T15:07:05+00:00,100922.1,44410.9,
2026-08-18T15:08:05+00:00,100909.92,44410.9,
2026-08-18T15:09:05+00:00,100866.15,44410.9,
2026-08-18T15:10:06+00:00,100833.96,44410.9,
2026-08-18T15:11:06+00:00,100858.42,44410.9,
2026-08-18T15:12:06+00:00,100854.71,44410.9,
2026-08-18T15:13:06+00:00,100885.46,44410.9,
2026-08-18T15:14:06+00:00,100876.75,44410.9,
2026-08-18T15:15:07+00:00,100888.48,44410.9,
2026-08-18T15:16:07+00:00,100875.78,44410.9,
2026-08-18T15:17:07+00:00,100880.72,44410.9,
2026-08-18T15:18:07+00:00,100868.08,44410.9,
2026-08-18T15:19:08+00:00,100857.38,44410.9,
2026-08-18T15:20:08+00:00,100824.4,44410.9,
2026-08-18T15:21:08+00:00,100831.67,44410.9,
2026-08-18T15:22:08+00:00,100827.11,44410.9,
2026-08-18T15:23:08+00:00,100859.96,44410.9,
2026-08-18T15:24:09+00:00,100868.9,44410.9,
2026-08-18T15:25:09+00:00,100881.59,44410.9,
2026-08-18T15:26:09+00:00,100884.85,44410.9,
2026-08-18T15:27:09+00:00,100914.13,44410.9,
2026-08-18T15:28:10+00:00,100919.48,44410.9,
2026-08-18T15:29:10+00:00,100945.99,44410.9,
2026-08-18T15:30:10+00:00,100953.62,44410.9,
2026-08-18T15:31:10+00:00,100984.06,44410.9,
2026-08-18T15:32:10+00:00,100974.28,44410.9,
2026-08-18T15:33:11+00:00,100990.04,44410.9,
2026-08-18T15:34:11+00:00,101006.69,44410.9,
2026-08-18T15:35:11+00:00,100987.18,44410.9,
2026-08-18T15:36:12+00:00,100972.72,44410.9,
2026-08-18T15:37:12+00:00,100985.7,44410.9,
2026-08-18T15:38:12+00:00,100991.51,44410.9,
2026-08-18T15:39:13+00:00,100983.54,44410.9,
2026-08-18T15:40:13+00:00,100985.76,44410.9,
2026-08-18T15:41:13+00:00,101003.35,44410.9,
2026-08-18T15:42:13+00:00,101044.8,44410.9,
2026-08-18T15:43:13+00:00,101033.73,44410.9,
2026-08-18T15:44:14+00:00,101052.99,44410.9,
2026-08-18T15:45:14+00:00,101053.44,44410.9,
2026-08-18T15:46:14+00:00,101069.56,44410.9,
2026-08-18T15:47:14+00:00,101109.85,44410.9,
2026-08-18T15:48:14+00:00,101109.59,44410.9,
2026-08-18T15:49:15+00:00,101086.4,44410.9,
2026-08-18T15:50:16+00:00,101078.23,44410.9,
2026-08-18T15:51:16+00:00,101098.11,44410.9,
2026-08-18T15:52:16+00:00,101097.05,44410.9,
2026-08-18T15:53:16+00:00,101113.86,44410.9,
2026-08-18T15:54:16+00:00,101114.22,44410.9,
2026-08-18T15:55:17+00:00,101108.8,44410.9,
2026-08-18T15:56:17+00:00,101102.6,44410.9,
2026-08-18T15:57:17+00:00,101102.11,44410.9,
2026-08-18T15:58:17+00:00,101072.09,44410.9,
2026-08-18T15:59:17+00:00,101071.87,44410.9,
2026-08-18T16:00:18+00:00,101089.56,44410.9,
2026-08-18T16:01:18+00:00,101128.71,44410.9,
2026-08-18T16:02:18+00:00,101132.58,44410.9,
2026-08-18T16:03:18+00:00,101151.45,44410.9,
2026-08-18T16:04:19+00:00,101121.94,44410.9,
2026-08-18T16:05:19+00:00,101119.13,44410.9,
2026-08-18T16:06:19+00:00,101105.77,44410.9,
2026-08-18T16:07:19+00:00,101082.06,44410.9,
2026-08-18T16:08:19+00:00,101114.87,44410.9,
2026-08-18T16:09:20+00:00,101099.99,44410.9,
2026-08-18T16:10:20+00:00,101093.03,44410.9,
2026-08-18T16:11:20+00:00,101101.12,44410.9,
2026-08-18T16:12:20+00:00,101117.51,44410.9,
2026-08-18T16:13:20+00:00,101120.46,44410.9,
2026-08-18T16:14:21+00:00,101123.3,44410.9,
2026-08-18T16:15:21+00:00,101150.87,44410.9,
2026-08-18T16:16:21+00:00,101148.19,44410.9,
2026-08-18T16:17:21+00:00,101139.42,44410.9,
2026-08-18T16:18:22+00:00,101138.1,44410.9,
2026-08-18T16:19:22+00:00,101136.84,44410.9,
2026-08-18T16:20:22+00:00,101146.37,44410.9,
2026-08-18T16:21:22+00:00,101152.91,44410.9,
2026-08-18T16:22:23+00:00,101166.23,44410.9,
2026-08-18T16:23:23+00:00,101184.93,44410.9,
2026-08-18T16:24:23+00:00,101159.68,44410.9,
2026-08-18T16:25:23+00:00,101160.46,44410.9,
2026-08-18T16:26:23+00:00,101162.69,44410.9,
2026-08-18T16:27:24+00:00,101145.51,44410.9,
2026-08-18T16:28:24+00:00,101150.1,44410.9,
2026-08-18T16:29:25+00:00,101131.98,44410.9,
2026-08-18T16:30:25+00:00,101133.88,44410.9,
2026-08-18T16:31:25+00:00,101135.76,44410.9,
2026-08-18T16:32:25+00:00,101136.18,44410.9,
2026-08-18T16:33:26+00:00,101137.79,44410.9,
2026-08-18T16:34:26+00:00,101141.54,44410.9,
2026-08-18T16:35:26+00:00,101149.51,44410.9,
2026-08-18T16:36:26+00:00,101146.99,44410.9,
2026-08-18T16:37:26+00:00,101128.19,44410.9,
2026-08-18T16:38:27+00:00,101133.12,44410.9,
2026-08-18T16:39:27+00:00,101120.07,44410.9,
2026-08-18T16:40:27+00:00,101135.07,44410.9,
2026-08-18T16:41:27+00:00,101137.15,44410.9,
2026-08-18T16:42:28+00:00,101143.5,44410.9,
2026-08-18T16:43:28+00:00,101141.85,44410.9,
2026-08-18T16:44:28+00:00,101142.7,44410.9,
2026-08-18T16:45:28+00:00,101151.3,44410.9,
2026-08-18T16:46:28+00:00,101146.76,44410.9,
2026-08-18T16:47:29+00:00,101154.08,44410.9,
2026-08-18T16:48:29+00:00,101179.12,44410.9,
2026-08-18T16:49:29+00:00,101180.55,44410.9,
2026-08-18T16:50:29+00:00,101176.45,44410.9,
2026-08-18T16:51:29+00:00,101185.25,44410.9,
2026-08-18T16:52:30+00:00,101163.06,44410.9,
2026-08-18T16:53:30+00:00,101176.67,44410.9,
2026-08-18T16:54:30+00:00,101185.22,44410.9,
2026-08-18T16:55:30+00:00,101174.27,44410.9,
2026-08-18T16:56:31+00:00,101170.35,44410.9,
2026-08-18T16:57:31+00:00,101159.23,44410.9,
2026-08-18T16:58:31+00:00,101159.16,44410.9,
2026-08-18T16:59:31+00:00,101148.98,44410.9,
2026-08-18T17:00:31+00:00,101142.82,44410.9,
2026-08-18T17:01:32+00:00,101154.53,44410.9,
2026-08-18T17:02:32+00:00,101157.65,44410.9,
2026-08-18T17:03:32+00:00,101180.01,44410.9,
2026-08-18T17:04:32+00:00,101159.1,44410.9,
2026-08-18T17:05:33+00:00,101161.9,44410.9,
2026-08-18T17:06:33+00:00,101142.22,44410.9,
2026-08-18T17:07:34+00:00,101135.38,44410.9,
2026-08-18T17:08:34+00:00,101149.79,44410.9,
2026-08-18T17:09:34+00:00,101144.13,44410.9,
2026-08-18T17:10:34+00:00,101135.81,44410.9,
2026-08-18T17:11:34+00:00,101144.82,44410.9,
2026-08-18T17:12:35+00:00,101134.38,44410.9,
2026-08-18T17:13:35+00:00,101127.26,44410.9,
2026-08-18T17:14:35+00:00,101123.61,44410.9,
2026-08-18T17:15:35+00:00,101107.38,44410.9,
2026-08-18T17:16:35+00:00,101089.83,44410.9,
2026-08-18T17:17:36+00:00,101085.53,44410.9,
2026-08-18T17:18:36+00:00,101079.38,44410.9,
2026-08-18T17:19:36+00:00,101072.39,44410.9,
2026-08-18T17:20:36+00:00,101072.82,44410.9,
2026-08-18T17:21:37+00:00,101083.8,44410.9,
2026-08-18T17:22:37+00:00,101073.75,44410.9,
2026-08-18T17:23:37+00:00,101063.04,44410.9,
2026-08-18T17:24:37+00:00,101064.49,44410.9,
2026-08-18T17:25:38+00:00,101056.57,44410.9,
2026-08-18T17:26:38+00:00,101069.55,44410.9,
2026-08-18T17:27:38+00:00,101075.99,44410.9,
2026-08-18T17:28:38+00:00,101079.25,44410.9,
2026-08-18T17:29:39+00:00,101078.89,44410.9,
2026-08-18T17:30:39+00:00,101081.93,44410.9,
2026-08-18T17:31:39+00:00,101082.69,44410.9,
2026-08-18T17:32:39+00:00,101095.37,44410.9,
2026-08-18T17:33:39+00:00,101079.75,44410.9,
2026-08-18T17:34:40+00:00,101095.17,44410.9,
2026-08-18T17:35:40+00:00,101084.83,44410.9,
2026-08-18T17:36:40+00:00,101073.9,44410.9,
2026-08-18T17:37:40+00:00,101074.97,44410.9,
2026-08-18T17:38:41+00:00,101089.52,44410.9,
2026-08-18T17:39:41+00:00,101093.78,44410.9,
2026-08-18T17:40:41+00:00,101088.24,44410.9,
2026-08-18T17:41:41+00:00,101090.9,44410.9,
2026-08-18T17:42:41+00:00,101102.59,44410.9,
2026-08-18T17:43:42+00:00,101117.37,44410.9,
2026-08-18T17:44:42+00:00,101118.47,44410.9,
2026-08-18T17:45:42+00:00,101117.77,44410.9,
2026-08-18T17:46:42+00:00,101106.97,44410.9,
2026-08-18T17:47:43+00:00,101107.01,44410.9,
2026-08-18T17:48:43+00:00,101104.1,44410.9,
2026-08-18T17:49:43+00:00,101100.41,44410.9,
2026-08-18T17:50:43+00:00,101106.09,44410.9,
2026-08-18T17:51:43+00:00,101090.93,44410.9,
2026-08-18T17:52:44+00:00,101094.86,44410.9,
2026-08-18T17:53:44+00:00,101103.82,44410.9,
2026-08-18T17:54:44+00:00,101105.22,44410.9,
2026-08-18T17:55:44+00:00,101100.18,44410.9,
2026-08-18T17:56:44+00:00,101111.99,44410.9,
2026-08-18T17:57:45+00:00,101097.87,44410.9,
2026-08-18T17:58:45+00:00,101074.06,44410.9,
2026-08-18T17:59:45+00:00,101078.55,44410.9,
2026-08-18T18:00:45+00:00,101062.79,44410.9,
2026-08-18T18:01:46+00:00,101051.48,44410.9,
2026-08-18T18:02:46+00:00,101067.26,44410.9,
2026-08-18T18:03:46+00:00,101066.1,44410.9,
2026-08-18T18:04:46+00:00,101080.85,44410.9,
2026-08-18T18:05:46+00:00,101091.29,44410.9,
2026-08-18T18:06:47+00:00,101090.68,44410.9,
2026-08-18T18:07:47+00:00,101070.86,44410.9,
2026-08-18T18:08:47+00:00,101056.16,44410.9,
2026-08-18T18:09:47+00:00,101043.04,44410.9,
2026-08-18T18:10:48+00:00,101046.54,44410.9,
2026-08-18T18:11:48+00:00,101053.29,44410.9,
2026-08-18T18:12:49+00:00,101045.21,44410.9,
2026-08-18T18:13:49+00:00,101084.5,44410.9,
2026-08-18T18:14:49+00:00,101095.98,44410.9,
2026-08-18T18:15:49+00:00,101095.65,44410.9,
2026-08-18T18:16:49+00:00,101102.79,44410.9,
2026-08-18T18:17:50+00:00,101112.83,44410.9,
2026-08-18T18:18:50+00:00,101119.74,44410.9,
2026-08-18T18:19:50+00:00,101120.41,44410.9,
2026-08-18T18:20:50+00:00,101110.84,44410.9,
2026-08-18T18:21:50+00:00,101110.96,44410.9,
2026-08-18T18:22:51+00:00,101109.92,44410.9,
2026-08-18T18:23:51+00:00,101111.9,44410.9,
2026-08-18T18:24:51+00:00,101112.39,44410.9,
2026-08-18T18:25:51+00:00,101103.5,44410.9,
2026-08-18T18:26:52+00:00,101106.53,44410.9,
2026-08-18T18:27:52+00:00,101105.62,44410.9,
2026-08-18T18:28:52+00:00,101110.89,44410.9,
2026-08-18T18:29:52+00:00,101115.51,44410.9,
2026-08-18T18:30:53+00:00,101110.39,44410.9,
2026-08-18T18:31:53+00:00,101114.4,44410.9,
2026-08-18T18:32:53+00:00,101112.54,44410.9,
2026-08-18T18:33:53+00:00,101114.02,44410.9,
2026-08-18T18:34:53+00:00,101120.91,44410.9,
2026-08-18T18:35:54+00:00,101142.49,44410.9,
2026-08-18T18:36:54+00:00,101142.26,44410.9,
2026-08-18T18:37:54+00:00,101163.69,44410.9,
2026-08-18T18:38:54+00:00,101151.6,44410.9,
2026-08-18T18:39:54+00:00,101169.19,44410.9,
2026-08-18T18:40:55+00:00,101144.7,44410.9,
2026-08-18T18:41:55+00:00,101137.33,44410.9,
2026-08-18T18:42:55+00:00,101146.19,44410.9,
2026-08-18T18:43:55+00:00,101155.07,44410.9,
2026-08-18T18:44:55+00:00,101152.44,44410.9,
2026-08-18T18:45:56+00:00,101163.57,44410.9,
2026-08-18T18:46:56+00:00,101168.28,44410.9,
2026-08-18T18:47:56+00:00,101181.69,44410.9,
2026-08-18T18:48:56+00:00,101177.64,44410.9,
2026-08-18T18:49:57+00:00,101180.94,44410.9,
2026-08-18T18:50:57+00:00,101171.65,44410.9,
2026-08-18T18:51:57+00:00,101168.97,44410.9,
2026-08-18T18:52:57+00:00,101151.09,44410.9,
2026-08-18T18:53:57+00:00,101160.69,44410.9,
2026-08-18T18:54:58+00:00,101161.51,44410.9,
2026-08-18T18:55:58+00:00,101143.44,44410.9,
2026-08-18T18:56:58+00:00,101146.7,44410.9,
2026-08-18T18:57:58+00:00,101134.95,44410.9,
2026-08-18T18:58:59+00:00,101125.79,44410.9,
2026-08-18T18:59:59+00:00,101129.23,44410.9,
2026-08-18T19:00:59+00:00,101123.81,44410.9,
2026-08-18T19:01:59+00:00,101147.89,44410.9,
2026-08-18T19:02:59+00:00,101130.47,44410.9,
2026-08-18T19:04:00+00:00,101134.73,44410.9,
2026-08-18T19:05:00+00:00,101129.08,44410.9,
2026-08-18T19:06:00+00:00,101113.54,44410.9,
2026-08-18T19:07:00+00:00,101121.54,44410.9,
2026-08-18T19:08:00+00:00,101124.89,44410.9,
2026-08-18T19:09:01+00:00,101145.68,44410.9,
2026-08-18T19:10:01+00:00,101122.24,44410.9,
2026-08-18T19:11:01+00:00,101137.97,44410.9,
2026-08-18T19:12:01+00:00,101111.26,44410.9,
2026-08-18T19:13:02+00:00,101120.57,44410.9,
2026-08-18T19:14:02+00:00,101124.91,44410.9,
2026-08-18T19:15:02+00:00,101129.99,44410.9,
2026-08-18T19:16:02+00:00,101125.94,44410.9,
2026-08-18T19:17:02+00:00,101131.02,44410.9,
2026-08-18T19:18:03+00:00,101124.24,44410.9,
2026-08-18T19:19:03+00:00,101136.45,44410.9,
2026-08-18T19:20:03+00:00,101152.2,44410.9,
2026-08-18T19:21:03+00:00,101148.73,44410.9,
2026-08-18T19:22:04+00:00,101148.3,44410.9,
2026-08-18T19:23:04+00:00,101168.92,44410.9,
2026-08-18T19:24:04+00:00,101162.1,44410.9,
2026-08-18T19:25:04+00:00,101179.84,44410.9,
2026-08-18T19:26:04+00:00,101162.06,44410.9,
2026-08-18T19:27:05+00:00,101168.73,44410.9,
2026-08-18T19:28:05+00:00,101176.14,44410.9,
2026-08-18T19:29:05+00:00,101181.78,44410.9,
2026-08-18T19:30:05+00:00,101161.85,44410.9,
2026-08-18T19:31:06+00:00,101163.1,44410.9,
2026-08-18T19:32:06+00:00,101171.32,44410.9,
2026-08-18T19:33:06+00:00,101172.95,44410.9,
2026-08-18T19:34:06+00:00,101184.13,44410.9,
2026-08-18T19:35:06+00:00,101181.67,44410.9,
2026-08-18T19:36:07+00:00,101184.11,44410.9,
2026-08-18T19:37:07+00:00,101186.08,44410.9,
2026-08-18T19:38:07+00:00,101212.87,44410.9,
2026-08-18T19:39:07+00:00,101209.85,44410.9,
2026-08-18T19:40:08+00:00,101195.43,44410.9,
2026-08-18T19:41:08+00:00,101192.22,44410.9,
2026-08-18T19:42:08+00:00,101200.14,44410.9,
2026-08-18T19:43:09+00:00,101208.8,44410.9,
2026-08-18T19:44:09+00:00,101212.19,44410.9,
2026-08-18T19:45:09+00:00,101205.03,44410.9,
2026-08-18T19:46:09+00:00,101212.2,44410.9,
2026-08-18T19:47:10+00:00,101215.72,44410.9,
2026-08-18T19:48:10+00:00,101204.85,44410.9,
2026-08-18T19:49:10+00:00,101222.19,44410.9,
2026-08-18T19:50:10+00:00,101228.06,44410.9,
2026-08-18T19:51:11+00:00,101211.86,44410.9,
2026-08-18T19:52:11+00:00,101189.45,44410.9,
2026-08-18T19:53:11+00:00,101163.95,44410.9,
2026-08-18T19:54:11+00:00,101190.56,44410.9,
2026-08-18T19:55:11+00:00,101198.86,44410.9,
2026-08-18T19:56:12+00:00,101220.52,44410.9,
2026-08-18T19:57:12+00:00,101222.06,44410.9,
2026-08-18T19:58:12+00:00,101221.26,44410.9,
2026-08-18T19:59:12+00:00,101262.3,44410.9,
2026-08-18T20:00:12+00:00,101241.27,44410.9,
2026-08-18T20:01:13+00:00,101257.05,44410.9,
2026-08-18T20:02:13+00:00,101252.76,44410.9,
2026-08-18T20:03:13+00:00,101249.18,44410.9,
2026-08-18T20:04:13+00:00,101247.93,44410.9,
2026-08-18T20:05:14+00:00,101257.2,44410.9,
2026-08-18T20:06:14+00:00,101248.83,44410.9,
2026-08-18T20:07:14+00:00,101276.67,44410.9,
2026-08-18T20:08:14+00:00,101266.42,44410.9,
2026-08-18T20:09:14+00:00,101267.81,44410.9,
2026-08-18T20:10:15+00:00,101278.44,44410.9,
2026-08-18T20:11:15+00:00,101263.13,44410.9,
2026-08-18T20:12:15+00:00,101260.96,44410.9,
2026-08-18T20:13:16+00:00,101251.57,44410.9,
2026-08-18T20:14:16+00:00,101251.32,44410.9,
2026-08-18T20:15:16+00:00,101244.96,44410.9,
2026-08-18T20:16:17+00:00,101242.79,44410.9,
2026-08-18T20:17:17+00:00,101236.18,44410.9,
2026-08-18T20:18:17+00:00,101234.1,44410.9,
2026-08-18T20:19:17+00:00,101230.58,44410.9,
2026-08-18T20:20:18+00:00,101227.81,44410.9,
2026-08-18T20:21:18+00:00,101234.88,44410.9,
2026-08-18T20:22:18+00:00,101269.27,44410.9,
2026-08-18T20:23:18+00:00,101269.27,44410.9,
2026-08-18T20:24:18+00:00,101264.6,44410.9,
2026-08-18T20:25:19+00:00,101258.91,44410.9,
2026-08-18T20:26:19+00:00,101258.03,44410.9,
2026-08-18T20:27:19+00:00,101258.03,44410.9,
2026-08-18T20:28:19+00:00,101247.44,44410.9,
2026-08-18T20:29:19+00:00,101253.2,44410.9,
2026-08-18T20:30:20+00:00,101257.0,44410.9,
2026-08-18T20:31:20+00:00,101257.8,44410.9,
2026-08-18T20:32:20+00:00,101257.8,44410.9,
2026-08-18T20:33:20+00:00,101268.22,44410.9,
2026-08-18T20:34:21+00:00,101271.44,44410.9,
2026-08-18T20:35:21+00:00,101277.22,44410.9,
2026-08-18T20:36:22+00:00,101277.22,44410.9,
2026-08-18T20:37:22+00:00,101272.03,44410.9,
2026-08-18T20:38:22+00:00,101298.69,44410.9,
2026-08-18T20:39:22+00:00,101305.36,44410.9,
2026-08-18T20:40:23+00:00,101261.38,44410.9,
2026-08-18T20:41:23+00:00,101305.1,44410.9,
2026-08-18T20:42:23+00:00,101305.1,44410.9,
2026-08-18T20:43:23+00:00,101304.97,44410.9,
2026-08-18T20:44:23+00:00,101297.13,44410.9,
2026-08-18T20:45:24+00:00,101297.13,44410.9,
2026-08-18T20:46:24+00:00,101287.54,44410.9,
2026-08-18T20:47:24+00:00,101287.68,44410.9,
2026-08-18T20:48:24+00:00,101286.42,44410.9,
2026-08-18T20:49:24+00:00,101286.42,44410.9,
2026-08-18T20:50:25+00:00,101276.13,44410.9,
2026-08-18T20:51:25+00:00,101279.77,44410.9,
2026-08-18T20:52:25+00:00,101277.53,44410.9,
2026-08-18T20:53:25+00:00,101275.79,44410.9,
2026-08-18T20:54:25+00:00,101275.64,44410.9,
2026-08-18T20:55:26+00:00,101275.64,44410.9,
2026-08-18T20:56:26+00:00,101277.25,44410.9,
2026-08-18T20:57:26+00:00,101256.79,44410.9,
2026-08-18T20:58:26+00:00,101257.46,44410.9,
2026-08-18T20:59:27+00:00,101257.46,44410.9,
2026-08-18T21:00:27+00:00,101261.26,44410.9,
2026-08-18T21:01:27+00:00,101255.3,44410.9,
2026-08-18T21:02:27+00:00,101248.37,44410.9,
2026-08-18T21:03:27+00:00,101253.62,44410.9,
2026-08-18T21:04:28+00:00,101243.84,44410.9,
2026-08-18T21:05:28+00:00,101242.94,44410.9,
2026-08-18T21:06:28+00:00,101248.83,44410.9,
2026-08-18T21:07:28+00:00,101248.56,44410.9,
2026-08-18T21:08:29+00:00,101215.2,44410.9,
2026-08-18T21:09:29+00:00,101221.15,44410.9,
2026-08-18T21:10:29+00:00,101219.32,44410.9,
2026-08-18T21:11:29+00:00,101216.32,44410.9,
2026-08-18T21:12:29+00:00,101213.62,44410.9,
2026-08-18T21:13:30+00:00,101214.6,44410.9,
2026-08-18T21:14:30+00:00,101214.6,44410.9,
2026-08-18T21:15:30+00:00,101214.32,44410.9,
2026-08-18T21:16:30+00:00,101217.03,44410.9,
2026-08-18T21:17:30+00:00,101222.47,44410.9,
2026-08-18T21:18:31+00:00,101220.93,44410.9,
2026-08-18T21:19:31+00:00,101220.93,44410.9,
2026-08-18T21:20:31+00:00,101235.57,44410.9,
2026-08-18T21:21:31+00:00,101236.27,44410.9,
2026-08-18T21:22:32+00:00,101236.83,44410.9,
2026-08-18T21:23:32+00:00,101230.11,44410.9,
2026-08-18T21:24:32+00:00,101232.49,44410.9,
2026-08-18T21:25:32+00:00,101231.53,44410.9,
2026-08-18T21:26:33+00:00,101229.97,44410.9,
2026-08-18T21:27:33+00:00,101235.92,44410.9,
2026-08-18T21:28:33+00:00,101232.07,44410.9,
2026-08-18T21:29:33+00:00,101230.36,44410.9,
2026-08-18T21:30:33+00:00,101230.56,44410.9,
2026-08-18T21:31:34+00:00,101230.56,44410.9,
2026-08-18T21:32:34+00:00,101231.53,44410.9,
2026-08-18T21:33:34+00:00,101231.53,44410.9,
2026-08-18T21:34:34+00:00,101231.53,44410.9,
2026-08-18T21:35:35+00:00,101231.61,44410.9,
2026-08-18T21:36:35+00:00,101216.41,44410.9,
2026-08-18T21:37:35+00:00,101214.22,44410.9,
2026-08-18T21:38:35+00:00,101216.92,44410.9,
2026-08-18T21:39:35+00:00,101216.92,44410.9,
2026-08-18T21:40:36+00:00,101215.67,44410.9,
2026-08-18T21:41:36+00:00,101207.35,44410.9,
2026-08-18T21:42:36+00:00,101208.59,44410.9,
2026-08-18T21:43:36+00:00,101212.0,44410.9,
2026-08-18T21:44:37+00:00,101212.35,44410.9,
2026-08-18T21:45:37+00:00,101212.68,44410.9,
2026-08-18T21:46:37+00:00,101220.12,44410.9,
2026-08-18T21:47:37+00:00,101215.73,44410.9,
2026-08-18T21:48:37+00:00,101211.4,44410.9,
2026-08-18T21:49:38+00:00,101207.48,44410.9,
2026-08-18T21:50:38+00:00,101203.71,44410.9,
2026-08-18T21:51:38+00:00,101201.33,44410.9,
2026-08-18T21:52:38+00:00,101210.13,44410.9,
2026-08-18T21:53:39+00:00,101208.57,44410.9,
2026-08-18T21:54:39+00:00,101205.82,44410.9,
2026-08-18T21:55:39+00:00,101205.05,44410.9,
2026-08-18T21:56:39+00:00,101205.26,44410.9,
2026-08-18T21:57:39+00:00,101205.53,44410.9,
2026-08-18T21:58:40+00:00,101205.77,44410.9,
2026-08-18T21:59:40+00:00,101213.09,44410.9,
2026-08-18T22:00:40+00:00,101212.39,44410.9,
2026-08-18T22:01:40+00:00,101222.54,44410.9,
2026-08-18T22:02:41+00:00,101219.74,44410.9,
2026-08-18T22:03:41+00:00,101221.63,44410.9,
2026-08-18T22:04:41+00:00,101225.56,44410.9,
2026-08-18T22:05:41+00:00,101228.08,44410.9,
2026-08-18T22:06:41+00:00,101219.33,44410.9,
2026-08-18T22:07:42+00:00,101211.75,44410.9,
2026-08-18T22:08:42+00:00,101211.75,44410.9,
2026-08-18T22:09:43+00:00,101220.78,44410.9,
2026-08-18T22:10:43+00:00,101220.78,44410.9,
2026-08-18T22:11:43+00:00,101220.78,44410.9,
2026-08-18T22:12:43+00:00,101220.78,44410.9,
2026-08-18T22:13:44+00:00,101220.78,44410.9,
2026-08-18T22:14:44+00:00,101220.71,44410.9,
2026-08-18T22:15:45+00:00,101220.08,44410.9,
2026-08-18T22:16:45+00:00,101219.68,44410.9,
2026-08-18T22:17:45+00:00,101220.57,44410.9,
2026-08-18T22:18:45+00:00,101219.31,44410.9,
2026-08-18T22:19:46+00:00,101217.7,44410.9,
2026-08-18T22:20:46+00:00,101226.2,44410.9,
2026-08-18T22:21:46+00:00,101229.01,44410.9,
2026-08-18T22:22:46+00:00,101221.48,44410.9,
2026-08-18T22:23:47+00:00,101221.48,44410.9,
2026-08-18T22:24:47+00:00,101223.56,44410.9,
2026-08-18T22:25:47+00:00,101216.54,44410.9,
2026-08-18T22:26:47+00:00,101210.79,44410.9,
2026-08-18T22:27:47+00:00,101207.09,44410.9,
2026-08-18T22:28:48+00:00,101207.09,44410.9,
2026-08-18T22:29:48+00:00,101205.38,44410.9,
2026-08-18T22:30:48+00:00,101225.66,44410.9,
2026-08-18T22:31:48+00:00,101226.98,44410.9,
2026-08-18T22:32:49+00:00,101232.93,44410.9,
2026-08-18T22:33:49+00:00,101230.53,44410.9,
2026-08-18T22:34:49+00:00,101230.53,44410.9,
2026-08-18T22:35:49+00:00,101243.2,44410.9,
2026-08-18T22:36:49+00:00,101243.2,44410.9,
2026-08-18T22:37:50+00:00,101231.8,44410.9,
2026-08-18T22:38:50+00:00,101232.29,44410.9,
2026-08-18T22:39:50+00:00,101217.1,44410.9,
2026-08-18T22:40:50+00:00,101205.0,44410.9,
2026-08-18T22:41:50+00:00,101204.79,44410.9,
2026-08-18T22:42:51+00:00,101181.81,44410.9,
2026-08-18T22:43:51+00:00,101181.81,44410.9,
2026-08-18T22:44:51+00:00,101188.23,44410.9,
2026-08-18T22:45:51+00:00,101189.83,44410.9,
2026-08-18T22:46:51+00:00,101220.25,44410.9,
2026-08-18T22:47:52+00:00,101233.54,44410.9,
2026-08-18T22:48:52+00:00,101218.91,44410.9,
2026-08-18T22:49:52+00:00,101215.71,44410.9,
2026-08-18T22:50:52+00:00,101213.78,44410.9,
2026-08-18T22:51:53+00:00,101213.78,44410.9,
2026-08-18T22:52:53+00:00,101210.14,44410.9,
2026-08-18T22:53:53+00:00,101203.93,44410.9,
2026-08-18T22:54:53+00:00,101192.3,44410.9,
2026-08-18T22:55:54+00:00,101189.5,44410.9,
2026-08-18T22:56:54+00:00,101189.5,44410.9,
2026-08-18T22:57:55+00:00,101190.82,44410.9,
2026-08-18T22:58:55+00:00,101181.44,44410.9,
2026-08-18T22:59:55+00:00,101189.64,44410.9,
2026-08-18T23:00:55+00:00,101177.83,44410.9,
2026-08-18T23:01:55+00:00,101174.65,44410.9,
2026-08-18T23:02:56+00:00,101183.31,44410.9,
2026-08-18T23:03:56+00:00,101187.52,44410.9,
2026-08-18T23:04:56+00:00,101169.4,44410.9,
2026-08-18T23:12:21+00:00,101158.57,44410.9,
2026-08-18T23:13:21+00:00,101158.57,44410.9,
2026-08-18T23:14:21+00:00,101158.57,44410.9,
2026-08-18T23:15:21+00:00,101159.08,44410.9,
2026-08-18T23:16:22+00:00,101158.57,44410.9,
2026-08-18T23:17:22+00:00,101157.17,44410.9,
2026-08-18T23:18:22+00:00,101157.17,44410.9,
